date,train_id,mileage_km,rolling_stock_cert_days_remaining,signalling_cert_days_remaining,telecom_cert_days_remaining,job_card_status,branding_priority,cleaning_status,cleaning_due,hours_run_today,stabling_location,induction_decision,total_cert_days,certs_critical,maintenance_needed,weekday
2025-03-16,1,119589,8,40,210,Closed,Low,Clean,False,11.3,Track 6,Inducted,258,0,0,6
2025-03-16,2,95204,31,55,217,Closed,Low,Clean,False,1.1,Track 6,Standby,303,0,0,6
2025-03-16,3,87308,63,152,281,Closed,Low,Clean,False,1.2,Track 7,Standby,496,0,0,6
2025-03-16,4,104335,22,47,135,Closed,High,Clean,False,1.0,Track 1,Standby,204,0,0,6
2025-03-16,5,145511,72,38,306,Closed,Medium,Clean,False,1.2,Track 3,Standby,416,0,0,6
2025-03-16,6,190807,19,157,140,Closed,Medium,Clean,False,8.4,Track 14,Inducted,316,0,0,6
2025-03-16,7,113962,71,66,126,Open,High,Clean,False,0.0,Track 4,Maintenance,263,0,1,6
2025-03-16,8,190534,58,121,298,Open,High,Clean,False,0.0,Track 15,Maintenance,477,0,1,6
2025-03-16,9,178064,39,171,154,Closed,Medium,Clean,False,13.0,Track 5,Inducted,364,0,0,6
2025-03-16,10,179325,51,26,238,Closed,High,Scheduled,True,0.7,Track 4,Standby,315,0,0,6
2025-03-16,11,157732,73,148,172,Closed,Low,Clean,False,13.0,Track 3,Inducted,393,0,0,6
2025-03-16,12,82871,52,141,220,Closed,Medium,Clean,False,13.2,Track 9,Inducted,413,0,0,6
2025-03-16,13,134274,23,109,188,Closed,Low,Clean,False,8.8,Track 4,Inducted,320,0,0,6
2025-03-16,14,180593,28,7,242,Open,Low,Clean,False,0.0,Track 9,Maintenance,277,1,1,6
2025-03-16,15,50623,75,155,101,Closed,High,Clean,False,12.7,Track 5,Inducted,331,0,0,6
2025-03-16,16,81239,53,55,16,Closed,Medium,Clean,False,1.0,Track 4,Standby,124,0,0,6
2025-03-16,17,174130,74,55,314,Closed,Medium,Clean,False,13.5,Track 12,Inducted,443,0,0,6
2025-03-16,18,51151,41,27,223,Closed,Medium,Clean,False,12.8,Track 1,Inducted,291,0,0,6
2025-03-16,19,184753,82,7,160,Closed,High,Clean,False,1.1,Track 15,Standby,249,1,0,6
2025-03-16,20,137218,64,90,236,Closed,Low,Clean,False,1.4,Track 11,Standby,390,0,0,6
2025-03-16,21,61125,20,148,13,Open,Medium,Clean,False,0.0,Track 1,Maintenance,181,0,1,6
2025-03-16,22,115027,6,107,281,Closed,High,Clean,False,0.6,Track 2,Standby,394,1,0,6
2025-03-16,23,144301,53,152,91,Closed,High,Clean,False,0.8,Track 1,Standby,296,0,0,6
2025-03-16,24,120649,47,31,340,Open,Medium,Clean,False,0.0,Track 3,Maintenance,418,0,1,6
2025-03-16,25,69697,80,44,160,Closed,Low,Clean,False,0.8,Track 13,Standby,284,0,0,6
2025-03-17,1,119619,7,39,209,Closed,Low,Clean,False,1.1,Track 15,Standby,255,1,0,0
2025-03-17,2,95254,30,54,216,Closed,Low,Clean,False,0.6,Track 8,Standby,300,0,0,0
2025-03-17,3,87308,62,151,280,Open,Low,Clean,False,0.0,Track 1,Maintenance,493,0,1,0
2025-03-17,4,104676,21,46,134,Closed,High,Clean,False,11.8,Track 11,Inducted,201,0,0,0
2025-03-17,5,145511,71,37,305,Open,Medium,Clean,False,0.0,Track 14,Maintenance,413,0,1,0
2025-03-17,6,191279,18,156,139,Closed,Medium,Clean,False,11.8,Track 14,Inducted,313,0,0,0
2025-03-17,7,114313,70,65,125,Closed,High,Clean,False,9.8,Track 15,Inducted,260,0,0,0
2025-03-17,8,190571,57,120,297,Closed,High,Clean,False,0.9,Track 6,Standby,474,0,0,0
2025-03-17,9,178503,38,170,153,Closed,Medium,Clean,False,12.8,Track 9,Inducted,361,0,0,0
2025-03-17,10,179343,50,25,237,Closed,High,Clean,False,1.2,Track 11,Standby,312,0,0,0
2025-03-17,11,158256,72,147,171,Closed,Low,Clean,False,9.8,Track 15,Inducted,390,0,0,0
2025-03-17,12,82892,51,140,219,Closed,Medium,Clean,False,1.0,Track 12,Standby,410,0,0,0
2025-03-17,13,134274,22,108,187,Open,Low,Clean,False,0.0,Track 6,Maintenance,317,0,1,0
2025-03-17,14,181078,27,6,241,Closed,Low,Clean,False,10.8,Track 8,Inducted,274,1,0,0
2025-03-17,15,50623,74,154,100,Open,High,Clean,False,0.0,Track 7,Maintenance,328,0,1,0
2025-03-17,16,81803,52,54,15,Closed,Medium,Clean,False,11.6,Track 2,Inducted,121,0,0,0
2025-03-17,17,174130,73,54,313,Open,Medium,Clean,False,0.0,Track 2,Maintenance,440,0,1,0
2025-03-17,18,51198,40,26,222,Closed,Medium,Clean,False,0.8,Track 8,Standby,288,0,0,0
2025-03-17,19,184779,81,6,159,Closed,High,Clean,False,1.0,Track 8,Standby,246,1,0,0
2025-03-17,20,137218,63,89,235,Open,Low,Clean,False,0.0,Track 8,Maintenance,387,0,1,0
2025-03-17,21,61445,19,147,12,Closed,Medium,Clean,False,11.0,Track 1,Inducted,178,0,0,0
2025-03-17,22,115342,5,106,280,Closed,High,Clean,False,11.6,Track 5,Inducted,391,1,0,0
2025-03-17,23,144814,52,151,90,Closed,High,Clean,False,11.2,Track 8,Inducted,293,0,0,0
2025-03-17,24,121015,46,30,339,Closed,Medium,Clean,False,12.6,Track 5,Inducted,415,0,0,0
2025-03-17,25,69714,79,43,159,Closed,Low,Clean,False,1.2,Track 14,Standby,281,0,0,0
2025-03-18,1,120124,6,38,208,Closed,Low,Clean,False,8.9,Track 1,Inducted,252,1,0,1
2025-03-18,2,95284,29,53,215,Closed,Low,Clean,False,1.4,Track 13,Standby,297,0,0,1
2025-03-18,3,87308,61,150,279,Open,Low,Clean,False,0.0,Track 11,Maintenance,490,0,1,1
2025-03-18,4,105073,20,45,133,Closed,High,Clean,False,10.4,Track 6,Inducted,198,0,0,1
2025-03-18,5,145975,70,36,304,Closed,Medium,Clean,False,13.7,Track 7,Inducted,410,0,0,1
2025-03-18,6,191296,17,155,138,Closed,Medium,Clean,False,0.6,Track 14,Standby,310,0,0,1
2025-03-18,7,114333,69,64,124,Closed,High,Clean,False,0.8,Track 12,Standby,257,0,0,1
2025-03-18,8,191119,56,119,296,Closed,High,Clean,False,12.2,Track 13,Inducted,471,0,0,1
2025-03-18,9,179085,37,169,152,Closed,Medium,Clean,False,12.2,Track 13,Inducted,358,0,0,1
2025-03-18,10,179717,49,24,236,Closed,High,Clean,False,12.4,Track 9,Inducted,309,0,0,1
2025-03-18,11,158846,71,146,170,Closed,Low,Clean,False,9.3,Track 12,Inducted,387,0,0,1
2025-03-18,12,83343,50,139,218,Closed,Medium,Clean,False,10.2,Track 2,Inducted,407,0,0,1
2025-03-18,13,134274,21,107,186,Open,Low,Clean,False,0.0,Track 3,Maintenance,314,0,1,1
2025-03-18,14,181477,26,5,240,Closed,Low,Clean,False,10.2,Track 10,Inducted,271,1,0,1
2025-03-18,15,50657,73,153,99,Closed,High,Clean,False,1.0,Track 4,Standby,325,0,0,1
2025-03-18,16,81832,51,53,14,Closed,Medium,Clean,False,1.4,Track 4,Standby,118,0,0,1
2025-03-18,17,174140,72,53,312,Closed,Medium,Clean,False,0.9,Track 10,Standby,437,0,0,1
2025-03-18,18,51236,39,25,221,Closed,Medium,Clean,False,1.4,Track 3,Standby,285,0,0,1
2025-03-18,19,184779,80,5,158,Open,High,Clean,False,0.0,Track 3,Maintenance,243,1,1,1
2025-03-18,20,137762,62,88,234,Closed,Low,Clean,False,9.2,Track 6,Inducted,384,0,0,1
2025-03-18,21,61445,18,146,11,Open,Medium,Clean,False,0.0,Track 15,Maintenance,175,0,1,1
2025-03-18,22,115675,4,105,279,Closed,High,Clean,False,9.2,Track 11,Inducted,388,1,0,1
2025-03-18,23,144814,51,150,89,Open,High,Clean,False,0.0,Track 8,Maintenance,290,0,1,1
2025-03-18,24,121610,45,29,338,Closed,Medium,Clean,False,13.1,Track 1,Inducted,412,0,0,1
2025-03-18,25,69743,78,42,158,Closed,Low,Clean,False,0.8,Track 14,Standby,278,0,0,1
2025-03-19,1,120715,5,37,207,Closed,Low,Clean,False,9.1,Track 1,Inducted,249,1,0,2
2025-03-19,2,95316,28,52,214,Closed,Low,Clean,False,0.5,Track 14,Standby,294,0,0,2
2025-03-19,3,87324,60,149,278,Closed,Low,Clean,False,0.6,Track 14,Standby,487,0,0,2
2025-03-19,4,105475,19,44,132,Closed,High,Clean,False,10.3,Track 6,Inducted,195,0,0,2
2025-03-19,5,146439,69,35,303,Closed,Medium,Clean,False,11.2,Track 1,Inducted,407,0,0,2
2025-03-19,6,191296,16,154,137,Open,Medium,Clean,False,0.0,Track 10,Maintenance,307,0,1,2
2025-03-19,7,114644,68,63,123,Closed,High,Clean,False,9.1,Track 1,Inducted,254,0,0,2
2025-03-19,8,191624,55,118,295,Closed,High,Clean,False,8.8,Track 2,Inducted,468,0,0,2
2025-03-19,9,179129,36,168,151,Closed,Medium,Clean,False,1.3,Track 1,Standby,355,0,0,2
2025-03-19,10,179767,48,23,235,Closed,High,Clean,False,1.0,Track 3,Standby,306,0,0,2
2025-03-19,11,158846,70,145,169,Open,Low,Clean,False,0.0,Track 4,Maintenance,384,0,1,2
2025-03-19,12,83922,49,138,217,Closed,Medium,Clean,False,12.2,Track 3,Inducted,404,0,0,2
2025-03-19,13,134307,20,106,185,Closed,Low,Scheduled,True,0.7,Track 12,Standby,311,0,0,2
2025-03-19,14,181486,25,4,239,Closed,Low,Clean,False,1.0,Track 15,Standby,268,1,0,2
2025-03-19,15,51014,72,152,98,Closed,High,Clean,False,9.3,Track 2,Inducted,322,0,0,2
2025-03-19,16,81832,50,52,13,Open,Medium,Clean,False,0.0,Track 12,Maintenance,115,0,1,2
2025-03-19,17,174145,71,52,311,Closed,Medium,Clean,False,1.4,Track 8,Standby,434,0,0,2
2025-03-19,18,51607,38,24,220,Closed,Medium,Clean,False,13.2,Track 4,Inducted,282,0,0,2
2025-03-19,19,184779,79,4,157,Open,High,Clean,False,0.0,Track 14,Maintenance,240,1,1,2
2025-03-19,20,137786,61,87,233,Closed,Low,Clean,False,1.5,Track 9,Standby,381,0,0,2
2025-03-19,21,61985,17,145,10,Closed,Medium,Clean,False,12.3,Track 14,Inducted,172,0,0,2
2025-03-19,22,115675,3,104,278,Open,High,Clean,False,0.0,Track 6,Maintenance,385,1,1,2
2025-03-19,23,145369,50,149,88,Closed,High,Clean,False,13.9,Track 14,Inducted,287,0,0,2
2025-03-19,24,121658,44,28,337,Closed,Medium,Clean,False,1.3,Track 11,Standby,409,0,0,2
2025-03-19,25,69778,77,41,157,Closed,Low,Clean,False,0.9,Track 9,Standby,275,0,0,2
2025-03-20,1,120732,4,36,206,Closed,Low,Clean,False,1.5,Track 15,Standby,246,1,0,3
2025-03-20,2,95323,27,51,213,Closed,Low,Clean,False,1.0,Track 13,Standby,291,0,0,3
2025-03-20,3,87765,59,148,277,Closed,Low,Clean,False,9.1,Track 12,Inducted,484,0,0,3
2025-03-20,4,105886,18,43,131,Closed,High,Clean,False,12.5,Track 1,Inducted,192,0,0,3
2025-03-20,5,146844,68,34,302,Closed,Medium,Clean,False,10.7,Track 14,Inducted,404,0,0,3
2025-03-20,6,191333,15,153,136,Closed,Medium,Scheduled,True,0.5,Track 15,Standby,304,0,0,3
2025-03-20,7,114644,67,62,122,Open,High,Clean,False,0.0,Track 14,Maintenance,251,0,1,3
2025-03-20,8,191653,54,117,294,Closed,High,Clean,False,1.4,Track 1,Standby,465,0,0,3
2025-03-20,9,179177,35,167,150,Closed,Medium,Clean,False,0.9,Track 1,Standby,352,0,0,3
2025-03-20,10,180299,47,22,234,Closed,High,Clean,False,10.1,Track 1,Inducted,303,0,0,3
2025-03-20,11,159234,69,144,168,Closed,Low,Clean,False,10.5,Track 6,Inducted,381,0,0,3
2025-03-20,12,84476,48,137,216,Closed,Medium,Clean,False,11.6,Track 11,Inducted,401,0,0,3
2025-03-20,13,134856,19,105,184,Closed,Low,Clean,False,12.8,Track 10,Inducted,308,0,0,3
2025-03-20,14,181794,24,3,238,Closed,Low,Clean,False,10.8,Track 14,Inducted,265,1,0,3
2025-03-20,15,51015,71,151,97,Closed,High,Clean,False,1.4,Track 2,Standby,319,0,0,3
2025-03-20,16,81854,49,51,12,Closed,Medium,Clean,False,0.9,Track 8,Standby,112,0,0,3
2025-03-20,17,174447,70,51,310,Closed,Medium,Clean,False,8.1,Track 11,Inducted,431,0,0,3
2025-03-20,18,51646,37,23,219,Closed,Medium,Clean,False,1.2,Track 10,Standby,279,0,0,3
2025-03-20,19,184782,78,3,156,Closed,High,Clean,False,0.7,Track 7,Standby,237,1,0,3
2025-03-20,20,138279,60,86,232,Closed,Low,Clean,False,11.1,Track 2,Inducted,378,0,0,3
2025-03-20,21,62383,16,144,9,Closed,Medium,Clean,False,9.7,Track 4,Inducted,169,0,0,3
2025-03-20,22,115725,2,103,277,Closed,High,Clean,False,0.8,Track 3,Standby,382,1,0,3
2025-03-20,23,145418,49,148,87,Closed,High,Clean,False,0.8,Track 4,Standby,284,0,0,3
2025-03-20,24,122090,43,27,336,Closed,Medium,Clean,False,8.9,Track 2,Inducted,406,0,0,3
2025-03-20,25,69805,76,40,156,Closed,Low,Clean,False,1.3,Track 2,Standby,272,0,0,3
2025-03-21,1,120732,3,35,205,Open,Low,Clean,False,0.0,Track 2,Maintenance,243,1,1,4
2025-03-21,2,95890,26,50,212,Closed,Low,Clean,False,13.5,Track 9,Inducted,288,0,0,4
2025-03-21,3,87801,58,147,276,Closed,Low,Clean,False,1.4,Track 13,Standby,481,0,0,4
2025-03-21,4,106396,17,42,130,Closed,High,Clean,False,11.5,Track 11,Inducted,189,0,0,4
2025-03-21,5,147312,67,33,301,Closed,Medium,Clean,False,9.1,Track 14,Inducted,401,0,0,4
2025-03-21,6,191333,14,152,135,Open,Medium,Clean,False,0.0,Track 12,Maintenance,301,0,1,4
2025-03-21,7,115035,66,61,121,Closed,High,Clean,False,8.5,Track 14,Inducted,248,0,0,4
2025-03-21,8,191662,53,116,293,Closed,High,Scheduled,True,1.0,Track 12,Standby,462,0,0,4
2025-03-21,9,179482,34,166,149,Closed,Medium,Clean,False,12.6,Track 1,Inducted,349,0,0,4
2025-03-21,10,180669,46,21,233,Closed,High,Clean,False,12.2,Track 13,Inducted,300,0,0,4
2025-03-21,11,159248,68,143,167,Closed,Low,Clean,False,0.9,Track 10,Standby,378,0,0,4
2025-03-21,12,84796,47,136,215,Closed,Medium,Clean,False,13.0,Track 9,Inducted,398,0,0,4
2025-03-21,13,134856,18,104,183,Open,Low,Clean,False,0.0,Track 5,Maintenance,305,0,1,4
2025-03-21,14,182319,23,2,237,Closed,Low,Clean,False,11.4,Track 3,Inducted,262,1,0,4
2025-03-21,15,51019,70,150,96,Closed,High,Scheduled,True,1.0,Track 7,Standby,316,0,0,4
2025-03-21,16,82391,48,50,11,Closed,Medium,Clean,False,12.7,Track 15,Inducted,109,0,0,4
2025-03-21,17,174447,69,50,309,Open,Medium,Clean,False,0.0,Track 8,Maintenance,428,0,1,4
2025-03-21,18,51681,36,22,218,Closed,Medium,Clean,False,1.4,Track 9,Standby,276,0,0,4
2025-03-21,19,185376,77,2,155,Closed,High,Clean,False,11.1,Track 6,Inducted,234,1,0,4
2025-03-21,20,138279,59,85,231,Open,Low,Clean,False,0.0,Track 2,Maintenance,375,0,1,4
2025-03-21,21,62944,15,143,8,Closed,Medium,Clean,False,13.7,Track 8,Inducted,166,0,0,4
2025-03-21,22,115725,1,102,276,Open,High,Clean,False,0.0,Track 15,Maintenance,379,1,1,4
2025-03-21,23,145439,48,147,86,Closed,High,Clean,False,0.9,Track 6,Standby,281,0,0,4
2025-03-21,24,122133,42,26,335,Closed,Medium,Clean,False,1.1,Track 15,Standby,403,0,0,4
2025-03-21,25,69805,75,39,155,Open,Low,Clean,False,0.0,Track 11,Maintenance,269,0,1,4
2025-03-22,1,120732,2,34,204,Open,Low,Clean,False,0.0,Track 10,Maintenance,240,1,1,5
2025-03-22,2,95898,25,49,211,Closed,Low,Clean,False,0.9,Track 13,Standby,285,0,0,5
2025-03-22,3,88235,57,146,275,Closed,Low,Clean,False,8.6,Track 9,Inducted,478,0,0,5
2025-03-22,4,106420,16,41,129,Closed,High,Clean,False,0.6,Track 12,Standby,186,0,0,5
2025-03-22,5,147344,66,32,300,Closed,Medium,Clean,False,1.5,Track 2,Standby,398,0,0,5
2025-03-22,6,191354,13,151,134,Closed,Medium,Clean,False,1.4,Track 13,Standby,298,0,0,5
2025-03-22,7,115037,65,60,120,Closed,High,Clean,False,1.4,Track 14,Standby,245,0,0,5
2025-03-22,8,191696,52,115,292,Closed,High,Clean,False,1.3,Track 7,Standby,459,0,0,5
2025-03-22,9,179482,33,165,148,Open,Medium,Clean,False,0.0,Track 12,Maintenance,346,0,1,5
2025-03-22,10,180681,45,20,232,Closed,High,Clean,False,1.4,Track 9,Standby,297,0,0,5
2025-03-22,11,159248,67,142,166,Open,Low,Clean,False,0.0,Track 8,Maintenance,375,0,1,5
2025-03-22,12,84824,46,135,214,Closed,Medium,Clean,False,1.1,Track 10,Standby,395,0,0,5
2025-03-22,13,135393,17,103,182,Closed,Low,Clean,False,13.6,Track 10,Inducted,302,0,0,5
2025-03-22,14,182624,22,1,236,Closed,Low,Clean,False,11.2,Track 5,Inducted,259,1,0,5
2025-03-22,15,51346,69,149,95,Closed,High,Clean,False,12.8,Track 12,Inducted,313,0,0,5
2025-03-22,16,82406,47,49,10,Closed,Medium,Clean,False,0.7,Track 6,Standby,106,0,0,5
2025-03-22,17,174491,68,49,308,Closed,Medium,Clean,False,1.2,Track 1,Standby,425,0,0,5
2025-03-22,18,51681,35,21,217,Open,Medium,Clean,False,0.0,Track 7,Maintenance,273,0,1,5
2025-03-22,19,185403,76,1,154,Closed,High,Clean,False,0.8,Track 12,Standby,231,1,0,5
2025-03-22,20,138306,58,84,230,Closed,Low,Clean,False,1.4,Track 7,Standby,372,0,0,5
2025-03-22,21,62973,14,142,7,Closed,Medium,Clean,False,1.3,Track 4,Standby,163,1,0,5
2025-03-22,22,115725,90,101,275,Open,High,Clean,False,0.0,Track 7,Maintenance,466,0,1,5
2025-03-22,23,145439,47,146,85,Open,High,Clean,False,0.0,Track 10,Maintenance,278,0,1,5
2025-03-22,24,122133,41,25,334,Open,Medium,Clean,False,0.0,Track 4,Maintenance,400,0,1,5
2025-03-22,25,70205,74,38,154,Closed,Low,Clean,False,8.3,Track 4,Inducted,266,0,0,5
2025-03-23,1,121163,1,33,203,Closed,Low,Clean,False,12.3,Track 4,Inducted,237,1,0,6
2025-03-23,2,95906,24,48,210,Closed,Low,Clean,False,0.8,Track 5,Standby,282,0,0,6
2025-03-23,3,88252,56,145,274,Closed,Low,Clean,False,0.6,Track 15,Standby,475,0,0,6
2025-03-23,4,106430,15,40,128,Closed,High,Clean,False,0.8,Track 9,Standby,183,0,0,6
2025-03-23,5,147354,65,31,299,Closed,Medium,Clean,True,1.3,Track 15,Standby,395,0,0,6
2025-03-23,6,191809,12,150,133,Closed,Medium,Clean,False,8.7,Track 11,Inducted,295,0,0,6
2025-03-23,7,115037,64,59,119,Open,High,Clean,False,0.0,Track 9,Maintenance,242,0,1,6
2025-03-23,8,191709,51,114,291,Closed,High,Clean,False,1.1,Track 15,Standby,456,0,0,6
2025-03-23,9,179497,32,164,147,Closed,Medium,Clean,False,0.6,Track 14,Standby,343,0,0,6
2025-03-23,10,181229,44,19,231,Closed,High,Clean,False,14.0,Track 5,Inducted,294,0,0,6
2025-03-23,11,159248,66,141,165,Open,Low,Scheduled,True,0.0,Track 1,Maintenance,372,0,1,6
2025-03-23,12,84839,45,134,213,Closed,Medium,Clean,False,1.1,Track 7,Standby,392,0,0,6
2025-03-23,13,135826,16,102,181,Closed,Low,Clean,False,9.2,Track 7,Inducted,299,0,0,6
2025-03-23,14,182624,21,180,235,Open,Low,Clean,False,0.0,Track 5,Maintenance,436,0,1,6
2025-03-23,15,51388,68,148,94,Closed,High,Clean,False,0.5,Track 7,Standby,310,0,0,6
2025-03-23,16,82786,46,48,9,Closed,Medium,Clean,False,9.8,Track 12,Inducted,103,0,0,6
2025-03-23,17,174814,67,48,307,Closed,Medium,Clean,False,10.5,Track 13,Inducted,422,0,0,6
2025-03-23,18,52195,34,20,216,Closed,Medium,Clean,False,13.3,Track 13,Inducted,270,0,0,6
2025-03-23,19,185441,75,180,153,Closed,High,Clean,False,0.6,Track 15,Standby,408,0,0,6
2025-03-23,20,138311,57,83,229,Closed,Low,Clean,False,1.2,Track 9,Standby,369,0,0,6
2025-03-23,21,63317,13,141,6,Closed,Medium,Clean,False,9.8,Track 4,Inducted,160,1,0,6
2025-03-23,22,116321,89,100,274,Closed,High,Clean,False,9.9,Track 10,Inducted,463,0,0,6
2025-03-23,23,145459,46,145,84,Closed,High,Clean,False,1.4,Track 5,Standby,275,0,0,6
2025-03-23,24,122133,40,24,333,Open,Medium,Clean,False,0.0,Track 2,Maintenance,397,0,1,6
2025-03-23,25,70219,73,37,153,Closed,Low,Clean,False,1.2,Track 10,Standby,263,0,0,6
2025-03-24,1,121470,90,32,202,Closed,Low,Clean,False,11.7,Track 1,Inducted,324,0,0,0
2025-03-24,2,95913,23,47,209,Closed,Low,Clean,False,0.5,Track 6,Standby,279,0,0,0
2025-03-24,3,88720,55,144,273,Closed,Low,Clean,False,10.1,Track 12,Inducted,472,0,0,0
2025-03-24,4,106430,14,39,127,Open,High,Clean,False,0.0,Track 4,Maintenance,180,0,1,0
2025-03-24,5,147354,64,30,298,Open,Medium,Clean,True,0.0,Track 7,Maintenance,392,0,1,0
2025-03-24,6,192137,11,149,132,Closed,Medium,Clean,False,13.7,Track 8,Inducted,292,0,0,0
2025-03-24,7,115410,63,58,118,Closed,High,Clean,False,9.2,Track 4,Inducted,239,0,0,0
2025-03-24,8,192074,50,113,290,Closed,High,Clean,False,13.5,Track 8,Inducted,453,0,0,0
2025-03-24,9,179529,31,163,146,Closed,Medium,Clean,False,0.9,Track 1,Standby,340,0,0,0
2025-03-24,10,181270,43,18,230,Closed,High,Clean,False,0.6,Track 7,Standby,291,0,0,0
2025-03-24,11,159623,65,140,164,Closed,Low,Clean,True,9.6,Track 8,Inducted,369,0,0,0
2025-03-24,12,84874,44,133,212,Closed,Medium,Clean,False,1.2,Track 5,Standby,389,0,0,0
2025-03-24,13,135826,15,101,180,Open,Low,Clean,False,0.0,Track 13,Maintenance,296,0,1,0
2025-03-24,14,183116,20,179,234,Closed,Low,Clean,False,11.1,Track 8,Inducted,433,0,0,0
2025-03-24,15,51958,67,147,93,Closed,High,Clean,False,10.6,Track 6,Inducted,307,0,0,0
2025-03-24,16,82804,45,47,8,Closed,Medium,Clean,False,1.1,Track 8,Standby,100,0,0,0
2025-03-24,17,175301,66,47,306,Closed,Medium,Clean,False,10.1,Track 14,Inducted,419,0,0,0
2025-03-24,18,52723,33,19,215,Closed,Medium,Clean,False,9.0,Track 1,Inducted,267,0,0,0
2025-03-24,19,185472,74,179,152,Closed,High,Clean,False,1.1,Track 8,Standby,405,0,0,0
2025-03-24,20,138345,56,82,228,Closed,Low,Scheduled,True,0.8,Track 15,Standby,366,0,0,0
2025-03-24,21,63843,12,140,5,Closed,Medium,Clean,False,9.3,Track 11,Inducted,157,1,0,0
2025-03-24,22,116362,88,99,273,Closed,High,Clean,False,1.3,Track 7,Standby,460,0,0,0
2025-03-24,23,145887,45,144,83,Closed,High,Clean,False,11.6,Track 13,Inducted,272,0,0,0
2025-03-24,24,122535,39,23,332,Closed,Medium,Clean,False,11.6,Track 12,Inducted,394,0,0,0
2025-03-24,25,70249,72,36,152,Closed,Low,Clean,False,1.3,Track 5,Standby,260,0,0,0
2025-03-25,1,121968,89,31,201,Closed,Low,Clean,False,11.9,Track 5,Inducted,321,0,0,1
2025-03-25,2,96229,22,46,208,Closed,Low,Clean,False,13.3,Track 14,Inducted,276,0,0,1
2025-03-25,3,89074,54,143,272,Closed,Low,Clean,False,11.8,Track 6,Inducted,469,0,0,1
2025-03-25,4,106449,13,38,126,Closed,High,Clean,False,0.7,Track 5,Standby,177,0,0,1
2025-03-25,5,147387,63,29,297,Closed,Medium,Scheduled,True,0.7,Track 15,Standby,389,0,0,1
2025-03-25,6,192137,10,148,131,Open,Medium,Clean,False,0.0,Track 7,Maintenance,289,0,1,1
2025-03-25,7,115719,62,57,117,Closed,High,Clean,False,12.3,Track 5,Inducted,236,0,0,1
2025-03-25,8,192074,49,112,289,Open,High,Clean,False,0.0,Track 14,Maintenance,450,0,1,1
2025-03-25,9,179549,30,162,145,Closed,Medium,Clean,False,1.5,Track 15,Standby,337,0,0,1
2025-03-25,10,181270,42,17,229,Open,High,Clean,False,0.0,Track 15,Maintenance,288,0,1,1
2025-03-25,11,159623,64,139,163,Open,Low,Clean,True,0.0,Track 2,Maintenance,366,0,1,1
2025-03-25,12,84898,43,132,211,Closed,Medium,Clean,False,0.6,Track 2,Standby,386,0,0,1
2025-03-25,13,135826,14,100,179,Open,Low,Clean,False,0.0,Track 3,Maintenance,293,0,1,1
2025-03-25,14,183116,19,178,233,Open,Low,Clean,False,0.0,Track 14,Maintenance,430,0,1,1
2025-03-25,15,51958,66,146,92,Open,High,Clean,False,0.0,Track 13,Maintenance,304,0,1,1
2025-03-25,16,83325,44,46,7,Closed,Medium,Clean,False,9.1,Track 13,Inducted,97,1,0,1
2025-03-25,17,175311,65,46,305,Closed,Medium,Clean,False,1.4,Track 8,Standby,416,0,0,1
2025-03-25,18,52762,32,18,214,Closed,Medium,Clean,False,1.2,Track 7,Standby,264,0,0,1
2025-03-25,19,185512,73,178,151,Closed,High,Clean,False,1.2,Track 7,Standby,402,0,0,1
2025-03-25,20,138863,55,81,227,Closed,Low,Clean,False,11.3,Track 1,Inducted,363,0,0,1
2025-03-25,21,64164,11,139,4,Closed,Medium,Clean,False,10.8,Track 8,Inducted,154,1,0,1
2025-03-25,22,116756,87,98,272,Closed,High,Clean,False,9.2,Track 10,Inducted,457,0,0,1
2025-03-25,23,145898,44,143,82,Closed,High,Clean,False,0.7,Track 10,Standby,269,0,0,1
2025-03-25,24,122535,38,22,331,Open,Medium,Clean,False,0.0,Track 6,Maintenance,391,0,1,1
2025-03-25,25,70249,71,35,151,Open,Low,Clean,False,0.0,Track 13,Maintenance,257,0,1,1
2025-03-26,1,122543,88,30,200,Closed,Low,Clean,False,11.6,Track 2,Inducted,318,0,0,2
2025-03-26,2,96229,21,45,207,Open,Low,Clean,False,0.0,Track 7,Maintenance,273,0,1,2
2025-03-26,3,89089,53,142,271,Closed,Low,Clean,False,1.3,Track 8,Standby,466,0,0,2
2025-03-26,4,106466,12,37,125,Closed,High,Clean,False,1.3,Track 1,Standby,174,0,0,2
2025-03-26,5,147387,62,28,296,Open,Medium,Clean,False,0.0,Track 6,Maintenance,386,0,1,2
2025-03-26,6,192137,9,147,130,Open,Medium,Clean,False,0.0,Track 10,Maintenance,286,0,1,2
2025-03-26,7,115719,61,56,116,Open,High,Clean,False,0.0,Track 6,Maintenance,233,0,1,2
2025-03-26,8,192074,48,111,288,Open,High,Clean,False,0.0,Track 2,Maintenance,447,0,1,2
2025-03-26,9,179551,29,161,144,Closed,Medium,Clean,False,1.2,Track 3,Standby,334,0,0,2
2025-03-26,10,181599,41,16,228,Closed,High,Clean,False,10.8,Track 11,Inducted,285,0,0,2
2025-03-26,11,159638,63,138,162,Closed,Low,Scheduled,True,1.2,Track 13,Standby,363,0,0,2
2025-03-26,12,85397,42,131,210,Closed,Medium,Clean,False,9.1,Track 15,Inducted,383,0,0,2
2025-03-26,13,135851,13,99,178,Closed,Low,Clean,False,0.8,Track 12,Standby,290,0,0,2
2025-03-26,14,183629,18,177,232,Closed,Low,Clean,False,11.7,Track 4,Inducted,427,0,0,2
2025-03-26,15,52425,65,145,91,Closed,High,Clean,False,10.0,Track 13,Inducted,301,0,0,2
2025-03-26,16,83325,43,45,6,Open,Medium,Clean,False,0.0,Track 15,Maintenance,94,1,1,2
2025-03-26,17,175842,64,45,304,Closed,Medium,Clean,False,8.1,Track 14,Inducted,413,0,0,2
2025-03-26,18,52788,31,17,213,Closed,Medium,Clean,False,0.6,Track 15,Standby,261,0,0,2
2025-03-26,19,185512,72,177,150,Open,High,Clean,False,0.0,Track 6,Maintenance,399,0,1,2
2025-03-26,20,138907,54,80,226,Closed,Low,Clean,False,0.5,Track 10,Standby,360,0,0,2
2025-03-26,21,64519,10,138,3,Closed,Medium,Clean,False,10.1,Track 4,Inducted,151,1,0,2
2025-03-26,22,116759,86,97,271,Closed,High,Clean,False,0.9,Track 6,Standby,454,0,0,2
2025-03-26,23,146449,43,142,81,Closed,High,Clean,False,8.8,Track 11,Inducted,266,0,0,2
2025-03-26,24,122535,37,21,330,Open,Medium,Clean,False,0.0,Track 6,Maintenance,388,0,1,2
2025-03-26,25,70294,70,34,150,Closed,Low,Clean,False,1.0,Track 4,Standby,254,0,0,2
2025-03-27,1,122559,87,29,199,Closed,Low,Clean,False,0.9,Track 7,Standby,315,0,0,3
2025-03-27,2,96269,20,44,206,Closed,Low,Clean,False,1.0,Track 6,Standby,270,0,0,3
2025-03-27,3,89089,52,141,270,Open,Low,Clean,False,0.0,Track 9,Maintenance,463,0,1,3
2025-03-27,4,106505,11,36,124,Closed,High,Clean,False,0.8,Track 10,Standby,171,0,0,3
2025-03-27,5,147744,61,27,295,Closed,Medium,Clean,False,12.2,Track 1,Inducted,383,0,0,3
2025-03-27,6,192152,8,146,129,Closed,Medium,Clean,False,1.0,Track 13,Standby,283,0,0,3
2025-03-27,7,115748,60,55,115,Closed,High,Clean,False,1.1,Track 8,Standby,230,0,0,3
2025-03-27,8,192649,47,110,287,Closed,High,Clean,False,12.1,Track 8,Inducted,444,0,0,3
2025-03-27,9,179551,28,160,143,Open,Medium,Clean,True,0.0,Track 8,Maintenance,331,0,1,3
2025-03-27,10,181635,40,15,227,Closed,High,Clean,False,0.8,Track 11,Standby,282,0,0,3
2025-03-27,11,159668,62,137,161,Closed,Low,Clean,False,0.8,Track 2,Standby,360,0,0,3
2025-03-27,12,85397,41,130,209,Open,Medium,Clean,False,0.0,Track 7,Maintenance,380,0,1,3
2025-03-27,13,136425,12,98,177,Closed,Low,Clean,False,12.4,Track 8,Inducted,287,0,0,3
2025-03-27,14,183629,17,176,231,Open,Low,Clean,False,0.0,Track 7,Maintenance,424,0,1,3
2025-03-27,15,52425,64,144,90,Open,High,Clean,False,0.0,Track 6,Maintenance,298,0,1,3
2025-03-27,16,83325,42,44,5,Open,Medium,Clean,False,0.0,Track 6,Maintenance,91,1,1,3
2025-03-27,17,176299,63,44,303,Closed,Medium,Clean,False,13.6,Track 6,Inducted,410,0,0,3
2025-03-27,18,53279,30,16,212,Closed,Medium,Clean,False,12.9,Track 12,Inducted,258,0,0,3
2025-03-27,19,185962,71,176,149,Closed,High,Clean,False,10.1,Track 2,Inducted,396,0,0,3
2025-03-27,20,138907,53,79,225,Open,Low,Clean,False,0.0,Track 6,Maintenance,357,0,1,3
2025-03-27,21,64861,9,137,2,Closed,Medium,Clean,False,10.7,Track 3,Inducted,148,1,0,3
2025-03-27,22,116774,85,96,270,Closed,High,Clean,False,1.2,Track 6,Standby,451,0,0,3
2025-03-27,23,146467,42,141,80,Closed,High,Clean,False,0.5,Track 12,Standby,263,0,0,3
2025-03-27,24,122535,36,20,329,Open,Medium,Clean,False,0.0,Track 5,Maintenance,385,0,1,3
2025-03-27,25,70840,69,33,149,Closed,Low,Clean,False,9.1,Track 3,Inducted,251,0,0,3
2025-03-28,1,122586,86,28,198,Closed,Low,Clean,False,0.6,Track 12,Standby,312,0,0,4
2025-03-28,2,96313,19,43,205,Closed,Low,Clean,False,0.5,Track 9,Standby,267,0,0,4
2025-03-28,3,89089,51,140,269,Open,Low,Clean,False,0.0,Track 15,Maintenance,460,0,1,4
2025-03-28,4,106527,10,35,123,Closed,High,Clean,False,1.3,Track 12,Standby,168,0,0,4
2025-03-28,5,148056,60,26,294,Closed,Medium,Clean,False,10.1,Track 2,Inducted,380,0,0,4
2025-03-28,6,192453,7,145,128,Closed,Medium,Clean,False,11.8,Track 15,Inducted,280,1,0,4
2025-03-28,7,115748,59,54,114,Open,High,Clean,False,0.0,Track 5,Maintenance,227,0,1,4
2025-03-28,8,192649,46,109,286,Open,High,Clean,False,0.0,Track 8,Maintenance,441,0,1,4
2025-03-28,9,179551,27,159,142,Open,Medium,Scheduled,True,0.0,Track 10,Maintenance,328,0,1,4
2025-03-28,10,182230,39,14,226,Closed,High,Clean,False,12.8,Track 3,Inducted,279,0,0,4
2025-03-28,11,160207,61,136,160,Closed,Low,Clean,False,13.5,Track 8,Inducted,357,0,0,4
2025-03-28,12,85981,40,129,208,Closed,Medium,Clean,False,8.5,Track 9,Inducted,377,0,0,4
2025-03-28,13,136472,11,97,176,Closed,Low,Clean,False,1.0,Track 15,Standby,284,0,0,4
2025-03-28,14,184017,16,175,230,Closed,Low,Clean,False,10.7,Track 5,Inducted,421,0,0,4
2025-03-28,15,52459,63,143,89,Closed,High,Clean,False,0.7,Track 1,Standby,295,0,0,4
2025-03-28,16,83329,41,43,4,Closed,Medium,Clean,False,0.6,Track 1,Standby,88,1,0,4
2025-03-28,17,176844,62,43,302,Closed,Medium,Clean,False,10.7,Track 1,Inducted,407,0,0,4
2025-03-28,18,53729,29,15,211,Closed,Medium,Clean,False,13.6,Track 10,Inducted,255,0,0,4
2025-03-28,19,185962,70,175,148,Open,High,Clean,False,0.0,Track 4,Maintenance,393,0,1,4
2025-03-28,20,139456,52,78,224,Closed,Low,Clean,False,12.3,Track 2,Inducted,354,0,0,4
2025-03-28,21,64861,8,136,1,Open,Medium,Clean,False,0.0,Track 8,Maintenance,145,1,1,4
2025-03-28,22,117272,84,95,269,Closed,High,Clean,False,8.1,Track 15,Inducted,448,0,0,4
2025-03-28,23,146918,41,140,79,Closed,High,Clean,False,8.7,Track 9,Inducted,260,0,0,4
2025-03-28,24,122535,35,19,328,Open,Medium,Clean,False,0.0,Track 11,Maintenance,382,0,1,4
2025-03-28,25,71408,68,32,148,Closed,Low,Clean,False,10.7,Track 13,Inducted,248,0,0,4
2025-03-29,1,123028,85,27,197,Closed,Low,Clean,False,8.4,Track 7,Inducted,309,0,0,5
2025-03-29,2,96313,18,42,204,Open,Low,Clean,False,0.0,Track 4,Maintenance,264,0,1,5
2025-03-29,3,89123,50,139,268,Closed,Low,Clean,False,1.2,Track 11,Standby,457,0,0,5
2025-03-29,4,106893,9,34,122,Closed,High,Clean,False,12.3,Track 2,Inducted,165,0,0,5
2025-03-29,5,148057,59,25,293,Closed,Medium,Clean,False,1.4,Track 8,Standby,377,0,0,5
2025-03-29,6,192796,6,144,127,Closed,Medium,Clean,False,11.9,Track 12,Inducted,277,1,0,5
2025-03-29,7,116272,58,53,113,Closed,High,Clean,False,9.4,Track 4,Inducted,224,0,0,5
2025-03-29,8,192956,45,108,285,Closed,High,Clean,False,13.2,Track 14,Inducted,438,0,0,5
2025-03-29,9,179597,26,158,141,Closed,Medium,Scheduled,True,1.1,Track 9,Standby,325,0,0,5
2025-03-29,10,182670,38,13,225,Closed,High,Clean,False,10.8,Track 15,Inducted,276,0,0,5
2025-03-29,11,160209,60,135,159,Closed,Low,Clean,False,0.6,Track 11,Standby,354,0,0,5
2025-03-29,12,85981,39,128,207,Open,Medium,Clean,False,0.0,Track 9,Maintenance,374,0,1,5
2025-03-29,13,136485,10,96,175,Closed,Low,Clean,False,1.2,Track 15,Standby,281,0,0,5
2025-03-29,14,184017,15,174,229,Open,Low,Clean,False,0.0,Track 2,Maintenance,418,0,1,5
2025-03-29,15,52813,62,142,88,Closed,High,Clean,False,13.5,Track 15,Inducted,292,0,0,5
2025-03-29,16,83329,40,42,3,Open,Medium,Clean,False,0.0,Track 9,Maintenance,85,1,1,5
2025-03-29,17,176885,61,42,301,Closed,Medium,Scheduled,True,1.4,Track 11,Standby,404,0,0,5
2025-03-29,18,53729,28,14,210,Open,Medium,Clean,False,0.0,Track 13,Maintenance,252,0,1,5
2025-03-29,19,185967,69,174,147,Closed,High,Clean,False,1.3,Track 6,Standby,390,0,0,5
2025-03-29,20,139456,51,77,223,Open,Low,Clean,False,0.0,Track 6,Maintenance,351,0,1,5
2025-03-29,21,65440,7,135,365,Closed,Medium,Clean,False,8.3,Track 2,Inducted,507,1,0,5
2025-03-29,22,117280,83,94,268,Closed,High,Clean,False,1.1,Track 12,Standby,445,0,0,5
2025-03-29,23,146927,40,139,78,Closed,High,Clean,False,0.8,Track 13,Standby,257,0,0,5
2025-03-29,24,122549,34,18,327,Closed,Medium,Clean,False,1.0,Track 14,Standby,379,0,0,5
2025-03-29,25,71419,67,31,147,Closed,Low,Clean,False,0.5,Track 6,Standby,245,0,0,5
2025-03-30,1,123582,84,26,196,Closed,Low,Clean,False,13.0,Track 3,Inducted,306,0,0,6
2025-03-30,2,96350,17,41,203,Closed,Low,Scheduled,True,0.5,Track 3,Standby,261,0,0,6
2025-03-30,3,89502,49,138,267,Closed,Low,Clean,False,8.6,Track 5,Inducted,454,0,0,6
2025-03-30,4,106893,8,33,121,Open,High,Clean,False,0.0,Track 1,Maintenance,162,0,1,6
2025-03-30,5,148057,58,24,292,Open,Medium,Clean,False,0.0,Track 5,Maintenance,374,0,1,6
2025-03-30,6,192796,5,143,126,Open,Medium,Clean,False,0.0,Track 9,Maintenance,274,1,1,6
2025-03-30,7,116678,57,52,112,Closed,High,Clean,False,11.7,Track 8,Inducted,221,0,0,6
2025-03-30,8,193314,44,107,284,Closed,High,Clean,False,9.5,Track 3,Inducted,435,0,0,6
2025-03-30,9,179613,25,157,140,Closed,Medium,Clean,False,0.9,Track 3,Standby,322,0,0,6
2025-03-30,10,183097,37,12,224,Closed,High,Clean,False,10.7,Track 5,Inducted,273,0,0,6
2025-03-30,11,160600,59,134,158,Closed,Low,Clean,False,12.1,Track 2,Inducted,351,0,0,6
2025-03-30,12,86019,38,127,206,Closed,Medium,Clean,False,0.6,Track 7,Standby,371,0,0,6
2025-03-30,13,136864,9,95,174,Closed,Low,Clean,False,11.0,Track 14,Inducted,278,0,0,6
2025-03-30,14,184017,14,173,228,Open,Low,Clean,False,0.0,Track 11,Maintenance,415,0,1,6
2025-03-30,15,52829,61,141,87,Closed,High,Clean,False,1.4,Track 11,Standby,289,0,0,6
2025-03-30,16,83363,39,41,2,Closed,Medium,Clean,False,0.8,Track 4,Standby,82,1,0,6
2025-03-30,17,176911,60,41,300,Closed,Medium,Clean,False,0.7,Track 15,Standby,401,0,0,6
2025-03-30,18,54172,27,13,209,Closed,Medium,Clean,False,10.9,Track 8,Inducted,249,0,0,6
2025-03-30,19,185967,68,173,146,Open,High,Scheduled,True,0.0,Track 12,Maintenance,387,0,1,6
2025-03-30,20,139493,50,76,222,Closed,Low,Clean,False,1.2,Track 7,Standby,348,0,0,6
2025-03-30,21,65442,6,134,364,Closed,Medium,Clean,False,1.0,Track 15,Standby,504,1,0,6
2025-03-30,22,117862,82,93,267,Closed,High,Clean,False,12.3,Track 9,Inducted,442,0,0,6
2025-03-30,23,146927,39,138,77,Open,High,Clean,False,0.0,Track 9,Maintenance,254,0,1,6
2025-03-30,24,122597,33,17,326,Closed,Medium,Clean,False,1.1,Track 13,Standby,376,0,0,6
2025-03-30,25,72014,66,30,146,Closed,Low,Clean,False,8.7,Track 8,Inducted,242,0,0,6
2025-03-31,1,123996,83,25,195,Closed,Low,Clean,False,13.6,Track 15,Inducted,303,0,0,0
2025-03-31,2,96381,16,40,202,Closed,Low,Clean,False,1.0,Track 5,Standby,258,0,0,0
2025-03-31,3,89502,48,137,266,Open,Low,Clean,False,0.0,Track 6,Maintenance,451,0,1,0
2025-03-31,4,107401,7,32,120,Closed,High,Clean,True,12.5,Track 2,Inducted,159,1,0,0
2025-03-31,5,148094,57,23,291,Closed,Medium,Clean,False,0.8,Track 15,Standby,371,0,0,0
2025-03-31,6,192829,4,142,125,Closed,Medium,Clean,False,0.8,Track 4,Standby,271,1,0,0
2025-03-31,7,116688,56,51,111,Closed,High,Clean,False,1.1,Track 11,Standby,218,0,0,0
2025-03-31,8,193721,43,106,283,Closed,High,Clean,False,10.6,Track 15,Inducted,432,0,0,0
2025-03-31,9,179624,24,156,139,Closed,Medium,Clean,False,1.0,Track 6,Standby,319,0,0,0
2025-03-31,10,183135,36,11,223,Closed,High,Clean,False,0.7,Track 6,Standby,270,0,0,0
2025-03-31,11,160621,58,133,157,Closed,Low,Clean,False,1.2,Track 4,Standby,348,0,0,0
2025-03-31,12,86589,37,126,205,Closed,Medium,Clean,False,13.2,Track 3,Inducted,368,0,0,0
2025-03-31,13,137259,8,94,173,Closed,Low,Clean,False,8.1,Track 13,Inducted,275,0,0,0
2025-03-31,14,184017,13,172,227,Open,Low,Clean,False,0.0,Track 13,Maintenance,412,0,1,0
2025-03-31,15,53238,60,140,86,Closed,High,Clean,False,9.8,Track 9,Inducted,286,0,0,0
2025-03-31,16,83673,38,40,1,Closed,Medium,Clean,False,11.8,Track 5,Inducted,79,1,0,0
2025-03-31,17,176919,59,40,299,Closed,Medium,Clean,False,0.6,Track 2,Standby,398,0,0,0
2025-03-31,18,54177,26,12,208,Closed,Medium,Clean,False,0.6,Track 11,Standby,246,0,0,0
2025-03-31,19,185986,67,172,145,Closed,High,Scheduled,True,0.8,Track 4,Standby,384,0,0,0
2025-03-31,20,139504,49,75,221,Closed,Low,Clean,False,1.2,Track 5,Standby,345,0,0,0
2025-03-31,21,65480,5,133,363,Closed,Medium,Clean,False,1.3,Track 5,Standby,501,1,0,0
2025-03-31,22,117908,81,92,266,Closed,High,Clean,False,1.0,Track 15,Standby,439,0,0,0
2025-03-31,23,146927,38,137,76,Open,High,Clean,False,0.0,Track 3,Maintenance,251,0,1,0
2025-03-31,24,122597,32,16,325,Open,Medium,Clean,False,0.0,Track 14,Maintenance,373,0,1,0
2025-03-31,25,72056,65,29,145,Closed,Low,Clean,False,1.5,Track 3,Standby,239,0,0,0
2025-04-01,1,124453,82,24,194,Closed,Low,Clean,False,11.7,Track 1,Inducted,300,0,0,1
2025-04-01,2,96421,15,39,201,Closed,Low,Clean,False,1.4,Track 14,Standby,255,0,0,1
2025-04-01,3,89914,47,136,265,Closed,Low,Clean,False,12.8,Track 8,Inducted,448,0,0,1
2025-04-01,4,107404,6,31,119,Closed,High,Scheduled,True,1.4,Track 13,Standby,156,1,0,1
2025-04-01,5,148113,56,22,290,Closed,Medium,Clean,False,1.3,Track 2,Standby,368,0,0,1
2025-04-01,6,192858,3,141,124,Closed,Medium,Clean,False,1.0,Track 4,Standby,268,1,0,1
2025-04-01,7,116698,55,50,110,Closed,High,Clean,False,0.6,Track 3,Standby,215,0,0,1
2025-04-01,8,193768,42,105,282,Closed,High,Clean,False,0.9,Track 2,Standby,429,0,0,1
2025-04-01,9,179671,23,155,138,Closed,Medium,Clean,False,1.5,Track 8,Standby,316,0,0,1
2025-04-01,10,183485,35,10,222,Closed,High,Clean,False,11.0,Track 2,Inducted,267,0,0,1
2025-04-01,11,160641,57,132,156,Closed,Low,Clean,False,0.8,Track 14,Standby,345,0,0,1
2025-04-01,12,86614,36,125,204,Closed,Medium,Clean,False,1.4,Track 1,Standby,365,0,0,1
2025-04-01,13,137298,7,93,172,Closed,Low,Clean,False,1.5,Track 12,Standby,272,1,0,1
2025-04-01,14,184598,12,171,226,Closed,Low,Clean,False,12.1,Track 10,Inducted,409,0,0,1
2025-04-01,15,53238,59,139,85,Open,High,Clean,False,0.0,Track 8,Maintenance,283,0,1,1
2025-04-01,16,83701,37,39,365,Closed,Medium,Clean,False,1.3,Track 4,Standby,441,0,0,1
2025-04-01,17,177346,58,39,298,Closed,Medium,Clean,False,13.1,Track 3,Inducted,395,0,0,1
2025-04-01,18,54206,25,11,207,Closed,Medium,Clean,False,1.0,Track 8,Standby,243,0,0,1
2025-04-01,19,185994,66,171,144,Closed,High,Clean,False,1.3,Track 1,Standby,381,0,0,1
2025-04-01,20,140021,48,74,220,Closed,Low,Clean,False,13.6,Track 13,Inducted,342,0,0,1
2025-04-01,21,65480,4,132,362,Open,Medium,Clean,True,0.0,Track 7,Maintenance,498,1,1,1
2025-04-01,22,117943,80,91,265,Closed,High,Clean,False,1.0,Track 6,Standby,436,0,0,1
2025-04-01,23,147514,37,136,75,Closed,High,Clean,False,10.6,Track 7,Inducted,248,0,0,1
2025-04-01,24,122597,31,15,324,Open,Medium,Clean,False,0.0,Track 14,Maintenance,370,0,1,1
2025-04-01,25,72099,64,28,144,Closed,Low,Clean,False,0.6,Track 5,Standby,236,0,0,1
2025-04-02,1,124916,81,23,193,Closed,Low,Clean,False,13.5,Track 7,Inducted,297,0,0,2
2025-04-02,2,96434,14,38,200,Closed,Low,Clean,False,0.8,Track 4,Standby,252,0,0,2
2025-04-02,3,90298,46,135,264,Closed,Low,Clean,False,8.5,Track 5,Inducted,445,0,0,2
2025-04-02,4,107404,5,30,118,Open,High,Clean,False,0.0,Track 11,Maintenance,153,1,1,2
2025-04-02,5,148142,55,21,289,Closed,Medium,Clean,False,0.9,Track 1,Standby,365,0,0,2
2025-04-02,6,193359,2,140,123,Closed,Medium,Clean,False,8.2,Track 2,Inducted,265,1,0,2
2025-04-02,7,116736,54,49,109,Closed,High,Clean,False,1.2,Track 8,Standby,212,0,0,2
2025-04-02,8,193768,41,104,281,Open,High,Clean,False,0.0,Track 8,Maintenance,426,0,1,2
2025-04-02,9,179692,22,154,137,Closed,Medium,Clean,False,0.5,Track 3,Standby,313,0,0,2
2025-04-02,10,183500,34,9,221,Closed,High,Clean,False,0.5,Track 14,Standby,264,0,0,2
2025-04-02,11,160641,56,131,155,Open,Low,Clean,False,0.0,Track 10,Maintenance,342,0,1,2
2025-04-02,12,87129,35,124,203,Closed,Medium,Clean,False,10.8,Track 9,Inducted,362,0,0,2
2025-04-02,13,137298,6,92,171,Open,Low,Clean,False,0.0,Track 12,Maintenance,269,1,1,2
2025-04-02,14,184629,11,170,225,Closed,Low,Clean,False,0.8,Track 4,Standby,406,0,0,2
2025-04-02,15,53238,58,138,84,Open,High,Clean,False,0.0,Track 8,Maintenance,280,0,1,2
2025-04-02,16,83701,36,38,364,Open,Medium,Clean,False,0.0,Track 1,Maintenance,438,0,1,2
2025-04-02,17,177386,57,38,297,Closed,Medium,Clean,False,0.8,Track 8,Standby,392,0,0,2
2025-04-02,18,54206,24,10,206,Open,Medium,Clean,False,0.0,Track 5,Maintenance,240,0,1,2
2025-04-02,19,186039,65,170,143,Closed,High,Clean,False,0.8,Track 2,Standby,378,0,0,2
2025-04-02,20,140484,47,73,219,Closed,Low,Clean,False,13.1,Track 9,Inducted,339,0,0,2
2025-04-02,21,65498,3,131,361,Closed,Medium,Scheduled,True,0.6,Track 14,Standby,495,1,0,2
2025-04-02,22,117943,79,90,264,Open,High,Clean,False,0.0,Track 15,Maintenance,433,0,1,2
2025-04-02,23,147529,36,135,74,Closed,High,Clean,False,1.4,Track 14,Standby,245,0,0,2
2025-04-02,24,123012,30,14,323,Closed,Medium,Clean,False,8.1,Track 8,Inducted,367,0,0,2
2025-04-02,25,72107,63,27,143,Closed,Low,Clean,False,0.5,Track 5,Standby,233,0,0,2
2025-04-03,1,124916,80,22,192,Open,Low,Clean,True,0.0,Track 11,Maintenance,294,0,1,3
2025-04-03,2,96461,13,37,199,Closed,Low,Clean,False,1.3,Track 4,Standby,249,0,0,3
2025-04-03,3,90315,45,134,263,Closed,Low,Clean,False,1.5,Track 11,Standby,442,0,0,3
2025-04-03,4,107404,4,29,117,Open,High,Clean,False,0.0,Track 11,Maintenance,150,1,1,3
2025-04-03,5,148173,54,20,288,Closed,Medium,Clean,False,0.9,Track 14,Standby,362,0,0,3
2025-04-03,6,193669,1,139,122,Closed,Medium,Clean,False,13.2,Track 2,Inducted,262,1,0,3
2025-04-03,7,117288,53,48,108,Closed,High,Clean,False,10.3,Track 3,Inducted,209,0,0,3
2025-04-03,8,194278,40,103,280,Closed,High,Clean,False,8.5,Track 8,Inducted,423,0,0,3
2025-04-03,9,180214,21,153,136,Closed,Medium,Clean,False,10.9,Track 9,Inducted,310,0,0,3
2025-04-03,10,184091,33,8,220,Closed,High,Clean,False,13.6,Track 8,Inducted,261,0,0,3
2025-04-03,11,160641,55,130,154,Open,Low,Clean,False,0.0,Track 7,Maintenance,339,0,1,3
2025-04-03,12,87679,34,123,202,Closed,Medium,Clean,False,13.6,Track 11,Inducted,359,0,0,3
2025-04-03,13,137301,5,91,170,Closed,Low,Clean,False,0.8,Track 11,Standby,266,1,0,3
2025-04-03,14,185180,10,169,224,Closed,Low,Clean,False,12.8,Track 6,Inducted,403,0,0,3
2025-04-03,15,53238,57,137,83,Open,High,Clean,False,0.0,Track 7,Maintenance,277,0,1,3
2025-04-03,16,83701,35,37,363,Open,Medium,Clean,False,0.0,Track 9,Maintenance,435,0,1,3
2025-04-03,17,177409,56,37,296,Closed,Medium,Clean,False,1.1,Track 11,Standby,389,0,0,3
2025-04-03,18,54206,23,9,205,Open,Medium,Clean,False,0.0,Track 1,Maintenance,237,0,1,3
2025-04-03,19,186039,64,169,142,Open,High,Clean,False,0.0,Track 7,Maintenance,375,0,1,3
2025-04-03,20,140905,46,72,218,Closed,Low,Clean,False,12.8,Track 9,Inducted,336,0,0,3
2025-04-03,21,65498,2,130,360,Open,Medium,Clean,False,0.0,Track 6,Maintenance,492,1,1,3
2025-04-03,22,117943,78,89,263,Open,High,Clean,False,0.0,Track 14,Maintenance,430,0,1,3
2025-04-03,23,147529,35,134,73,Open,High,Clean,False,0.0,Track 8,Maintenance,242,0,1,3
2025-04-03,24,123520,29,13,322,Closed,Medium,Clean,False,8.3,Track 10,Inducted,364,0,0,3
2025-04-03,25,72141,62,26,142,Closed,Low,Clean,False,1.5,Track 13,Standby,230,0,0,3
2025-04-04,1,124950,79,21,191,Closed,Low,Scheduled,True,0.7,Track 2,Standby,291,0,0,4
2025-04-04,2,96502,12,36,198,Closed,Low,Clean,False,1.0,Track 12,Standby,246,0,0,4
2025-04-04,3,90328,44,133,262,Closed,Low,Clean,False,0.9,Track 12,Standby,439,0,0,4
2025-04-04,4,107404,3,28,116,Open,High,Clean,False,0.0,Track 8,Maintenance,147,1,1,4
2025-04-04,5,148707,53,19,287,Closed,Medium,Clean,False,8.9,Track 7,Inducted,359,0,0,4
2025-04-04,6,193703,90,138,121,Closed,Medium,Clean,False,1.1,Track 5,Standby,349,0,0,4
2025-04-04,7,117811,52,47,107,Closed,High,Clean,False,12.1,Track 13,Inducted,206,0,0,4
2025-04-04,8,194278,39,102,279,Open,High,Clean,False,0.0,Track 10,Maintenance,420,0,1,4
2025-04-04,9,180214,20,152,135,Open,Medium,Clean,False,0.0,Track 12,Maintenance,307,0,1,4
2025-04-04,10,184663,32,7,219,Closed,High,Clean,False,9.8,Track 11,Inducted,258,1,0,4
2025-04-04,11,160641,54,129,153,Open,Low,Clean,False,0.0,Track 1,Maintenance,336,0,1,4
2025-04-04,12,87707,33,122,201,Closed,Medium,Clean,False,1.2,Track 15,Standby,356,0,0,4
2025-04-04,13,137745,4,90,169,Closed,Low,Clean,False,9.0,Track 13,Inducted,263,1,0,4
2025-04-04,14,185588,9,168,223,Closed,Low,Clean,False,9.1,Track 3,Inducted,400,0,0,4
2025-04-04,15,53553,56,136,82,Closed,High,Clean,False,12.4,Track 1,Inducted,274,0,0,4
2025-04-04,16,84171,34,36,362,Closed,Medium,Clean,False,10.4,Track 8,Inducted,432,0,0,4
2025-04-04,17,177431,55,36,295,Closed,Medium,Clean,False,1.5,Track 6,Standby,386,0,0,4
2025-04-04,18,54206,22,8,204,Open,Medium,Clean,False,0.0,Track 4,Maintenance,234,0,1,4
2025-04-04,19,186039,63,168,141,Closed,High,Clean,False,1.2,Track 5,Standby,372,0,0,4
2025-04-04,20,140946,45,71,217,Closed,Low,Clean,False,1.4,Track 5,Standby,333,0,0,4
2025-04-04,21,65526,1,129,359,Closed,Medium,Clean,False,1.1,Track 5,Standby,489,1,0,4
2025-04-04,22,118471,77,88,262,Closed,High,Clean,False,9.4,Track 7,Inducted,427,0,0,4
2025-04-04,23,147564,34,133,72,Closed,High,Clean,False,0.6,Track 7,Standby,239,0,0,4
2025-04-04,24,124067,28,12,321,Closed,Medium,Clean,False,11.9,Track 13,Inducted,361,0,0,4
2025-04-04,25,72181,61,25,141,Closed,Low,Clean,False,0.8,Track 5,Standby,227,0,0,4
2025-04-05,1,124953,78,20,190,Closed,Low,Clean,False,0.6,Track 1,Standby,288,0,0,5
2025-04-05,2,96504,11,35,197,Closed,Low,Clean,False,1.0,Track 13,Standby,243,0,0,5
2025-04-05,3,90790,43,132,261,Closed,Low,Clean,True,9.0,Track 15,Inducted,436,0,0,5
2025-04-05,4,107424,2,27,115,Closed,High,Clean,False,1.4,Track 1,Standby,144,1,0,5
2025-04-05,5,148711,52,18,286,Closed,Medium,Clean,False,0.6,Track 9,Standby,356,0,0,5
2025-04-05,6,193743,89,137,120,Closed,Medium,Clean,False,0.6,Track 1,Standby,346,0,0,5
2025-04-05,7,117826,51,46,106,Closed,High,Clean,False,1.1,Track 15,Standby,203,0,0,5
2025-04-05,8,194287,38,101,278,Closed,High,Clean,False,1.1,Track 15,Standby,417,0,0,5
2025-04-05,9,180214,19,151,134,Open,Medium,Clean,False,0.0,Track 5,Maintenance,304,0,1,5
2025-04-05,10,184663,31,6,218,Open,High,Clean,False,0.0,Track 15,Maintenance,255,1,1,5
2025-04-05,11,160641,53,128,152,Open,Low,Clean,False,0.0,Track 8,Maintenance,333,0,1,5
2025-04-05,12,87754,32,121,200,Closed,Medium,Clean,False,1.2,Track 5,Standby,353,0,0,5
2025-04-05,13,138297,3,89,168,Closed,Low,Clean,False,8.3,Track 6,Inducted,260,1,0,5
2025-04-05,14,185594,8,167,222,Closed,Low,Clean,False,0.8,Track 6,Standby,397,0,0,5
2025-04-05,15,54106,55,135,81,Closed,High,Clean,False,10.4,Track 12,Inducted,271,0,0,5
2025-04-05,16,84763,33,35,361,Closed,Medium,Clean,False,12.2,Track 14,Inducted,429,0,0,5
2025-04-05,17,177450,54,35,294,Closed,Medium,Clean,False,1.3,Track 13,Standby,383,0,0,5
2025-04-05,18,54709,21,7,203,Closed,Medium,Clean,False,8.2,Track 7,Inducted,231,1,0,5
2025-04-05,19,186064,62,167,140,Closed,High,Clean,False,0.5,Track 7,Standby,369,0,0,5
2025-04-05,20,141492,44,70,216,Closed,Low,Clean,False,12.0,Track 10,Inducted,330,0,0,5
2025-04-05,21,65526,90,128,358,Open,Medium,Clean,False,0.0,Track 4,Maintenance,576,0,1,5
2025-04-05,22,118841,76,87,261,Closed,High,Clean,False,12.2,Track 4,Inducted,424,0,0,5
2025-04-05,23,147611,33,132,71,Closed,High,Clean,False,1.3,Track 13,Standby,236,0,0,5
2025-04-05,24,124577,27,11,320,Closed,Medium,Clean,False,13.6,Track 6,Inducted,358,0,0,5
2025-04-05,25,72764,60,24,140,Closed,Low,Clean,False,9.9,Track 5,Inducted,224,0,0,5
2025-04-06,1,124961,77,19,189,Closed,Low,Clean,False,1.2,Track 15,Standby,285,0,0,6
2025-04-06,2,96533,10,34,196,Closed,Low,Clean,False,1.3,Track 10,Standby,240,0,0,6
2025-04-06,3,90790,42,131,260,Open,Low,Scheduled,True,0.0,Track 8,Maintenance,433,0,1,6
2025-04-06,4,107833,1,26,114,Closed,High,Clean,False,8.6,Track 11,Inducted,141,1,0,6
2025-04-06,5,149118,51,17,285,Closed,Medium,Clean,False,12.8,Track 1,Inducted,353,0,0,6
2025-04-06,6,194216,88,136,119,Closed,Medium,Clean,False,13.9,Track 7,Inducted,343,0,0,6
2025-04-06,7,118251,50,45,105,Closed,High,Clean,False,11.2,Track 9,Inducted,200,0,0,6
2025-04-06,8,194287,37,100,277,Open,High,Clean,False,0.0,Track 3,Maintenance,414,0,1,6
2025-04-06,9,180797,18,150,133,Closed,Medium,Clean,False,8.2,Track 4,Inducted,301,0,0,6
2025-04-06,10,185063,30,5,217,Closed,High,Clean,False,13.1,Track 13,Inducted,252,1,0,6
2025-04-06,11,161158,52,127,151,Closed,Low,Clean,False,13.4,Track 9,Inducted,330,0,0,6
2025-04-06,12,87787,31,120,199,Closed,Medium,Clean,False,0.6,Track 1,Standby,350,0,0,6
2025-04-06,13,138297,2,88,167,Open,Low,Clean,False,0.0,Track 10,Maintenance,257,1,1,6
2025-04-06,14,185629,7,166,221,Closed,Low,Clean,False,1.4,Track 15,Standby,394,1,0,6
2025-04-06,15,54659,54,134,80,Closed,High,Clean,False,14.0,Track 2,Inducted,268,0,0,6
2025-04-06,16,85233,32,34,360,Closed,Medium,Clean,False,13.7,Track 4,Inducted,426,0,0,6
2025-04-06,17,177450,53,34,293,Open,Medium,Clean,False,0.0,Track 9,Maintenance,380,0,1,6
2025-04-06,18,54755,20,6,202,Closed,Medium,Clean,False,0.7,Track 15,Standby,228,1,0,6
2025-04-06,19,186064,61,166,139,Open,High,Clean,False,0.0,Track 7,Maintenance,366,0,1,6
2025-04-06,20,141492,43,69,215,Open,Low,Clean,False,0.0,Track 2,Maintenance,327,0,1,6
2025-04-06,21,65993,89,127,357,Closed,Medium,Clean,False,10.8,Track 5,Inducted,573,0,0,6
2025-04-06,22,119360,75,86,260,Closed,High,Clean,False,13.4,Track 1,Inducted,421,0,0,6
2025-04-06,23,147611,32,131,70,Open,High,Clean,False,0.0,Track 6,Maintenance,233,0,1,6
2025-04-06,24,124577,26,10,319,Open,Medium,Clean,False,0.0,Track 7,Maintenance,355,0,1,6
2025-04-06,25,72764,59,23,139,Open,Low,Clean,False,0.0,Track 15,Maintenance,221,0,1,6
2025-04-07,1,125439,76,18,188,Closed,Low,Clean,False,8.4,Track 12,Inducted,282,0,0,0
2025-04-07,2,97123,9,33,195,Closed,Low,Clean,False,11.0,Track 8,Inducted,237,0,0,0
2025-04-07,3,90831,41,130,259,Closed,Low,Scheduled,True,0.5,Track 14,Standby,430,0,0,0
2025-04-07,4,107833,90,25,113,Open,High,Clean,False,0.0,Track 13,Maintenance,228,0,1,0
2025-04-07,5,149118,50,16,284,Open,Medium,Clean,False,0.0,Track 15,Maintenance,350,0,1,0
2025-04-07,6,194662,87,135,118,Closed,Medium,Clean,False,10.1,Track 4,Inducted,340,0,0,0
2025-04-07,7,118572,49,44,104,Closed,High,Clean,False,13.8,Track 12,Inducted,197,0,0,0
2025-04-07,8,194287,36,99,276,Open,High,Clean,False,0.0,Track 9,Maintenance,411,0,1,0
2025-04-07,9,180806,17,149,132,Closed,Medium,Clean,False,0.9,Track 15,Standby,298,0,0,0
2025-04-07,10,185416,29,4,216,Closed,High,Clean,False,8.1,Track 2,Inducted,249,1,0,0
2025-04-07,11,161158,51,126,150,Open,Low,Clean,False,0.0,Track 10,Maintenance,327,0,1,0
2025-04-07,12,88312,30,119,198,Closed,Medium,Clean,False,8.8,Track 4,Inducted,347,0,0,0
2025-04-07,13,138301,1,87,166,Closed,Low,Clean,False,0.7,Track 11,Standby,254,1,0,0
2025-04-07,14,185668,6,165,220,Closed,Low,Clean,False,1.4,Track 4,Standby,391,1,0,0
2025-04-07,15,55005,53,133,79,Closed,High,Clean,False,10.8,Track 5,Inducted,265,0,0,0
2025-04-07,16,85255,31,33,359,Closed,Medium,Clean,False,0.5,Track 12,Standby,423,0,0,0
2025-04-07,17,177450,52,33,292,Open,Medium,Clean,False,0.0,Track 8,Maintenance,377,0,1,0
2025-04-07,18,54755,19,5,201,Closed,Medium,Scheduled,True,1.3,Track 1,Standby,225,1,0,0
2025-04-07,19,186100,60,165,138,Closed,High,Clean,False,0.8,Track 1,Standby,363,0,0,0
2025-04-07,20,141492,42,68,214,Open,Low,Clean,False,0.0,Track 6,Maintenance,324,0,1,0
2025-04-07,21,66390,88,126,356,Closed,Medium,Clean,False,11.1,Track 15,Inducted,570,0,0,0
2025-04-07,22,119360,74,85,259,Open,High,Clean,False,0.0,Track 4,Maintenance,418,0,1,0
2025-04-07,23,147611,31,130,69,Open,High,Clean,False,0.0,Track 3,Maintenance,230,0,1,0
2025-04-07,24,124608,25,9,318,Closed,Medium,Clean,False,1.3,Track 9,Standby,352,0,0,0
2025-04-07,25,72764,58,22,138,Open,Low,Clean,False,0.0,Track 4,Maintenance,218,0,1,0
2025-04-08,1,125758,75,17,187,Closed,Low,Clean,False,12.1,Track 6,Inducted,279,0,0,1
2025-04-08,2,97153,8,32,194,Closed,Low,Clean,False,0.7,Track 6,Standby,234,0,0,1
2025-04-08,3,91175,40,129,258,Closed,Low,Clean,False,12.6,Track 6,Inducted,427,0,0,1
2025-04-08,4,107833,89,24,112,Open,High,Clean,False,0.0,Track 12,Maintenance,225,0,1,1
2025-04-08,5,149578,49,15,283,Closed,Medium,Clean,False,11.6,Track 7,Inducted,347,0,0,1
2025-04-08,6,194665,86,134,117,Closed,Medium,Clean,False,0.9,Track 8,Standby,337,0,0,1
2025-04-08,7,119036,48,43,103,Closed,High,Clean,False,13.8,Track 9,Inducted,194,0,0,1
2025-04-08,8,194334,35,98,275,Closed,High,Clean,False,1.1,Track 6,Standby,408,0,0,1
2025-04-08,9,180806,16,148,131,Open,Medium,Clean,False,0.0,Track 10,Maintenance,295,0,1,1
2025-04-08,10,185439,28,3,215,Closed,High,Clean,False,1.4,Track 3,Standby,246,1,0,1
2025-04-08,11,161158,50,125,149,Open,Low,Clean,False,0.0,Track 2,Maintenance,324,0,1,1
2025-04-08,12,88312,29,118,197,Open,Medium,Clean,False,0.0,Track 9,Maintenance,344,0,1,1
2025-04-08,13,138301,90,86,165,Open,Low,Clean,False,0.0,Track 13,Maintenance,341,0,1,1
2025-04-08,14,185702,5,164,219,Closed,Low,Clean,False,1.5,Track 13,Standby,388,1,0,1
2025-04-08,15,55005,52,132,78,Open,High,Clean,False,0.0,Track 14,Maintenance,262,0,1,1
2025-04-08,16,85288,30,32,358,Closed,Medium,Clean,False,0.7,Track 12,Standby,420,0,0,1
2025-04-08,17,177492,51,32,291,Closed,Medium,Clean,False,0.5,Track 3,Standby,374,0,0,1
2025-04-08,18,55270,18,4,200,Closed,Medium,Clean,False,13.3,Track 3,Inducted,222,1,0,1
2025-04-08,19,186600,59,164,137,Closed,High,Clean,False,13.9,Track 6,Inducted,360,0,0,1
2025-04-08,20,141542,41,67,213,Closed,Low,Clean,False,1.1,Track 10,Standby,321,0,0,1
2025-04-08,21,66787,87,125,355,Closed,Medium,Clean,False,13.8,Track 5,Inducted,567,0,0,1
2025-04-08,22,119368,73,84,258,Closed,High,Clean,False,1.3,Track 15,Standby,415,0,0,1
2025-04-08,23,147611,30,129,68,Open,High,Clean,False,0.0,Track 11,Maintenance,227,0,1,1
2025-04-08,24,124643,24,8,317,Closed,Medium,Clean,False,1.0,Track 4,Standby,349,0,0,1
2025-04-08,25,72797,57,21,137,Closed,Low,Clean,False,0.9,Track 13,Standby,215,0,0,1
2025-04-09,1,125803,74,16,186,Closed,Low,Clean,False,1.1,Track 8,Standby,276,0,0,2
2025-04-09,2,97180,7,31,193,Closed,Low,Clean,False,0.6,Track 6,Standby,231,1,0,2
2025-04-09,3,91653,39,128,257,Closed,Low,Clean,False,11.6,Track 1,Inducted,424,0,0,2
2025-04-09,4,107836,88,23,111,Closed,High,Clean,False,1.2,Track 3,Standby,222,0,0,2
2025-04-09,5,149578,48,14,282,Open,Medium,Clean,False,0.0,Track 1,Maintenance,344,0,1,2
2025-04-09,6,194665,85,133,116,Open,Medium,Clean,False,0.0,Track 6,Maintenance,334,0,1,2
2025-04-09,7,119043,47,42,102,Closed,High,Clean,False,1.1,Track 15,Standby,191,0,0,2
2025-04-09,8,194857,34,97,274,Closed,High,Clean,False,11.1,Track 8,Inducted,405,0,0,2
2025-04-09,9,180848,15,147,130,Closed,Medium,Clean,False,0.9,Track 14,Standby,292,0,0,2
2025-04-09,10,185832,27,2,214,Closed,High,Clean,False,11.6,Track 5,Inducted,243,1,0,2
2025-04-09,11,161537,49,124,148,Closed,Low,Clean,False,9.5,Track 6,Inducted,321,0,0,2
2025-04-09,12,88847,28,117,196,Closed,Medium,Clean,False,8.9,Track 14,Inducted,341,0,0,2
2025-04-09,13,138340,89,85,164,Closed,Low,Clean,False,0.8,Track 8,Standby,338,0,0,2
2025-04-09,14,186045,4,163,218,Closed,Low,Clean,False,8.1,Track 13,Inducted,385,1,0,2
2025-04-09,15,55393,51,131,77,Closed,High,Clean,False,12.3,Track 15,Inducted,259,0,0,2
2025-04-09,16,85673,29,31,357,Closed,Medium,Clean,False,11.1,Track 3,Inducted,417,0,0,2
2025-04-09,17,178038,50,31,290,Closed,Medium,Clean,False,10.7,Track 14,Inducted,371,0,0,2
2025-04-09,18,55689,17,3,199,Closed,Medium,Clean,False,12.1,Track 11,Inducted,219,1,0,2
2025-04-09,19,186610,58,163,136,Closed,High,Clean,False,1.1,Track 1,Standby,357,0,0,2
2025-04-09,20,141560,40,66,212,Closed,Low,Clean,False,1.1,Track 2,Standby,318,0,0,2
2025-04-09,21,67311,86,124,354,Closed,Medium,Clean,False,12.1,Track 1,Inducted,564,0,0,2
2025-04-09,22,119773,72,83,257,Closed,High,Clean,False,11.3,Track 6,Inducted,412,0,0,2
2025-04-09,23,147611,29,128,67,Open,High,Clean,False,0.0,Track 3,Maintenance,224,0,1,2
2025-04-09,24,124643,23,7,316,Open,Medium,Clean,False,0.0,Track 11,Maintenance,346,1,1,2
2025-04-09,25,72797,56,20,136,Closed,Low,Clean,False,1.5,Track 2,Standby,212,0,0,2
2025-04-10,1,125830,73,15,185,Closed,Low,Clean,False,1.4,Track 6,Standby,273,0,0,3
2025-04-10,2,97545,6,30,192,Closed,Low,Clean,False,8.7,Track 13,Inducted,228,1,0,3
2025-04-10,3,91675,38,127,256,Closed,Low,Clean,False,1.4,Track 6,Standby,421,0,0,3
2025-04-10,4,107836,87,22,110,Open,High,Clean,False,0.0,Track 9,Maintenance,219,0,1,3
2025-04-10,5,149580,47,13,281,Closed,Medium,Clean,False,1.3,Track 15,Standby,341,0,0,3
2025-04-10,6,195247,84,132,115,Closed,Medium,Clean,False,8.1,Track 15,Inducted,331,0,0,3
2025-04-10,7,119421,46,41,101,Closed,High,Clean,False,12.7,Track 8,Inducted,188,0,0,3
2025-04-10,8,195260,33,96,273,Closed,High,Clean,False,11.0,Track 8,Inducted,402,0,0,3
2025-04-10,9,180898,14,146,129,Closed,Medium,Clean,False,0.7,Track 5,Standby,289,0,0,3
2025-04-10,10,186365,26,1,213,Closed,High,Clean,False,13.6,Track 15,Inducted,240,1,0,3
2025-04-10,11,162099,48,123,147,Closed,Low,Clean,False,12.5,Track 13,Inducted,318,0,0,3
2025-04-10,12,88859,27,116,195,Closed,Medium,Clean,False,1.2,Track 5,Standby,338,0,0,3
2025-04-10,13,138356,88,84,163,Closed,Low,Clean,False,1.1,Track 12,Standby,335,0,0,3
2025-04-10,14,186045,3,162,217,Open,Low,Clean,False,0.0,Track 2,Maintenance,382,1,1,3
2025-04-10,15,55710,50,130,76,Closed,High,Clean,False,12.2,Track 14,Inducted,256,0,0,3
2025-04-10,16,85709,28,30,356,Closed,Medium,Clean,False,1.1,Track 1,Standby,414,0,0,3
2025-04-10,17,178375,49,30,289,Closed,Medium,Clean,False,13.4,Track 6,Inducted,368,0,0,3
2025-04-10,18,55714,16,2,198,Closed,Medium,Clean,False,0.7,Track 10,Standby,216,1,0,3
2025-04-10,19,187026,57,162,135,Closed,High,Clean,False,13.1,Track 13,Inducted,354,0,0,3
2025-04-10,20,141912,39,65,211,Closed,Low,Clean,False,10.7,Track 5,Inducted,315,0,0,3
2025-04-10,21,67700,85,123,353,Closed,Medium,Clean,False,12.5,Track 1,Inducted,561,0,0,3
2025-04-10,22,119805,71,82,256,Closed,High,Clean,False,0.7,Track 5,Standby,409,0,0,3
2025-04-10,23,147611,28,127,66,Open,High,Clean,False,0.0,Track 8,Maintenance,221,0,1,3
2025-04-10,24,124668,22,6,315,Closed,Medium,Clean,False,1.4,Track 5,Standby,343,1,0,3
2025-04-10,25,72811,55,19,135,Closed,Low,Scheduled,True,0.8,Track 15,Standby,209,0,0,3
2025-04-11,1,126286,72,14,184,Closed,Low,Clean,False,13.6,Track 10,Inducted,270,0,0,4
2025-04-11,2,97913,5,29,191,Closed,Low,Clean,False,10.1,Track 1,Inducted,225,1,0,4
2025-04-11,3,91677,37,126,255,Closed,Low,Clean,False,0.6,Track 12,Standby,418,0,0,4
2025-04-11,4,107877,86,21,109,Closed,High,Clean,False,0.9,Track 9,Standby,216,0,0,4
2025-04-11,5,149594,46,12,280,Closed,Medium,Clean,False,1.3,Track 7,Standby,338,0,0,4
2025-04-11,6,195253,83,131,114,Closed,Medium,Clean,False,1.4,Track 14,Standby,328,0,0,4
2025-04-11,7,119745,45,40,100,Closed,High,Clean,False,8.4,Track 6,Inducted,185,0,0,4
2025-04-11,8,195260,32,95,272,Open,High,Clean,False,0.0,Track 10,Maintenance,399,0,1,4
2025-04-11,9,181363,13,145,128,Closed,Medium,Clean,False,10.5,Track 11,Inducted,286,0,0,4
2025-04-11,10,186365,25,180,212,Open,High,Clean,False,0.0,Track 13,Maintenance,417,0,1,4
2025-04-11,11,162639,47,122,146,Closed,Low,Clean,False,9.4,Track 8,Inducted,315,0,0,4
2025-04-11,12,88886,26,115,194,Closed,Medium,Clean,False,0.7,Track 1,Standby,335,0,0,4
2025-04-11,13,138386,87,83,162,Closed,Low,Clean,False,0.8,Track 15,Standby,332,0,0,4
2025-04-11,14,186077,2,161,216,Closed,Low,Clean,False,1.2,Track 3,Standby,379,1,0,4
2025-04-11,15,55710,49,129,75,Open,High,Clean,False,0.0,Track 13,Maintenance,253,0,1,4
2025-04-11,16,85709,27,29,355,Open,Medium,Scheduled,True,0.0,Track 10,Maintenance,411,0,1,4
2025-04-11,17,178389,48,29,288,Closed,Medium,Clean,False,0.6,Track 12,Standby,365,0,0,4
2025-04-11,18,55714,15,1,197,Open,Medium,Clean,False,0.0,Track 13,Maintenance,213,1,1,4
2025-04-11,19,187067,56,161,134,Closed,High,Clean,False,1.4,Track 8,Standby,351,0,0,4
2025-04-11,20,141912,38,64,210,Open,Low,Clean,False,0.0,Track 3,Maintenance,312,0,1,4
2025-04-11,21,67737,84,122,352,Closed,Medium,Clean,False,1.2,Track 1,Standby,558,0,0,4
2025-04-11,22,120135,70,81,255,Closed,High,Clean,False,13.4,Track 11,Inducted,406,0,0,4
2025-04-11,23,147625,27,126,65,Closed,High,Clean,False,0.7,Track 15,Standby,218,0,0,4
2025-04-11,24,125235,21,5,314,Closed,Medium,Clean,False,8.5,Track 10,Inducted,340,1,0,4
2025-04-11,25,72844,54,18,134,Closed,Low,Clean,False,0.7,Track 8,Standby,206,0,0,4
2025-04-12,1,126297,71,13,183,Closed,Low,Clean,False,0.9,Track 1,Standby,267,0,0,5
2025-04-12,2,97913,4,28,190,Open,Low,Clean,False,0.0,Track 14,Maintenance,222,1,1,5
2025-04-12,3,91716,36,125,254,Closed,Low,Clean,False,0.8,Track 2,Standby,415,0,0,5
2025-04-12,4,107910,85,20,108,Closed,High,Clean,False,1.4,Track 5,Standby,213,0,0,5
2025-04-12,5,149594,45,11,279,Open,Medium,Clean,False,0.0,Track 15,Maintenance,335,0,1,5
2025-04-12,6,195787,82,130,113,Closed,Medium,Clean,False,10.4,Track 15,Inducted,325,0,0,5
2025-04-12,7,119745,44,39,99,Open,High,Clean,False,0.0,Track 12,Maintenance,182,0,1,5
2025-04-12,8,195283,31,94,271,Closed,High,Clean,False,0.6,Track 1,Standby,396,0,0,5
2025-04-12,9,181363,12,144,127,Open,Medium,Clean,False,0.0,Track 15,Maintenance,283,0,1,5
2025-04-12,10,186803,24,179,211,Closed,High,Clean,False,8.5,Track 4,Inducted,414,0,0,5
2025-04-12,11,163107,46,121,145,Closed,Low,Clean,False,11.9,Track 5,Inducted,312,0,0,5
2025-04-12,12,88932,25,114,193,Closed,Medium,Clean,True,1.3,Track 9,Standby,332,0,0,5
2025-04-12,13,138428,86,82,161,Closed,Low,Clean,False,0.7,Track 14,Standby,329,0,0,5
2025-04-12,14,186112,1,160,215,Closed,Low,Clean,False,1.1,Track 12,Standby,376,1,0,5
2025-04-12,15,56238,48,128,74,Closed,High,Clean,False,13.3,Track 1,Inducted,250,0,0,5
2025-04-12,16,85723,26,28,354,Closed,Medium,Scheduled,True,1.2,Track 5,Standby,408,0,0,5
2025-04-12,17,178389,47,28,287,Open,Medium,Clean,False,0.0,Track 15,Maintenance,362,0,1,5
2025-04-12,18,55714,14,180,196,Open,Medium,Clean,False,0.0,Track 13,Maintenance,390,0,1,5
2025-04-12,19,187089,55,160,133,Closed,High,Clean,False,0.8,Track 12,Standby,348,0,0,5
2025-04-12,20,141957,37,63,209,Closed,Low,Clean,False,1.1,Track 13,Standby,309,0,0,5
2025-04-12,21,67737,83,121,351,Open,Medium,Clean,False,0.0,Track 2,Maintenance,555,0,1,5
2025-04-12,22,120135,69,80,254,Open,High,Scheduled,True,0.0,Track 3,Maintenance,403,0,1,5
2025-04-12,23,148198,26,125,64,Closed,High,Clean,False,9.4,Track 14,Inducted,215,0,0,5
2025-04-12,24,125246,20,4,313,Closed,Medium,Scheduled,True,1.4,Track 15,Standby,337,1,0,5
2025-04-12,25,72844,53,17,133,Open,Low,Clean,False,0.0,Track 4,Maintenance,203,0,1,5
2025-04-13,1,126327,70,12,182,Closed,Low,Clean,False,0.7,Track 14,Standby,264,0,0,6
2025-04-13,2,97913,3,27,189,Open,Low,Clean,False,0.0,Track 11,Maintenance,219,1,1,6
2025-04-13,3,91716,35,124,253,Open,Low,Clean,False,0.0,Track 10,Maintenance,412,0,1,6
2025-04-13,4,108392,84,19,107,Closed,High,Clean,False,10.0,Track 14,Inducted,210,0,0,6
2025-04-13,5,149594,44,10,278,Open,Medium,Clean,False,0.0,Track 5,Maintenance,332,0,1,6
2025-04-13,6,195837,81,129,112,Closed,Medium,Clean,False,0.8,Track 9,Standby,322,0,0,6
2025-04-13,7,120342,43,38,98,Closed,High,Clean,True,13.9,Track 2,Inducted,179,0,0,6
2025-04-13,8,195328,30,93,270,Closed,High,Clean,False,1.0,Track 7,Standby,393,0,0,6
2025-04-13,9,181366,11,143,126,Closed,Medium,Clean,False,1.5,Track 5,Standby,280,0,0,6
2025-04-13,10,186804,23,178,210,Closed,High,Clean,False,1.1,Track 6,Standby,411,0,0,6
2025-04-13,11,163107,45,120,144,Open,Low,Clean,False,0.0,Track 10,Maintenance,309,0,1,6
2025-04-13,12,88932,24,113,192,Open,Medium,Clean,True,0.0,Track 2,Maintenance,329,0,1,6
2025-04-13,13,138898,85,81,160,Closed,Low,Clean,False,8.5,Track 5,Inducted,326,0,0,6
2025-04-13,14,186704,90,159,214,Closed,Low,Clean,False,12.7,Track 13,Inducted,463,0,0,6
2025-04-13,15,56238,47,127,73,Open,High,Clean,False,0.0,Track 9,Maintenance,247,0,1,6
2025-04-13,16,86073,25,27,353,Closed,Medium,Clean,False,13.1,Track 8,Inducted,405,0,0,6
2025-04-13,17,178855,46,27,286,Closed,Medium,Clean,False,13.7,Track 8,Inducted,359,0,0,6
2025-04-13,18,55739,13,179,195,Closed,Medium,Clean,False,1.3,Track 12,Standby,387,0,0,6
2025-04-13,19,187665,54,159,132,Closed,High,Clean,False,13.7,Track 7,Inducted,345,0,0,6
2025-04-13,20,141969,36,62,208,Closed,Low,Clean,False,0.9,Track 10,Standby,306,0,0,6
2025-04-13,21,67737,82,120,350,Open,Medium,Clean,False,0.0,Track 2,Maintenance,552,0,1,6
2025-04-13,22,120686,68,79,253,Closed,High,Clean,True,11.6,Track 14,Inducted,400,0,0,6
2025-04-13,23,148234,25,124,63,Closed,High,Clean,False,0.8,Track 11,Standby,212,0,0,6
2025-04-13,24,125254,19,3,312,Closed,Medium,Clean,False,1.4,Track 5,Standby,334,1,0,6
2025-04-13,25,72844,52,16,132,Open,Low,Clean,False,0.0,Track 1,Maintenance,200,0,1,6
2025-04-14,1,126689,69,11,181,Closed,Low,Clean,False,13.4,Track 7,Inducted,261,0,0,0
2025-04-14,2,97913,2,26,188,Open,Low,Clean,False,0.0,Track 6,Maintenance,216,1,1,0
2025-04-14,3,91732,34,123,252,Closed,Low,Clean,False,1.4,Track 3,Standby,409,0,0,0
2025-04-14,4,108795,83,18,106,Closed,High,Clean,False,8.2,Track 6,Inducted,207,0,0,0
2025-04-14,5,150035,43,9,277,Closed,Medium,Clean,False,12.4,Track 6,Inducted,329,0,0,0
2025-04-14,6,195837,80,128,111,Open,Medium,Clean,False,0.0,Track 10,Maintenance,319,0,1,0
2025-04-14,7,120386,42,37,97,Closed,High,Scheduled,True,0.8,Track 9,Standby,176,0,0,0
2025-04-14,8,195328,29,92,269,Open,High,Clean,False,0.0,Track 2,Maintenance,390,0,1,0
2025-04-14,9,181869,10,142,125,Closed,Medium,Clean,False,13.8,Track 10,Inducted,277,0,0,0
2025-04-14,10,187173,22,177,209,Closed,High,Clean,False,12.5,Track 6,Inducted,408,0,0,0
2025-04-14,11,163114,44,119,143,Closed,Low,Clean,False,0.8,Track 2,Standby,306,0,0,0
2025-04-14,12,89354,23,112,191,Closed,Medium,Clean,True,8.5,Track 15,Inducted,326,0,0,0
2025-04-14,13,139366,84,80,159,Closed,Low,Clean,False,10.2,Track 11,Inducted,323,0,0,0
2025-04-14,14,186747,89,158,213,Closed,Low,Clean,False,0.7,Track 4,Standby,460,0,0,0
2025-04-14,15,56243,46,126,72,Closed,High,Clean,False,0.9,Track 14,Standby,244,0,0,0
2025-04-14,16,86073,24,26,352,Open,Medium,Clean,False,0.0,Track 4,Maintenance,402,0,1,0
2025-04-14,17,178870,45,26,285,Closed,Medium,Clean,False,1.2,Track 13,Standby,356,0,0,0
2025-04-14,18,55765,12,178,194,Closed,Medium,Clean,False,0.8,Track 4,Standby,384,0,0,0
2025-04-14,19,187976,53,158,131,Closed,High,Clean,False,8.5,Track 5,Inducted,342,0,0,0
2025-04-14,20,142569,35,61,207,Closed,Low,Clean,False,10.8,Track 1,Inducted,303,0,0,0
2025-04-14,21,68262,81,119,349,Closed,Medium,Clean,False,13.6,Track 14,Inducted,549,0,0,0
2025-04-14,22,120707,67,78,252,Closed,High,Scheduled,True,1.5,Track 9,Standby,397,0,0,0
2025-04-14,23,148252,24,123,62,Closed,High,Scheduled,True,0.6,Track 3,Standby,209,0,0,0
2025-04-14,24,125287,18,2,311,Closed,Medium,Clean,False,1.2,Track 4,Standby,331,1,0,0
2025-04-14,25,72844,51,15,131,Open,Low,Clean,False,0.0,Track 4,Maintenance,197,0,1,0
2025-04-15,1,126701,68,10,180,Closed,Low,Clean,False,1.5,Track 3,Standby,258,0,0,1
2025-04-15,2,97913,1,25,187,Open,Low,Clean,False,0.0,Track 8,Maintenance,213,1,1,1
2025-04-15,3,92155,33,122,251,Closed,Low,Clean,False,9.9,Track 10,Inducted,406,0,0,1
2025-04-15,4,109356,82,17,105,Closed,High,Clean,False,13.0,Track 7,Inducted,204,0,0,1
2025-04-15,5,150083,42,8,276,Closed,Medium,Clean,False,0.8,Track 14,Standby,326,0,0,1
2025-04-15,6,196293,79,127,110,Closed,Medium,Clean,False,12.1,Track 7,Inducted,316,0,0,1
2025-04-15,7,120765,41,36,96,Closed,High,Clean,False,11.7,Track 13,Inducted,173,0,0,1
2025-04-15,8,195371,28,91,268,Closed,High,Clean,False,0.8,Track 14,Standby,387,0,0,1
2025-04-15,9,182278,9,141,124,Closed,Medium,Clean,False,9.9,Track 7,Inducted,274,0,0,1
2025-04-15,10,187197,21,176,208,Closed,High,Clean,False,1.2,Track 14,Standby,405,0,0,1
2025-04-15,11,163144,43,118,142,Closed,Low,Clean,False,1.2,Track 6,Standby,303,0,0,1
2025-04-15,12,89360,22,111,190,Closed,Medium,Clean,True,1.3,Track 5,Standby,323,0,0,1
2025-04-15,13,139773,83,79,158,Closed,Low,Clean,False,10.8,Track 10,Inducted,320,0,0,1
2025-04-15,14,186747,88,157,212,Open,Low,Scheduled,True,0.0,Track 13,Maintenance,457,0,1,1
2025-04-15,15,56243,45,125,71,Open,High,Clean,False,0.0,Track 13,Maintenance,241,0,1,1
2025-04-15,16,86434,23,25,351,Closed,Medium,Clean,False,8.5,Track 13,Inducted,399,0,0,1
2025-04-15,17,178885,44,25,284,Closed,Medium,Clean,False,0.7,Track 7,Standby,353,0,0,1
2025-04-15,18,55809,11,177,193,Closed,Medium,Clean,False,1.0,Track 2,Standby,381,0,0,1
2025-04-15,19,188439,52,157,130,Closed,High,Clean,False,9.6,Track 14,Inducted,339,0,0,1
2025-04-15,20,142591,34,60,206,Closed,Low,Clean,False,0.9,Track 12,Standby,300,0,0,1
2025-04-15,21,68307,80,118,348,Closed,Medium,Clean,False,0.5,Track 11,Standby,546,0,0,1
2025-04-15,22,121095,66,77,251,Closed,High,Clean,False,10.3,Track 10,Inducted,394,0,0,1
2025-04-15,23,148302,23,122,61,Closed,High,Clean,False,1.0,Track 8,Standby,206,0,0,1
2025-04-15,24,125876,17,1,310,Closed,Medium,Clean,False,12.7,Track 13,Inducted,328,1,0,1
2025-04-15,25,72883,50,14,130,Closed,Low,Clean,False,0.9,Track 9,Standby,194,0,0,1
2025-04-16,1,126701,67,9,179,Open,Low,Clean,False,0.0,Track 1,Maintenance,255,0,1,2
2025-04-16,2,98296,90,24,186,Closed,Low,Clean,False,13.2,Track 10,Inducted,300,0,0,2
2025-04-16,3,92729,32,121,250,Closed,Low,Clean,False,9.0,Track 11,Inducted,403,0,0,2
2025-04-16,4,109356,81,16,104,Open,High,Clean,False,0.0,Track 15,Maintenance,201,0,1,2
2025-04-16,5,150114,41,7,275,Closed,Medium,Clean,False,1.2,Track 14,Standby,323,1,0,2
2025-04-16,6,196625,78,126,109,Closed,Medium,Clean,False,12.6,Track 11,Inducted,313,0,0,2
2025-04-16,7,120785,40,35,95,Closed,High,Clean,False,0.6,Track 5,Standby,170,0,0,2
2025-04-16,8,195750,27,90,267,Closed,High,Clean,False,11.7,Track 6,Inducted,384,0,0,2
2025-04-16,9,182801,8,140,123,Closed,Medium,Clean,False,10.4,Track 10,Inducted,271,0,0,2
2025-04-16,10,187222,20,175,207,Closed,High,Scheduled,True,0.9,Track 7,Standby,402,0,0,2
2025-04-16,11,163172,42,117,141,Closed,Low,Clean,False,1.5,Track 5,Standby,300,0,0,2
2025-04-16,12,89360,21,110,189,Open,Medium,Scheduled,True,0.0,Track 1,Maintenance,320,0,1,2
2025-04-16,13,139779,82,78,157,Closed,Low,Clean,False,1.3,Track 9,Standby,317,0,0,2
2025-04-16,14,186788,87,156,211,Closed,Low,Scheduled,True,1.2,Track 14,Standby,454,0,0,2
2025-04-16,15,56257,44,124,70,Closed,High,Clean,False,1.2,Track 6,Standby,238,0,0,2
2025-04-16,16,86434,22,24,350,Open,Medium,Clean,False,0.0,Track 9,Maintenance,396,0,1,2
2025-04-16,17,178885,43,24,283,Open,Medium,Clean,False,0.0,Track 9,Maintenance,350,0,1,2
2025-04-16,18,55809,10,176,192,Open,Medium,Clean,False,0.0,Track 13,Maintenance,378,0,1,2
2025-04-16,19,188467,51,156,129,Closed,High,Clean,False,0.9,Track 7,Standby,336,0,0,2
2025-04-16,20,142626,33,59,205,Closed,Low,Clean,False,1.4,Track 3,Standby,297,0,0,2
2025-04-16,21,68748,79,117,347,Closed,Medium,Clean,False,9.9,Track 3,Inducted,543,0,0,2
2025-04-16,22,121125,65,76,250,Closed,High,Clean,False,0.8,Track 7,Standby,391,0,0,2
2025-04-16,23,148675,22,121,60,Closed,High,Clean,False,8.4,Track 7,Inducted,203,0,0,2
2025-04-16,24,125876,16,180,309,Open,Medium,Clean,False,0.0,Track 13,Maintenance,505,0,1,2
2025-04-16,25,72892,49,13,129,Closed,Low,Clean,False,0.6,Track 6,Standby,191,0,0,2
2025-04-17,1,126716,66,8,178,Closed,Low,Clean,False,1.0,Track 7,Standby,252,0,0,3
2025-04-17,2,98296,89,23,185,Open,Low,Clean,False,0.0,Track 14,Maintenance,297,0,1,3
2025-04-17,3,93079,31,120,249,Closed,Low,Clean,False,12.4,Track 7,Inducted,400,0,0,3
2025-04-17,4,109954,80,15,103,Closed,High,Clean,False,11.1,Track 4,Inducted,198,0,0,3
2025-04-17,5,150159,40,6,274,Closed,Medium,Clean,False,1.3,Track 14,Standby,320,1,0,3
2025-04-17,6,196638,77,125,108,Closed,Medium,Clean,False,0.7,Track 11,Standby,310,0,0,3
2025-04-17,7,121248,39,34,94,Closed,High,Clean,False,11.9,Track 2,Inducted,167,0,0,3
2025-04-17,8,195769,26,89,266,Closed,High,Clean,False,1.3,Track 14,Standby,381,0,0,3
2025-04-17,9,182851,7,139,122,Closed,Medium,Clean,False,1.4,Track 13,Standby,268,1,0,3
2025-04-17,10,187252,19,174,206,Closed,High,Clean,False,1.0,Track 5,Standby,399,0,0,3
2025-04-17,11,163201,41,116,140,Closed,Low,Clean,False,1.3,Track 9,Standby,297,0,0,3
2025-04-17,12,89393,20,109,188,Closed,Medium,Scheduled,True,0.8,Track 12,Standby,317,0,0,3
2025-04-17,13,140098,81,77,156,Closed,Low,Clean,False,10.5,Track 9,Inducted,314,0,0,3
2025-04-17,14,186799,86,155,210,Closed,Low,Clean,False,1.0,Track 11,Standby,451,0,0,3
2025-04-17,15,56649,43,123,69,Closed,High,Clean,False,10.0,Track 3,Inducted,235,0,0,3
2025-04-17,16,86483,21,23,349,Closed,Medium,Clean,False,1.5,Track 8,Standby,393,0,0,3
2025-04-17,17,179435,42,23,282,Closed,Medium,Clean,False,11.2,Track 6,Inducted,347,0,0,3
2025-04-17,18,55809,9,175,191,Open,Medium,Clean,False,0.0,Track 1,Maintenance,375,0,1,3
2025-04-17,19,188467,50,155,128,Open,High,Clean,False,0.0,Track 6,Maintenance,333,0,1,3
2025-04-17,20,143071,32,58,204,Closed,Low,Clean,False,10.3,Track 8,Inducted,294,0,0,3
2025-04-17,21,69218,78,116,346,Closed,Medium,Clean,False,12.7,Track 14,Inducted,540,0,0,3
2025-04-17,22,121158,64,75,249,Closed,High,Clean,False,0.8,Track 12,Standby,388,0,0,3
2025-04-17,23,148676,21,120,59,Closed,High,Clean,False,0.8,Track 12,Standby,200,0,0,3
2025-04-17,24,125900,15,179,308,Closed,Medium,Clean,False,0.7,Track 2,Standby,502,0,0,3
2025-04-17,25,72892,48,12,128,Open,Low,Clean,False,0.0,Track 15,Maintenance,188,0,1,3
2025-04-18,1,126733,65,7,177,Closed,Low,Clean,False,0.6,Track 3,Standby,249,1,0,4
2025-04-18,2,98343,88,22,184,Closed,Low,Clean,False,0.7,Track 2,Standby,294,0,0,4
2025-04-18,3,93627,30,119,248,Closed,Low,Clean,False,8.2,Track 5,Inducted,397,0,0,4
2025-04-18,4,109972,79,14,102,Closed,High,Clean,False,0.8,Track 15,Standby,195,0,0,4
2025-04-18,5,150653,39,5,273,Closed,Medium,Clean,False,13.1,Track 7,Inducted,317,1,0,4
2025-04-18,6,196685,76,124,107,Closed,Medium,Clean,False,1.2,Track 6,Standby,307,0,0,4
2025-04-18,7,121728,38,33,93,Closed,High,Clean,False,9.5,Track 15,Inducted,164,0,0,4
2025-04-18,8,195769,25,88,265,Open,High,Clean,False,0.0,Track 5,Maintenance,378,0,1,4
2025-04-18,9,182851,6,138,121,Open,Medium,Clean,False,0.0,Track 1,Maintenance,265,1,1,4
2025-04-18,10,187675,18,173,205,Closed,High,Clean,False,13.8,Track 1,Inducted,396,0,0,4
2025-04-18,11,163201,40,115,139,Open,Low,Clean,False,0.0,Track 2,Maintenance,294,0,1,4
2025-04-18,12,89418,19,108,187,Closed,Medium,Clean,False,1.4,Track 10,Standby,314,0,0,4
2025-04-18,13,140575,80,76,155,Closed,Low,Clean,False,9.3,Track 15,Inducted,311,0,0,4
2025-04-18,14,187252,85,154,209,Closed,Low,Clean,False,12.3,Track 4,Inducted,448,0,0,4
2025-04-18,15,56649,42,122,68,Open,High,Clean,False,0.0,Track 5,Maintenance,232,0,1,4
2025-04-18,16,86492,20,22,348,Closed,Medium,Clean,False,1.4,Track 6,Standby,390,0,0,4
2025-04-18,17,179435,41,22,281,Open,Medium,Clean,False,0.0,Track 7,Maintenance,344,0,1,4
2025-04-18,18,55809,8,174,190,Open,Medium,Clean,False,0.0,Track 7,Maintenance,372,0,1,4
2025-04-18,19,188776,49,154,127,Closed,High,Clean,False,10.0,Track 8,Inducted,330,0,0,4
2025-04-18,20,143071,31,57,203,Open,Low,Clean,False,0.0,Track 10,Maintenance,291,0,1,4
2025-04-18,21,69245,77,115,345,Closed,Medium,Clean,False,1.1,Track 7,Standby,537,0,0,4
2025-04-18,22,121204,63,74,248,Closed,High,Clean,False,1.4,Track 7,Standby,385,0,0,4
2025-04-18,23,149262,20,119,58,Closed,High,Clean,False,10.5,Track 9,Inducted,197,0,0,4
2025-04-18,24,125906,14,178,307,Closed,Medium,Clean,False,0.9,Track 7,Standby,499,0,0,4
2025-04-18,25,72892,47,11,127,Open,Low,Clean,False,0.0,Track 14,Maintenance,185,0,1,4
2025-04-19,1,127048,64,6,176,Closed,Low,Clean,False,10.7,Track 4,Inducted,246,1,0,5
2025-04-19,2,98348,87,21,183,Closed,Low,Clean,False,0.6,Track 8,Standby,291,0,0,5
2025-04-19,3,93660,29,118,247,Closed,Low,Clean,False,1.5,Track 10,Standby,394,0,0,5
2025-04-19,4,110276,78,13,101,Closed,High,Clean,False,12.7,Track 7,Inducted,192,0,0,5
2025-04-19,5,151079,38,4,272,Closed,Medium,Clean,False,10.6,Track 13,Inducted,314,1,0,5
2025-04-19,6,196711,75,123,106,Closed,Medium,Clean,False,0.8,Track 14,Standby,304,0,0,5
2025-04-19,7,121775,37,32,92,Closed,High,Clean,False,0.9,Track 6,Standby,161,0,0,5
2025-04-19,8,196325,24,87,264,Closed,High,Clean,False,10.0,Track 9,Inducted,375,0,0,5
2025-04-19,9,183295,5,137,120,Closed,Medium,Clean,False,8.5,Track 2,Inducted,262,1,0,5
2025-04-19,10,188041,17,172,204,Closed,High,Clean,False,11.3,Track 6,Inducted,393,0,0,5
2025-04-19,11,163201,39,114,138,Open,Low,Clean,False,0.0,Track 2,Maintenance,291,0,1,5
2025-04-19,12,89802,18,107,186,Closed,Medium,Clean,False,11.0,Track 6,Inducted,311,0,0,5
2025-04-19,13,140609,79,75,154,Closed,Low,Clean,True,1.4,Track 9,Standby,308,0,0,5
2025-04-19,14,187255,84,153,208,Closed,Low,Clean,False,1.1,Track 3,Standby,445,0,0,5
2025-04-19,15,56649,41,121,67,Open,High,Clean,False,0.0,Track 13,Maintenance,229,0,1,5
2025-04-19,16,86539,19,21,347,Closed,Medium,Clean,False,1.2,Track 9,Standby,387,0,0,5
2025-04-19,17,179984,40,21,280,Closed,Medium,Clean,False,8.1,Track 8,Inducted,341,0,0,5
2025-04-19,18,55809,7,173,189,Open,Medium,Clean,False,0.0,Track 1,Maintenance,369,1,1,5
2025-04-19,19,188815,48,153,126,Closed,High,Clean,False,1.2,Track 5,Standby,327,0,0,5
2025-04-19,20,143071,30,56,202,Open,Low,Clean,False,0.0,Track 2,Maintenance,288,0,1,5
2025-04-19,21,69245,76,114,344,Open,Medium,Clean,False,0.0,Track 13,Maintenance,534,0,1,5
2025-04-19,22,121234,62,73,247,Closed,High,Clean,False,0.8,Track 14,Standby,382,0,0,5
2025-04-19,23,149276,19,118,57,Closed,High,Clean,False,1.1,Track 9,Standby,194,0,0,5
2025-04-19,24,125906,13,177,306,Open,Medium,Clean,False,0.0,Track 7,Maintenance,496,0,1,5
2025-04-19,25,73492,46,10,126,Closed,Low,Clean,False,10.1,Track 7,Inducted,182,0,0,5
2025-04-20,1,127088,63,5,175,Closed,Low,Clean,False,1.2,Track 15,Standby,243,1,0,6
2025-04-20,2,98388,86,20,182,Closed,Low,Clean,False,1.1,Track 7,Standby,288,0,0,6
2025-04-20,3,93709,28,117,246,Closed,Low,Clean,False,1.3,Track 5,Standby,391,0,0,6
2025-04-20,4,110305,77,12,100,Closed,High,Clean,False,1.0,Track 5,Standby,189,0,0,6
2025-04-20,5,151401,37,3,271,Closed,Medium,Clean,False,13.1,Track 9,Inducted,311,1,0,6
2025-04-20,6,196750,74,122,105,Closed,Medium,Scheduled,True,1.4,Track 12,Standby,301,0,0,6
2025-04-20,7,121775,36,31,91,Open,High,Clean,False,0.0,Track 12,Maintenance,158,0,1,6
2025-04-20,8,196325,23,86,263,Open,High,Clean,False,0.0,Track 13,Maintenance,372,0,1,6
2025-04-20,9,183345,4,136,119,Closed,Medium,Clean,False,0.5,Track 12,Standby,259,1,0,6
2025-04-20,10,188510,16,171,203,Closed,High,Clean,False,13.4,Track 1,Inducted,390,0,0,6
2025-04-20,11,163543,38,113,137,Closed,Low,Clean,False,10.3,Track 1,Inducted,288,0,0,6
2025-04-20,12,89802,17,106,185,Open,Medium,Clean,False,0.0,Track 14,Maintenance,308,0,1,6
2025-04-20,13,141139,78,74,153,Closed,Low,Clean,True,12.5,Track 9,Inducted,305,0,0,6
2025-04-20,14,187255,83,152,207,Open,Low,Clean,False,0.0,Track 12,Maintenance,442,0,1,6
2025-04-20,15,56693,40,120,66,Closed,High,Clean,False,0.5,Track 1,Standby,226,0,0,6
2025-04-20,16,86846,18,20,346,Closed,Medium,Clean,False,11.4,Track 12,Inducted,384,0,0,6
2025-04-20,17,180025,39,20,279,Closed,Medium,Clean,False,0.8,Track 13,Standby,338,0,0,6
2025-04-20,18,56298,6,172,188,Closed,Medium,Clean,False,11.6,Track 2,Inducted,366,1,0,6
2025-04-20,19,188815,47,152,125,Open,High,Clean,False,0.0,Track 14,Maintenance,324,0,1,6
2025-04-20,20,143402,29,55,201,Closed,Low,Clean,False,8.4,Track 14,Inducted,285,0,0,6
2025-04-20,21,69837,75,113,343,Closed,Medium,Clean,False,11.6,Track 8,Inducted,531,0,0,6
2025-04-20,22,121616,61,72,246,Closed,High,Clean,False,13.6,Track 15,Inducted,379,0,0,6
2025-04-20,23,149706,18,117,56,Closed,High,Clean,False,12.0,Track 12,Inducted,191,0,0,6
2025-04-20,24,125906,12,176,305,Open,Medium,Clean,False,0.0,Track 2,Maintenance,493,0,1,6
2025-04-20,25,73798,45,9,125,Closed,Low,Clean,False,10.7,Track 2,Inducted,179,0,0,6
2025-04-21,1,127088,62,4,174,Open,Low,Clean,False,0.0,Track 8,Maintenance,240,1,1,0
2025-04-21,2,98413,85,19,181,Closed,Low,Clean,False,0.9,Track 2,Standby,285,0,0,0
2025-04-21,3,94291,27,116,245,Closed,Low,Clean,False,8.3,Track 15,Inducted,388,0,0,0
2025-04-21,4,110831,76,11,99,Closed,High,Clean,False,13.8,Track 2,Inducted,186,0,0,0
2025-04-21,5,151724,36,2,270,Closed,Medium,Clean,False,12.0,Track 4,Inducted,308,1,0,0
2025-04-21,6,196789,73,121,104,Closed,Medium,Clean,False,0.6,Track 13,Standby,298,0,0,0
2025-04-21,7,121819,35,30,90,Closed,High,Clean,False,1.2,Track 8,Standby,155,0,0,0
2025-04-21,8,196329,22,85,262,Closed,High,Scheduled,True,1.3,Track 3,Standby,369,0,0,0
2025-04-21,9,183345,3,135,118,Open,Medium,Clean,False,0.0,Track 7,Maintenance,256,1,1,0
2025-04-21,10,188973,15,170,202,Closed,High,Clean,False,13.3,Track 1,Inducted,387,0,0,0
2025-04-21,11,163543,37,112,136,Open,Low,Clean,False,0.0,Track 8,Maintenance,285,0,1,0
2025-04-21,12,90329,16,105,184,Closed,Medium,Clean,False,11.8,Track 11,Inducted,305,0,0,0
2025-04-21,13,141139,77,73,152,Open,Low,Scheduled,True,0.0,Track 10,Maintenance,302,0,1,0
2025-04-21,14,187293,82,151,206,Closed,Low,Clean,False,1.5,Track 14,Standby,439,0,0,0
2025-04-21,15,56716,39,119,65,Closed,High,Scheduled,True,0.9,Track 14,Standby,223,0,0,0
2025-04-21,16,86879,17,19,345,Closed,Medium,Clean,False,0.6,Track 11,Standby,381,0,0,0
2025-04-21,17,180034,38,19,278,Closed,Medium,Clean,False,0.8,Track 14,Standby,335,0,0,0
2025-04-21,18,56300,5,171,187,Closed,Medium,Clean,False,1.3,Track 13,Standby,363,1,0,0
2025-04-21,19,188815,46,151,124,Open,High,Clean,False,0.0,Track 7,Maintenance,321,0,1,0
2025-04-21,20,143911,28,54,200,Closed,Low,Clean,False,12.6,Track 1,Inducted,282,0,0,0
2025-04-21,21,70393,74,112,342,Closed,Medium,Clean,False,13.8,Track 13,Inducted,528,0,0,0
2025-04-21,22,121632,60,71,245,Closed,High,Clean,False,1.0,Track 5,Standby,376,0,0,0
2025-04-21,23,149726,17,116,55,Closed,High,Clean,False,0.6,Track 14,Standby,188,0,0,0
2025-04-21,24,125946,11,175,304,Closed,Medium,Clean,False,1.2,Track 5,Standby,490,0,0,0
2025-04-21,25,73817,44,8,124,Closed,Low,Clean,False,1.3,Track 9,Standby,176,0,0,0
2025-04-22,1,127547,61,3,173,Closed,Low,Clean,False,8.3,Track 13,Inducted,237,1,0,1
2025-04-22,2,98447,84,18,180,Closed,Low,Clean,False,1.0,Track 2,Standby,282,0,0,1
2025-04-22,3,94888,26,115,244,Closed,Low,Clean,False,11.4,Track 1,Inducted,385,0,0,1
2025-04-22,4,110831,75,10,98,Open,High,Clean,False,0.0,Track 8,Maintenance,183,0,1,1
2025-04-22,5,152226,35,1,269,Closed,Medium,Clean,False,13.1,Track 4,Inducted,305,1,0,1
2025-04-22,6,197182,72,120,103,Closed,Medium,Clean,False,11.6,Track 7,Inducted,295,0,0,1
2025-04-22,7,122121,34,29,89,Closed,High,Clean,False,9.5,Track 6,Inducted,152,0,0,1
2025-04-22,8,196329,21,84,261,Closed,High,Clean,False,1.3,Track 5,Standby,366,0,0,1
2025-04-22,9,183345,2,134,117,Open,Medium,Clean,False,0.0,Track 14,Maintenance,253,1,1,1
2025-04-22,10,188998,14,169,201,Closed,High,Clean,False,0.9,Track 5,Standby,384,0,0,1
2025-04-22,11,164099,36,111,135,Closed,Low,Clean,False,11.9,Track 11,Inducted,282,0,0,1
2025-04-22,12,90329,15,104,183,Open,Medium,Clean,False,0.0,Track 8,Maintenance,302,0,1,1
2025-04-22,13,141150,76,72,151,Closed,Low,Scheduled,True,1.0,Track 13,Standby,299,0,0,1
2025-04-22,14,187840,81,150,205,Closed,Low,Clean,False,9.7,Track 7,Inducted,436,0,0,1
2025-04-22,15,57132,38,118,64,Closed,High,Clean,False,10.4,Track 4,Inducted,220,0,0,1
2025-04-22,16,87249,16,18,344,Closed,Medium,Clean,False,13.0,Track 11,Inducted,378,0,0,1
2025-04-22,17,180034,37,18,277,Open,Medium,Clean,False,0.0,Track 9,Maintenance,332,0,1,1
2025-04-22,18,56777,4,170,186,Closed,Medium,Clean,False,9.1,Track 1,Inducted,360,1,0,1
2025-04-22,19,189322,45,150,123,Closed,High,Clean,False,12.3,Track 6,Inducted,318,0,0,1
2025-04-22,20,143912,27,53,199,Closed,Low,Clean,False,0.8,Track 14,Standby,279,0,0,1
2025-04-22,21,70393,73,111,341,Open,Medium,Clean,False,0.0,Track 14,Maintenance,525,0,1,1
2025-04-22,22,121632,59,70,244,Open,High,Clean,False,0.0,Track 5,Maintenance,373,0,1,1
2025-04-22,23,150103,16,115,54,Closed,High,Clean,False,9.2,Track 12,Inducted,185,0,0,1
2025-04-22,24,126466,10,174,303,Closed,Medium,Clean,False,11.1,Track 5,Inducted,487,0,0,1
2025-04-22,25,74354,43,7,123,Closed,Low,Clean,False,12.0,Track 8,Inducted,173,1,0,1
2025-04-23,1,127581,60,2,172,Closed,Low,Clean,False,1.4,Track 8,Standby,234,1,0,2
2025-04-23,2,99006,83,17,179,Closed,Low,Clean,False,13.3,Track 10,Inducted,279,0,0,2
2025-04-23,3,95221,25,114,243,Closed,Low,Clean,False,12.3,Track 3,Inducted,382,0,0,2
2025-04-23,4,111215,74,9,97,Closed,High,Clean,False,11.4,Track 2,Inducted,180,0,0,2
2025-04-23,5,152257,34,180,268,Closed,Medium,Clean,False,0.7,Track 1,Standby,482,0,0,2
2025-04-23,6,197182,71,119,102,Open,Medium,Clean,False,0.0,Track 10,Maintenance,292,0,1,2
2025-04-23,7,122145,33,28,88,Closed,High,Clean,False,1.5,Track 10,Standby,149,0,0,2
2025-04-23,8,196649,20,83,260,Closed,High,Clean,False,13.6,Track 1,Inducted,363,0,0,2
2025-04-23,9,183732,1,133,116,Closed,Medium,Clean,False,13.0,Track 5,Inducted,250,1,0,2
2025-04-23,10,188998,13,168,200,Closed,High,Clean,False,1.4,Track 7,Standby,381,0,0,2
2025-04-23,11,164567,35,110,134,Closed,Low,Clean,False,10.0,Track 14,Inducted,279,0,0,2
2025-04-23,12,90804,14,103,182,Closed,Medium,Clean,False,9.9,Track 12,Inducted,299,0,0,2
2025-04-23,13,141471,75,71,150,Closed,Low,Clean,False,11.2,Track 8,Inducted,296,0,0,2
2025-04-23,14,187853,80,149,204,Closed,Low,Clean,False,0.6,Track 11,Standby,433,0,0,2
2025-04-23,15,57478,37,117,63,Closed,High,Clean,False,11.9,Track 4,Inducted,217,0,0,2
2025-04-23,16,87283,15,17,343,Closed,Medium,Clean,False,0.9,Track 6,Standby,375,0,0,2
2025-04-23,17,180034,36,17,276,Open,Medium,Clean,False,0.0,Track 9,Maintenance,329,0,1,2
2025-04-23,18,56824,3,169,185,Closed,Medium,Clean,False,1.1,Track 5,Standby,357,1,0,2
2025-04-23,19,189339,44,149,122,Closed,High,Clean,False,1.3,Track 4,Standby,315,0,0,2
2025-04-23,20,143914,26,52,198,Closed,Low,Clean,False,1.3,Track 15,Standby,276,0,0,2
2025-04-23,21,70738,72,110,340,Closed,Medium,Clean,False,9.1,Track 2,Inducted,522,0,0,2
2025-04-23,22,121680,58,69,243,Closed,High,Clean,False,0.7,Track 1,Standby,370,0,0,2
2025-04-23,23,150115,15,114,53,Closed,High,Clean,False,1.0,Track 6,Standby,182,0,0,2
2025-04-23,24,126489,9,173,302,Closed,Medium,Clean,False,1.4,Track 10,Standby,484,0,0,2
2025-04-23,25,74354,42,6,122,Open,Low,Clean,False,0.0,Track 14,Maintenance,170,1,1,2
2025-04-24,1,127603,59,1,171,Closed,Low,Clean,False,1.4,Track 14,Standby,231,1,0,3
2025-04-24,2,99006,82,16,178,Open,Low,Clean,False,0.0,Track 7,Maintenance,276,0,1,3
2025-04-24,3,95545,24,113,242,Closed,Low,Clean,False,8.8,Track 4,Inducted,379,0,0,3
2025-04-24,4,111215,73,8,96,Open,High,Clean,False,0.0,Track 9,Maintenance,177,0,1,3
2025-04-24,5,152628,33,179,267,Closed,Medium,Clean,False,13.4,Track 11,Inducted,479,0,0,3
2025-04-24,6,197690,70,118,101,Closed,Medium,Clean,False,13.9,Track 4,Inducted,289,0,0,3
2025-04-24,7,122631,32,27,87,Closed,High,Clean,False,8.1,Track 7,Inducted,146,0,0,3
2025-04-24,8,196989,19,82,259,Closed,High,Clean,False,12.2,Track 10,Inducted,360,0,0,3
2025-04-24,9,183765,90,132,115,Closed,Medium,Clean,False,1.1,Track 12,Standby,337,0,0,3
2025-04-24,10,189016,12,167,199,Closed,High,Clean,False,1.1,Track 12,Standby,378,0,0,3
2025-04-24,11,164593,34,109,133,Closed,Low,Clean,False,0.8,Track 15,Standby,276,0,0,3
2025-04-24,12,90804,13,102,181,Open,Medium,Clean,False,0.0,Track 14,Maintenance,296,0,1,3
2025-04-24,13,141809,74,70,149,Closed,Low,Clean,False,10.2,Track 9,Inducted,293,0,0,3
2025-04-24,14,188182,79,148,203,Closed,Low,Clean,False,13.9,Track 9,Inducted,430,0,0,3
2025-04-24,15,57965,36,116,62,Closed,High,Clean,False,11.0,Track 5,Inducted,214,0,0,3
2025-04-24,16,87308,14,16,342,Closed,Medium,Clean,False,1.0,Track 6,Standby,372,0,0,3
2025-04-24,17,180629,35,16,275,Closed,Medium,Clean,False,11.5,Track 3,Inducted,326,0,0,3
2025-04-24,18,57147,2,168,184,Closed,Medium,Clean,False,8.5,Track 7,Inducted,354,1,0,3
2025-04-24,19,189373,43,148,121,Closed,High,Clean,False,0.7,Track 6,Standby,312,0,0,3
2025-04-24,20,143914,25,51,197,Open,Low,Scheduled,True,0.0,Track 7,Maintenance,273,0,1,3
2025-04-24,21,70788,71,109,339,Closed,Medium,Clean,False,1.4,Track 8,Standby,519,0,0,3
2025-04-24,22,122224,57,68,242,Closed,High,Clean,False,13.8,Track 1,Inducted,367,0,0,3
2025-04-24,23,150629,14,113,52,Closed,High,Clean,False,9.0,Track 15,Inducted,179,0,0,3
2025-04-24,24,126526,8,172,301,Closed,Medium,Clean,False,0.7,Track 15,Standby,481,0,0,3
2025-04-24,25,74354,41,5,121,Open,Low,Clean,False,0.0,Track 1,Maintenance,167,1,1,3
2025-04-25,1,128089,58,180,170,Closed,Low,Clean,False,9.1,Track 8,Inducted,408,0,0,4
2025-04-25,2,99032,81,15,177,Closed,Low,Clean,False,1.5,Track 4,Standby,273,0,0,4
2025-04-25,3,95545,23,112,241,Open,Low,Clean,False,0.0,Track 7,Maintenance,376,0,1,4
2025-04-25,4,111622,72,7,95,Closed,High,Clean,False,9.4,Track 1,Inducted,174,1,0,4
2025-04-25,5,152662,32,178,266,Closed,Medium,Scheduled,True,1.4,Track 15,Standby,476,0,0,4
2025-04-25,6,197690,69,117,100,Open,Medium,Clean,False,0.0,Track 2,Maintenance,286,0,1,4
2025-04-25,7,122631,31,26,86,Open,High,Clean,False,0.0,Track 4,Maintenance,143,0,1,4
2025-04-25,8,197511,18,81,258,Closed,High,Clean,False,9.6,Track 2,Inducted,357,0,0,4
2025-04-25,9,184335,89,131,114,Closed,Medium,Clean,False,10.9,Track 15,Inducted,334,0,0,4
2025-04-25,10,189065,11,166,198,Closed,High,Clean,False,1.4,Track 15,Standby,375,0,0,4
2025-04-25,11,164599,33,108,132,Closed,Low,Clean,False,0.8,Track 14,Standby,273,0,0,4
2025-04-25,12,91397,12,101,180,Closed,Medium,Clean,False,9.7,Track 6,Inducted,293,0,0,4
2025-04-25,13,141809,73,69,148,Open,Low,Clean,False,0.0,Track 9,Maintenance,290,0,1,4
2025-04-25,14,188188,78,147,202,Closed,Low,Clean,False,1.0,Track 15,Standby,427,0,0,4
2025-04-25,15,58474,35,115,61,Closed,High,Clean,False,11.3,Track 14,Inducted,211,0,0,4
2025-04-25,16,87308,13,15,341,Open,Medium,Clean,False,0.0,Track 12,Maintenance,369,0,1,4
2025-04-25,17,180629,34,15,274,Open,Medium,Clean,False,0.0,Track 10,Maintenance,323,0,1,4
2025-04-25,18,57659,1,167,183,Closed,Medium,Clean,False,10.3,Track 12,Inducted,351,1,0,4
2025-04-25,19,189382,42,147,120,Closed,High,Clean,False,0.7,Track 3,Standby,309,0,0,4
2025-04-25,20,143916,24,50,196,Closed,Low,Clean,True,0.9,Track 3,Standby,270,0,0,4
2025-04-25,21,70819,70,108,338,Closed,Medium,Clean,False,0.9,Track 7,Standby,516,0,0,4
2025-04-25,22,122272,56,67,241,Closed,High,Clean,False,1.0,Track 3,Standby,364,0,0,4
2025-04-25,23,150644,13,112,51,Closed,High,Clean,False,1.1,Track 14,Standby,176,0,0,4
2025-04-25,24,126537,7,171,300,Closed,Medium,Clean,False,0.8,Track 8,Standby,478,1,0,4
2025-04-25,25,74386,40,4,120,Closed,Low,Clean,False,0.7,Track 10,Standby,164,1,0,4
2025-04-26,1,128469,57,179,169,Closed,Low,Clean,False,8.6,Track 4,Inducted,405,0,0,5
2025-04-26,2,99064,80,14,176,Closed,Low,Clean,False,0.8,Track 10,Standby,270,0,0,5
2025-04-26,3,96022,22,111,240,Closed,Low,Clean,False,9.1,Track 10,Inducted,373,0,0,5
2025-04-26,4,112175,71,6,94,Closed,High,Clean,False,11.8,Track 4,Inducted,171,1,0,5
2025-04-26,5,153127,31,177,265,Closed,Medium,Clean,False,10.6,Track 8,Inducted,473,0,0,5
2025-04-26,6,198095,68,116,99,Closed,Medium,Clean,False,11.6,Track 8,Inducted,283,0,0,5
2025-04-26,7,122995,30,25,85,Closed,High,Clean,False,11.7,Track 10,Inducted,140,0,0,5
2025-04-26,8,197554,17,80,257,Closed,High,Clean,False,1.5,Track 1,Standby,354,0,0,5
2025-04-26,9,184343,88,130,113,Closed,Medium,Clean,False,1.1,Track 3,Standby,331,0,0,5
2025-04-26,10,189595,10,165,197,Closed,High,Clean,False,10.9,Track 6,Inducted,372,0,0,5
2025-04-26,11,164641,32,107,131,Closed,Low,Scheduled,True,1.4,Track 4,Standby,270,0,0,5
2025-04-26,12,91397,11,100,179,Open,Medium,Clean,False,0.0,Track 9,Maintenance,290,0,1,5
2025-04-26,13,141856,72,68,147,Closed,Low,Clean,False,1.2,Track 12,Standby,287,0,0,5
2025-04-26,14,188188,77,146,201,Open,Low,Clean,False,0.0,Track 14,Maintenance,424,0,1,5
2025-04-26,15,58884,34,114,60,Closed,High,Clean,False,8.5,Track 4,Inducted,208,0,0,5
2025-04-26,16,87308,12,14,340,Open,Medium,Clean,False,0.0,Track 13,Maintenance,366,0,1,5
2025-04-26,17,181204,33,14,273,Closed,Medium,Clean,False,9.6,Track 4,Inducted,320,0,0,5
2025-04-26,18,58012,90,166,182,Closed,Medium,Clean,False,9.8,Track 2,Inducted,438,0,0,5
2025-04-26,19,189411,41,146,119,Closed,High,Clean,False,1.2,Track 1,Standby,306,0,0,5
2025-04-26,20,144228,23,49,195,Closed,Low,Clean,True,8.2,Track 1,Inducted,267,0,0,5
2025-04-26,21,70849,69,107,337,Closed,Medium,Clean,False,0.7,Track 8,Standby,513,0,0,5
2025-04-26,22,122704,55,66,240,Closed,High,Clean,False,11.3,Track 9,Inducted,361,0,0,5
2025-04-26,23,151144,12,111,50,Closed,High,Clean,False,9.5,Track 12,Inducted,173,0,0,5
2025-04-26,24,127044,6,170,299,Closed,Medium,Clean,False,12.4,Track 13,Inducted,475,1,0,5
2025-04-26,25,74387,39,3,119,Closed,Low,Clean,False,1.3,Track 11,Standby,161,1,0,5
2025-04-27,1,128895,56,178,168,Closed,Low,Clean,False,13.8,Track 8,Inducted,402,0,0,6
2025-04-27,2,99089,79,13,175,Closed,Low,Clean,False,0.5,Track 8,Standby,267,0,0,6
2025-04-27,3,96052,21,110,239,Closed,Low,Clean,False,1.5,Track 15,Standby,370,0,0,6
2025-04-27,4,112222,70,5,93,Closed,High,Clean,False,0.8,Track 9,Standby,168,1,0,6
2025-04-27,5,153436,30,176,264,Closed,Medium,Clean,False,11.5,Track 13,Inducted,470,0,0,6
2025-04-27,6,198095,67,115,98,Open,Medium,Clean,False,0.0,Track 12,Maintenance,280,0,1,6
2025-04-27,7,123547,29,24,84,Closed,High,Clean,False,13.8,Track 2,Inducted,137,0,0,6
2025-04-27,8,198084,16,79,256,Closed,High,Clean,False,12.7,Track 1,Inducted,351,0,0,6
2025-04-27,9,184910,87,129,112,Closed,Medium,Clean,False,13.1,Track 11,Inducted,328,0,0,6
2025-04-27,10,190087,9,164,196,Closed,High,Clean,False,11.3,Track 9,Inducted,369,0,0,6
2025-04-27,11,164641,31,106,130,Open,Low,Clean,False,0.0,Track 6,Maintenance,267,0,1,6
2025-04-27,12,91742,10,99,178,Closed,Medium,Clean,False,12.6,Track 8,Inducted,287,0,0,6
2025-04-27,13,141856,71,67,146,Open,Low,Clean,False,0.0,Track 11,Maintenance,284,0,1,6
2025-04-27,14,188221,76,145,200,Closed,Low,Clean,False,0.8,Track 13,Standby,421,0,0,6
2025-04-27,15,58926,33,113,59,Closed,High,Clean,False,1.0,Track 13,Standby,205,0,0,6
2025-04-27,16,87308,11,13,339,Open,Medium,Clean,False,0.0,Track 8,Maintenance,363,0,1,6
2025-04-27,17,181204,32,13,272,Open,Medium,Clean,False,0.0,Track 12,Maintenance,317,0,1,6
2025-04-27,18,58043,89,165,181,Closed,Medium,Clean,False,0.6,Track 13,Standby,435,0,0,6
2025-04-27,19,189411,40,145,118,Open,High,Clean,False,0.0,Track 15,Maintenance,303,0,1,6
2025-04-27,20,144239,22,48,194,Closed,Low,Scheduled,True,0.8,Track 9,Standby,264,0,0,6
2025-04-27,21,70849,68,106,336,Open,Medium,Clean,False,0.0,Track 1,Maintenance,510,0,1,6
2025-04-27,22,122731,54,65,239,Closed,High,Clean,False,1.1,Track 8,Standby,358,0,0,6
2025-04-27,23,151156,11,110,49,Closed,High,Clean,False,0.7,Track 7,Standby,170,0,0,6
2025-04-27,24,127461,5,169,298,Closed,Medium,Clean,False,8.1,Track 6,Inducted,472,1,0,6
2025-04-27,25,74697,38,2,118,Closed,Low,Clean,False,13.7,Track 1,Inducted,158,1,0,6
2025-04-28,1,129426,55,177,167,Closed,Low,Clean,False,8.7,Track 8,Inducted,399,0,0,0
2025-04-28,2,99089,78,12,174,Open,Low,Clean,False,0.0,Track 9,Maintenance,264,0,1,0
2025-04-28,3,96063,20,109,238,Closed,Low,Clean,False,0.9,Track 5,Standby,367,0,0,0
2025-04-28,4,112222,69,4,92,Closed,High,Clean,False,1.0,Track 13,Standby,165,1,0,0
2025-04-28,5,153436,29,175,263,Open,Medium,Clean,False,0.0,Track 13,Maintenance,467,0,1,0
2025-04-28,6,198105,66,114,97,Closed,Medium,Clean,False,1.0,Track 3,Standby,277,0,0,0
2025-04-28,7,123597,28,23,83,Closed,High,Clean,False,0.7,Track 13,Standby,134,0,0,0
2025-04-28,8,198127,15,78,255,Closed,High,Clean,False,1.4,Track 11,Standby,348,0,0,0
2025-04-28,9,184943,86,128,111,Closed,Medium,Clean,False,0.8,Track 15,Standby,325,0,0,0
2025-04-28,10,190103,8,163,195,Closed,High,Clean,False,1.3,Track 2,Standby,366,0,0,0
2025-04-28,11,164641,30,105,129,Open,Low,Clean,False,0.0,Track 5,Maintenance,264,0,1,0
2025-04-28,12,92311,9,98,177,Closed,Medium,Clean,False,10.0,Track 5,Inducted,284,0,0,0
2025-04-28,13,141892,70,66,145,Closed,Low,Clean,False,1.4,Track 11,Standby,281,0,0,0
2025-04-28,14,188271,75,144,199,Closed,Low,Clean,False,0.9,Track 12,Standby,418,0,0,0
2025-04-28,15,58952,32,112,58,Closed,High,Clean,False,0.6,Track 8,Standby,202,0,0,0
2025-04-28,16,87308,10,12,338,Open,Medium,Clean,False,0.0,Track 9,Maintenance,360,0,1,0
2025-04-28,17,181780,31,12,271,Closed,Medium,Clean,False,8.5,Track 8,Inducted,314,0,0,0
2025-04-28,18,58561,88,164,180,Closed,Medium,Clean,False,9.5,Track 11,Inducted,432,0,0,0
2025-04-28,19,189438,39,144,117,Closed,High,Clean,False,0.6,Track 1,Standby,300,0,0,0
2025-04-28,20,144270,21,47,193,Closed,Low,Clean,False,0.7,Track 4,Standby,261,0,0,0
2025-04-28,21,70849,67,105,335,Open,Medium,Clean,False,0.0,Track 6,Maintenance,507,0,1,0
2025-04-28,22,123257,53,64,238,Closed,High,Clean,False,13.5,Track 9,Inducted,355,0,0,0
2025-04-28,23,151190,10,109,48,Closed,High,Clean,False,1.2,Track 11,Standby,167,0,0,0
2025-04-28,24,127940,4,168,297,Closed,Medium,Clean,False,9.3,Track 4,Inducted,469,1,0,0
2025-04-28,25,75185,37,1,117,Closed,Low,Clean,False,8.6,Track 11,Inducted,155,1,0,0
2025-04-29,1,129428,54,176,166,Closed,Low,Clean,False,1.2,Track 12,Standby,396,0,0,1
2025-04-29,2,99089,77,11,173,Open,Low,Clean,False,0.0,Track 15,Maintenance,261,0,1,1
2025-04-29,3,96523,19,108,237,Closed,Low,Clean,False,8.2,Track 9,Inducted,364,0,0,1
2025-04-29,4,112692,68,3,91,Closed,High,Clean,False,13.9,Track 1,Inducted,162,1,0,1
2025-04-29,5,153478,28,174,262,Closed,Medium,Clean,False,1.4,Track 14,Standby,464,0,0,1
2025-04-29,6,198524,65,113,96,Closed,Medium,Clean,False,9.9,Track 12,Inducted,274,0,0,1
2025-04-29,7,123910,27,22,82,Closed,High,Clean,False,9.0,Track 15,Inducted,131,0,0,1
2025-04-29,8,198166,14,77,254,Closed,High,Clean,False,1.0,Track 10,Standby,345,0,0,1
2025-04-29,9,184953,85,127,110,Closed,Medium,Scheduled,True,1.1,Track 5,Standby,322,0,0,1
2025-04-29,10,190110,7,162,194,Closed,High,Clean,False,1.2,Track 10,Standby,363,1,0,1
2025-04-29,11,164641,29,104,128,Open,Low,Clean,False,0.0,Track 7,Maintenance,261,0,1,1
2025-04-29,12,92311,8,97,176,Open,Medium,Clean,False,0.0,Track 7,Maintenance,281,0,1,1
2025-04-29,13,141892,69,65,144,Open,Low,Clean,False,0.0,Track 11,Maintenance,278,0,1,1
2025-04-29,14,188292,74,143,198,Closed,Low,Clean,False,0.6,Track 10,Standby,415,0,0,1
2025-04-29,15,58952,31,111,57,Open,High,Clean,False,0.0,Track 14,Maintenance,199,0,1,1
2025-04-29,16,87327,9,11,337,Closed,Medium,Clean,False,0.7,Track 8,Standby,357,0,0,1
2025-04-29,17,181815,30,11,270,Closed,Medium,Scheduled,True,1.1,Track 3,Standby,311,0,0,1
2025-04-29,18,58587,87,163,179,Closed,Medium,Clean,False,0.7,Track 5,Standby,429,0,0,1
2025-04-29,19,189902,38,143,116,Closed,High,Clean,False,9.2,Track 11,Inducted,297,0,0,1
2025-04-29,20,144275,20,46,192,Closed,Low,Clean,False,1.4,Track 10,Standby,258,0,0,1
2025-04-29,21,70849,66,104,334,Open,Medium,Clean,False,0.0,Track 12,Maintenance,504,0,1,1
2025-04-29,22,123257,52,63,237,Open,High,Clean,False,0.0,Track 10,Maintenance,352,0,1,1
2025-04-29,23,151746,9,108,47,Closed,High,Clean,False,8.5,Track 3,Inducted,164,0,0,1
2025-04-29,24,127940,3,167,296,Open,Medium,Clean,False,0.0,Track 5,Maintenance,466,1,1,1
2025-04-29,25,75214,36,180,116,Closed,Low,Clean,False,1.2,Track 11,Standby,332,0,0,1
2025-04-30,1,129428,53,175,165,Open,Low,Clean,False,0.0,Track 6,Maintenance,393,0,1,2
2025-04-30,2,99116,76,10,172,Closed,Low,Scheduled,True,0.5,Track 7,Standby,258,0,0,2
2025-04-30,3,96883,18,107,236,Closed,Low,Clean,False,13.3,Track 14,Inducted,361,0,0,2
2025-04-30,4,112694,67,2,90,Closed,High,Clean,False,1.1,Track 2,Standby,159,1,0,2
2025-04-30,5,153793,27,173,261,Closed,Medium,Clean,False,11.1,Track 3,Inducted,461,0,0,2
2025-04-30,6,198560,64,112,95,Closed,Medium,Clean,False,1.2,Track 2,Standby,271,0,0,2
2025-04-30,7,124396,26,21,81,Closed,High,Clean,False,8.3,Track 14,Inducted,128,0,0,2
2025-04-30,8,198166,13,76,253,Open,High,Clean,False,0.0,Track 7,Maintenance,342,0,1,2
2025-04-30,9,184987,84,126,109,Closed,Medium,Clean,False,1.3,Track 1,Standby,319,0,0,2
2025-04-30,10,190110,6,161,193,Open,High,Clean,False,0.0,Track 10,Maintenance,360,1,1,2
2025-04-30,11,164672,28,103,127,Closed,Low,Clean,False,0.8,Track 1,Standby,258,0,0,2
2025-04-30,12,92739,7,96,175,Closed,Medium,Clean,False,8.1,Track 12,Inducted,278,1,0,2
2025-04-30,13,142273,68,64,143,Closed,Low,Clean,False,8.8,Track 5,Inducted,275,0,0,2
2025-04-30,14,188596,73,142,197,Closed,Low,Clean,False,13.0,Track 9,Inducted,412,0,0,2
2025-04-30,15,58952,30,110,56,Open,High,Clean,False,0.0,Track 7,Maintenance,196,0,1,2
2025-04-30,16,87327,8,10,336,Open,Medium,Clean,False,0.0,Track 8,Maintenance,354,0,1,2
2025-04-30,17,181828,29,10,269,Closed,Medium,Clean,False,0.7,Track 4,Standby,308,0,0,2
2025-04-30,18,58587,86,162,178,Open,Medium,Clean,False,0.0,Track 10,Maintenance,426,0,1,2
2025-04-30,19,189919,37,142,115,Closed,High,Clean,False,0.7,Track 11,Standby,294,0,0,2
2025-04-30,20,144275,19,45,191,Open,Low,Clean,False,0.0,Track 7,Maintenance,255,0,1,2
2025-04-30,21,70895,65,103,333,Closed,Medium,Clean,False,0.8,Track 6,Standby,501,0,0,2
2025-04-30,22,123257,51,62,236,Open,High,Clean,False,0.0,Track 2,Maintenance,349,0,1,2
2025-04-30,23,151790,8,107,46,Closed,High,Clean,False,1.4,Track 14,Standby,161,0,0,2
2025-04-30,24,128488,2,166,295,Closed,Medium,Clean,False,9.3,Track 2,Inducted,463,1,0,2
2025-04-30,25,75214,35,179,115,Open,Low,Clean,False,0.0,Track 10,Maintenance,329,0,1,2
2025-05-01,1,130026,52,174,164,Closed,Low,Clean,False,12.4,Track 11,Inducted,390,0,0,3
2025-05-01,2,99531,75,9,171,Closed,Low,Clean,False,9.6,Track 3,Inducted,255,0,0,3
2025-05-01,3,96913,17,106,235,Closed,Low,Clean,False,1.1,Track 14,Standby,358,0,0,3
2025-05-01,4,112739,66,1,89,Closed,High,Clean,False,0.6,Track 2,Standby,156,1,0,3
2025-05-01,5,154130,26,172,260,Closed,Medium,Clean,False,10.9,Track 12,Inducted,458,0,0,3
2025-05-01,6,198560,63,111,94,Open,Medium,Clean,False,0.0,Track 10,Maintenance,268,0,1,3
2025-05-01,7,124396,25,20,80,Open,High,Clean,False,0.0,Track 10,Maintenance,125,0,1,3
2025-05-01,8,198579,12,75,252,Closed,High,Clean,False,11.1,Track 11,Inducted,339,0,0,3
2025-05-01,9,185008,83,125,108,Closed,Medium,Clean,False,0.6,Track 8,Standby,316,0,0,3
2025-05-01,10,190156,5,160,192,Closed,High,Clean,False,1.2,Track 14,Standby,357,1,0,3
2025-05-01,11,164993,27,102,126,Closed,Low,Clean,False,11.8,Track 7,Inducted,255,0,0,3
2025-05-01,12,92771,6,95,174,Closed,Medium,Clean,False,1.4,Track 1,Standby,275,1,0,3
2025-05-01,13,142273,67,63,142,Open,Low,Clean,False,0.0,Track 11,Maintenance,272,0,1,3
2025-05-01,14,188615,72,141,196,Closed,Low,Clean,False,1.2,Track 9,Standby,409,0,0,3
2025-05-01,15,58980,29,109,55,Closed,High,Clean,False,1.4,Track 6,Standby,193,0,0,3
2025-05-01,16,87327,7,9,335,Open,Medium,Clean,False,0.0,Track 9,Maintenance,351,1,1,3
2025-05-01,17,181828,28,9,268,Open,Medium,Clean,False,0.0,Track 10,Maintenance,305,0,1,3
2025-05-01,18,59130,85,161,177,Closed,Medium,Clean,False,11.1,Track 7,Inducted,423,0,0,3
2025-05-01,19,189924,36,141,114,Closed,High,Scheduled,True,0.5,Track 5,Standby,291,0,0,3
2025-05-01,20,144275,18,44,190,Open,Low,Clean,False,0.0,Track 15,Maintenance,252,0,1,3
2025-05-01,21,70926,64,102,332,Closed,Medium,Clean,False,1.1,Track 8,Standby,498,0,0,3
2025-05-01,22,123260,50,61,235,Closed,High,Clean,False,0.7,Track 12,Standby,346,0,0,3
2025-05-01,23,151836,7,106,45,Closed,High,Clean,False,1.1,Track 11,Standby,158,1,0,3
2025-05-01,24,128488,1,165,294,Open,Medium,Clean,False,0.0,Track 4,Maintenance,460,1,1,3
2025-05-01,25,75219,34,178,114,Closed,Low,Clean,False,1.2,Track 2,Standby,326,0,0,3
2025-05-02,1,130519,51,173,163,Closed,Low,Clean,False,9.0,Track 9,Inducted,387,0,0,4
2025-05-02,2,99531,74,8,170,Open,Low,Clean,False,0.0,Track 11,Maintenance,252,0,1,4
2025-05-02,3,97234,16,105,234,Closed,Low,Clean,False,10.8,Track 14,Inducted,355,0,0,4
2025-05-02,4,112758,65,180,88,Closed,High,Scheduled,True,1.3,Track 5,Standby,333,0,0,4
2025-05-02,5,154153,25,171,259,Closed,Medium,Clean,False,1.0,Track 9,Standby,455,0,0,4
2025-05-02,6,199130,62,110,93,Closed,Medium,Clean,False,8.7,Track 7,Inducted,265,0,0,4
2025-05-02,7,124396,24,19,79,Open,High,Clean,False,0.0,Track 3,Maintenance,122,0,1,4
2025-05-02,8,198599,11,74,251,Closed,High,Clean,False,1.4,Track 7,Standby,336,0,0,4
2025-05-02,9,185026,82,124,107,Closed,Medium,Clean,False,1.4,Track 11,Standby,313,0,0,4
2025-05-02,10,190156,4,159,191,Open,High,Clean,False,0.0,Track 12,Maintenance,354,1,1,4
2025-05-02,11,165298,26,101,125,Closed,Low,Clean,False,9.9,Track 7,Inducted,252,0,0,4
2025-05-02,12,93184,5,94,173,Closed,Medium,Clean,False,12.4,Track 8,Inducted,272,1,0,4
2025-05-02,13,142289,66,62,141,Closed,Low,Clean,False,0.7,Track 12,Standby,269,0,0,4
2025-05-02,14,188618,71,140,195,Closed,Low,Clean,False,0.6,Track 6,Standby,406,0,0,4
2025-05-02,15,58980,28,108,54,Open,High,Clean,False,0.0,Track 8,Maintenance,190,0,1,4
2025-05-02,16,87760,6,8,334,Closed,Medium,Clean,False,9.8,Track 10,Inducted,348,1,0,4
2025-05-02,17,181857,27,8,267,Closed,Medium,Clean,False,0.6,Track 12,Standby,302,0,0,4
2025-05-02,18,59490,84,160,176,Closed,Medium,Clean,False,12.8,Track 13,Inducted,420,0,0,4
2025-05-02,19,189924,35,140,113,Open,High,Clean,False,0.0,Track 3,Maintenance,288,0,1,4
2025-05-02,20,144614,17,43,189,Closed,Low,Clean,False,13.6,Track 5,Inducted,249,0,0,4
2025-05-02,21,71377,63,101,331,Closed,Medium,Clean,False,8.8,Track 1,Inducted,495,0,0,4
2025-05-02,22,123640,49,60,234,Closed,High,Clean,False,11.0,Track 3,Inducted,343,0,0,4
2025-05-02,23,151836,6,105,44,Closed,High,Clean,False,1.2,Track 10,Standby,155,1,0,4
2025-05-02,24,128488,90,164,293,Open,Medium,Clean,False,0.0,Track 8,Maintenance,547,0,1,4
2025-05-02,25,75228,33,177,113,Closed,Low,Clean,False,1.2,Track 3,Standby,323,0,0,4
2025-05-03,1,131092,50,172,162,Closed,Low,Clean,False,10.9,Track 7,Inducted,384,0,0,5
2025-05-03,2,99936,73,7,169,Closed,Low,Clean,False,13.1,Track 6,Inducted,249,1,0,5
2025-05-03,3,97234,15,104,233,Open,Low,Clean,False,0.0,Track 7,Maintenance,352,0,1,5
2025-05-03,4,113160,64,179,87,Closed,High,Clean,False,13.3,Track 10,Inducted,330,0,0,5
2025-05-03,5,154514,24,170,258,Closed,Medium,Clean,False,12.9,Track 6,Inducted,452,0,0,5
2025-05-03,6,199130,61,109,92,Open,Medium,Clean,False,0.0,Track 12,Maintenance,262,0,1,5
2025-05-03,7,124421,23,18,78,Closed,High,Clean,False,0.8,Track 11,Standby,119,0,0,5
2025-05-03,8,199005,10,73,250,Closed,High,Clean,False,12.4,Track 12,Inducted,333,0,0,5
2025-05-03,9,185614,81,123,106,Closed,Medium,Clean,False,13.7,Track 2,Inducted,310,0,0,5
2025-05-03,10,190194,3,158,190,Closed,High,Clean,False,1.4,Track 3,Standby,351,1,0,5
2025-05-03,11,165336,25,100,124,Closed,Low,Clean,False,0.7,Track 14,Standby,249,0,0,5
2025-05-03,12,93561,4,93,172,Closed,Medium,Clean,False,11.7,Track 11,Inducted,269,1,0,5
2025-05-03,13,142289,65,61,140,Open,Low,Clean,False,0.0,Track 8,Maintenance,266,0,1,5
2025-05-03,14,189019,70,139,194,Closed,Low,Clean,False,11.3,Track 15,Inducted,403,0,0,5
2025-05-03,15,59573,27,107,53,Closed,High,Clean,False,9.9,Track 1,Inducted,187,0,0,5
2025-05-03,16,88302,5,7,333,Closed,Medium,Clean,False,10.4,Track 3,Inducted,345,1,0,5
2025-05-03,17,182419,26,7,266,Closed,Medium,Clean,False,8.6,Track 9,Inducted,299,1,0,5
2025-05-03,18,59490,83,159,175,Open,Medium,Clean,False,0.0,Track 4,Maintenance,417,0,1,5
2025-05-03,19,190418,34,139,112,Closed,High,Clean,False,9.0,Track 4,Inducted,285,0,0,5
2025-05-03,20,144621,16,42,188,Closed,Low,Clean,False,0.9,Track 5,Standby,246,0,0,5
2025-05-03,21,71687,62,100,330,Closed,Medium,Clean,True,8.6,Track 4,Inducted,492,0,0,5
2025-05-03,22,123665,48,59,233,Closed,High,Clean,False,0.7,Track 2,Standby,340,0,0,5
2025-05-03,23,152260,5,104,43,Closed,High,Clean,False,8.9,Track 10,Inducted,152,1,0,5
2025-05-03,24,128510,89,163,292,Closed,Medium,Clean,False,1.3,Track 14,Standby,544,0,0,5
2025-05-03,25,75783,32,176,112,Closed,Low,Clean,False,9.6,Track 7,Inducted,320,0,0,5
2025-05-04,1,131489,49,171,161,Closed,Low,Clean,False,9.5,Track 6,Inducted,381,0,0,6
2025-05-04,2,100469,72,6,168,Closed,Low,Clean,False,11.4,Track 13,Inducted,246,1,0,6
2025-05-04,3,97267,14,103,232,Closed,Low,Clean,False,0.9,Track 13,Standby,349,0,0,6
2025-05-04,4,113169,63,178,86,Closed,High,Clean,False,1.2,Track 4,Standby,327,0,0,6
2025-05-04,5,154524,23,169,257,Closed,Medium,Clean,False,0.7,Track 2,Standby,449,0,0,6
2025-05-04,6,199560,60,108,91,Closed,Medium,Clean,False,8.6,Track 4,Inducted,259,0,0,6
2025-05-04,7,124467,22,17,77,Closed,High,Clean,False,1.1,Track 6,Standby,116,0,0,6
2025-05-04,8,199023,9,72,249,Closed,High,Clean,False,1.4,Track 1,Standby,330,0,0,6
2025-05-04,9,185645,80,122,105,Closed,Medium,Clean,False,0.6,Track 5,Standby,307,0,0,6
2025-05-04,10,190617,2,157,189,Closed,High,Clean,False,8.7,Track 7,Inducted,348,1,0,6
2025-05-04,11,165911,24,99,123,Closed,Low,Clean,False,11.6,Track 9,Inducted,246,0,0,6
2025-05-04,12,93561,3,92,171,Open,Medium,Clean,False,0.0,Track 2,Maintenance,266,1,1,6
2025-05-04,13,142677,64,60,139,Closed,Low,Clean,False,13.2,Track 9,Inducted,263,0,0,6
2025-05-04,14,189548,69,138,193,Closed,Low,Clean,False,8.4,Track 1,Inducted,400,0,0,6
2025-05-04,15,60080,26,106,52,Closed,High,Clean,False,11.4,Track 15,Inducted,184,0,0,6
2025-05-04,16,88309,4,6,332,Closed,Medium,Clean,False,0.9,Track 14,Standby,342,1,0,6
2025-05-04,17,182837,25,6,265,Closed,Medium,Clean,False,12.5,Track 7,Inducted,296,1,0,6
2025-05-04,18,59844,82,158,174,Closed,Medium,Clean,False,8.6,Track 10,Inducted,414,0,0,6
2025-05-04,19,190929,33,138,111,Closed,High,Clean,False,12.3,Track 8,Inducted,282,0,0,6
2025-05-04,20,144654,15,41,187,Closed,Low,Clean,False,1.0,Track 7,Standby,243,0,0,6
2025-05-04,21,71687,61,99,329,Open,Medium,Scheduled,True,0.0,Track 12,Maintenance,489,0,1,6
2025-05-04,22,124158,47,58,232,Closed,High,Clean,False,8.8,Track 8,Inducted,337,0,0,6
2025-05-04,23,152262,4,103,42,Closed,High,Clean,False,0.5,Track 13,Standby,149,1,0,6
2025-05-04,24,128551,88,162,291,Closed,Medium,Clean,False,0.5,Track 13,Standby,541,0,0,6
2025-05-04,25,76323,31,175,111,Closed,Low,Clean,False,9.5,Track 4,Inducted,317,0,0,6
2025-05-05,1,131953,48,170,160,Closed,Low,Clean,True,9.2,Track 13,Inducted,378,0,0,0
2025-05-05,2,100946,71,5,167,Closed,Low,Clean,False,8.6,Track 12,Inducted,243,1,0,0
2025-05-05,3,97288,13,102,231,Closed,Low,Clean,False,1.5,Track 11,Standby,346,0,0,0
2025-05-05,4,113188,62,177,85,Closed,High,Clean,False,0.8,Track 11,Standby,324,0,0,0
2025-05-05,5,154524,22,168,256,Open,Medium,Clean,False,0.0,Track 6,Maintenance,446,0,1,0
2025-05-05,6,200143,59,107,90,Closed,Medium,Clean,False,12.9,Track 3,Inducted,256,0,0,0
2025-05-05,7,124889,21,16,76,Closed,High,Clean,False,13.8,Track 7,Inducted,113,0,0,0
2025-05-05,8,199023,8,71,248,Open,High,Clean,False,0.0,Track 3,Maintenance,327,0,1,0
2025-05-05,9,186096,79,121,104,Closed,Medium,Clean,False,12.7,Track 2,Inducted,304,0,0,0
2025-05-05,10,190623,1,156,188,Closed,High,Clean,False,0.7,Track 3,Standby,345,1,0,0
2025-05-05,11,165911,23,98,122,Open,Low,Clean,False,0.0,Track 2,Maintenance,243,0,1,0
2025-05-05,12,93600,2,91,170,Closed,Medium,Clean,False,1.0,Track 7,Standby,263,1,0,0
2025-05-05,13,143023,63,59,138,Closed,Low,Clean,False,9.6,Track 2,Inducted,260,0,0,0
2025-05-05,14,189558,68,137,192,Closed,Low,Clean,False,1.4,Track 11,Standby,397,0,0,0
2025-05-05,15,60080,25,105,51,Open,High,Clean,False,0.0,Track 8,Maintenance,181,0,1,0
2025-05-05,16,88318,3,5,331,Closed,Medium,Clean,False,0.9,Track 9,Standby,339,1,0,0
2025-05-05,17,183410,24,5,264,Closed,Medium,Clean,False,9.9,Track 15,Inducted,293,1,0,0
2025-05-05,18,60257,81,157,173,Closed,Medium,Clean,False,12.0,Track 12,Inducted,411,0,0,0
2025-05-05,19,190938,32,137,110,Closed,High,Clean,False,1.5,Track 12,Standby,279,0,0,0
2025-05-05,20,144654,14,40,186,Open,Low,Clean,False,0.0,Track 10,Maintenance,240,0,1,0
2025-05-05,21,72287,60,98,328,Closed,Medium,Clean,True,12.6,Track 9,Inducted,486,0,0,0
2025-05-05,22,124642,46,57,231,Closed,High,Clean,False,8.3,Track 2,Inducted,334,0,0,0
2025-05-05,23,152824,3,102,41,Closed,High,Clean,False,13.3,Track 11,Inducted,146,1,0,0
2025-05-05,24,128587,87,161,290,Closed,Medium,Clean,False,1.2,Track 7,Standby,538,0,0,0
2025-05-05,25,76840,30,174,110,Closed,Low,Clean,False,10.2,Track 2,Inducted,314,0,0,0
2025-05-06,1,131994,47,169,159,Closed,Low,Scheduled,True,1.4,Track 5,Standby,375,0,0,1
2025-05-06,2,101432,70,4,166,Closed,Low,Clean,False,12.9,Track 2,Inducted,240,1,0,1
2025-05-06,3,97330,12,101,230,Closed,Low,Clean,False,1.3,Track 5,Standby,343,0,0,1
2025-05-06,4,113189,61,176,84,Closed,High,Clean,False,1.3,Track 15,Standby,321,0,0,1
2025-05-06,5,154570,21,167,255,Closed,Medium,Clean,False,1.4,Track 2,Standby,443,0,0,1
2025-05-06,6,200170,58,106,89,Closed,Medium,Clean,False,1.1,Track 4,Standby,253,0,0,1
2025-05-06,7,125194,20,15,75,Closed,High,Clean,False,11.9,Track 12,Inducted,110,0,0,1
2025-05-06,8,199545,7,70,247,Closed,High,Clean,False,11.1,Track 6,Inducted,324,1,0,1
2025-05-06,9,186096,78,120,103,Open,Medium,Clean,False,0.0,Track 11,Maintenance,301,0,1,1
2025-05-06,10,190634,90,155,187,Closed,High,Clean,False,1.3,Track 4,Standby,432,0,0,1
2025-05-06,11,165911,22,97,121,Open,Low,Clean,False,0.0,Track 10,Maintenance,240,0,1,1
2025-05-06,12,94061,1,90,169,Closed,Medium,Clean,False,11.8,Track 13,Inducted,260,1,0,1
2025-05-06,13,143058,62,58,137,Closed,Low,Clean,False,1.4,Track 15,Standby,257,0,0,1
2025-05-06,14,189558,67,136,191,Open,Low,Clean,False,0.0,Track 11,Maintenance,394,0,1,1
2025-05-06,15,60119,24,104,50,Closed,High,Clean,False,0.7,Track 11,Standby,178,0,0,1
2025-05-06,16,88756,2,4,330,Closed,Medium,Clean,False,13.9,Track 3,Inducted,336,1,0,1
2025-05-06,17,183410,23,4,263,Open,Medium,Clean,False,0.0,Track 15,Maintenance,290,1,1,1
2025-05-06,18,60257,80,156,172,Open,Medium,Clean,False,0.0,Track 8,Maintenance,408,0,1,1
2025-05-06,19,191408,31,136,109,Closed,High,Clean,False,9.6,Track 8,Inducted,276,0,0,1
2025-05-06,20,144654,13,39,185,Open,Low,Clean,False,0.0,Track 15,Maintenance,237,0,1,1
2025-05-06,21,72319,59,97,327,Closed,Medium,Clean,True,1.3,Track 4,Standby,483,0,0,1
2025-05-06,22,124677,45,56,230,Closed,High,Clean,False,1.0,Track 12,Standby,331,0,0,1
2025-05-06,23,153227,2,101,40,Closed,High,Clean,False,10.8,Track 9,Inducted,143,1,0,1
2025-05-06,24,129107,86,160,289,Closed,Medium,Clean,False,13.2,Track 5,Inducted,535,0,0,1
2025-05-06,25,76848,29,173,109,Closed,Low,Clean,False,0.8,Track 6,Standby,311,0,0,1
2025-05-07,1,131994,46,168,158,Open,Low,Clean,False,0.0,Track 4,Maintenance,372,0,1,2
2025-05-07,2,101432,69,3,165,Open,Low,Clean,False,0.0,Track 12,Maintenance,237,1,1,2
2025-05-07,3,97358,11,100,229,Closed,Low,Clean,False,0.8,Track 14,Standby,340,0,0,2
2025-05-07,4,113220,60,175,83,Closed,High,Clean,False,0.8,Track 11,Standby,318,0,0,2
2025-05-07,5,155135,20,166,254,Closed,Medium,Clean,False,11.5,Track 13,Inducted,440,0,0,2
2025-05-07,6,200192,57,105,88,Closed,Medium,Clean,False,1.4,Track 12,Standby,250,0,0,2
2025-05-07,7,125738,19,14,74,Closed,High,Clean,False,13.4,Track 2,Inducted,107,0,0,2
2025-05-07,8,199882,6,69,246,Closed,High,Clean,False,9.8,Track 10,Inducted,321,1,0,2
2025-05-07,9,186132,77,119,102,Closed,Medium,Clean,False,1.0,Track 15,Standby,298,0,0,2
2025-05-07,10,190634,89,154,186,Open,High,Clean,False,0.0,Track 10,Maintenance,429,0,1,2
2025-05-07,11,165929,21,96,120,Closed,Low,Clean,False,0.6,Track 13,Standby,237,0,0,2
2025-05-07,12,94096,90,89,168,Closed,Medium,Clean,False,0.9,Track 12,Standby,347,0,0,2
2025-05-07,13,143083,61,57,136,Closed,Low,Clean,False,1.1,Track 15,Standby,254,0,0,2
2025-05-07,14,189558,66,135,190,Open,Low,Clean,False,0.0,Track 3,Maintenance,391,0,1,2
2025-05-07,15,60638,23,103,49,Closed,High,Clean,False,11.8,Track 1,Inducted,175,0,0,2
2025-05-07,16,88756,1,3,329,Open,Medium,Clean,False,0.0,Track 11,Maintenance,333,1,1,2
2025-05-07,17,183410,22,3,262,Open,Medium,Clean,False,0.0,Track 6,Maintenance,287,1,1,2
2025-05-07,18,60300,79,155,171,Closed,Medium,Clean,False,0.8,Track 6,Standby,405,0,0,2
2025-05-07,19,191748,30,135,108,Closed,High,Clean,False,10.0,Track 11,Inducted,273,0,0,2
2025-05-07,20,144654,12,38,184,Open,Low,Clean,False,0.0,Track 6,Maintenance,234,0,1,2
2025-05-07,21,72319,58,96,326,Open,Medium,Scheduled,True,0.0,Track 15,Maintenance,480,0,1,2
2025-05-07,22,124677,44,55,229,Open,High,Clean,False,0.0,Track 10,Maintenance,328,0,1,2
2025-05-07,23,153266,1,100,39,Closed,High,Clean,False,0.6,Track 14,Standby,140,1,0,2
2025-05-07,24,129126,85,159,288,Closed,Medium,Clean,False,1.2,Track 12,Standby,532,0,0,2
2025-05-07,25,76848,28,172,108,Open,Low,Clean,False,0.0,Track 1,Maintenance,308,0,1,2
2025-05-08,1,131995,45,167,157,Closed,Low,Clean,False,0.5,Track 9,Standby,369,0,0,3
2025-05-08,2,101432,68,2,164,Open,Low,Clean,False,0.0,Track 2,Maintenance,234,1,1,3
2025-05-08,3,97361,10,99,228,Closed,Low,Scheduled,True,1.1,Track 15,Standby,337,0,0,3
2025-05-08,4,113586,59,174,82,Closed,High,Clean,False,13.3,Track 3,Inducted,315,0,0,3
2025-05-08,5,155471,19,165,253,Closed,Medium,Clean,False,9.7,Track 12,Inducted,437,0,0,3
2025-05-08,6,200530,56,104,87,Closed,Medium,Clean,False,9.1,Track 13,Inducted,247,0,0,3
2025-05-08,7,125754,18,13,73,Closed,High,Clean,False,1.3,Track 13,Standby,104,0,0,3
2025-05-08,8,200312,5,68,245,Closed,High,Clean,False,11.7,Track 12,Inducted,318,1,0,3
2025-05-08,9,186132,76,118,101,Open,Medium,Clean,False,0.0,Track 11,Maintenance,295,0,1,3
2025-05-08,10,190634,88,153,185,Open,High,Clean,False,0.0,Track 7,Maintenance,426,0,1,3
2025-05-08,11,165969,20,95,119,Closed,Low,Clean,False,0.6,Track 11,Standby,234,0,0,3
2025-05-08,12,94096,89,88,167,Open,Medium,Clean,False,0.0,Track 10,Maintenance,344,0,1,3
2025-05-08,13,143093,60,56,135,Closed,Low,Clean,False,1.4,Track 4,Standby,251,0,0,3
2025-05-08,14,189884,65,134,189,Closed,Low,Clean,False,10.6,Track 6,Inducted,388,0,0,3
2025-05-08,15,60676,22,102,48,Closed,High,Clean,False,1.2,Track 13,Standby,172,0,0,3
2025-05-08,16,88756,90,2,328,Open,Medium,Clean,False,0.0,Track 2,Maintenance,420,1,1,3
2025-05-08,17,183442,21,2,261,Closed,Medium,Clean,False,1.3,Track 7,Standby,284,1,0,3
2025-05-08,18,60323,78,154,170,Closed,Medium,Scheduled,True,0.7,Track 8,Standby,402,0,0,3
2025-05-08,19,191784,29,134,107,Closed,High,Clean,False,1.1,Track 6,Standby,270,0,0,3
2025-05-08,20,144681,11,37,183,Closed,Low,Clean,False,1.0,Track 10,Standby,231,0,0,3
2025-05-08,21,72319,57,95,325,Open,Medium,Scheduled,True,0.0,Track 14,Maintenance,477,0,1,3
2025-05-08,22,125265,43,54,228,Closed,High,Clean,False,10.4,Track 3,Inducted,325,0,0,3
2025-05-08,23,153662,90,99,38,Closed,High,Clean,False,8.9,Track 9,Inducted,227,0,0,3
2025-05-08,24,129644,84,158,287,Closed,Medium,Clean,False,12.8,Track 11,Inducted,529,0,0,3
2025-05-08,25,77389,27,171,107,Closed,Low,Clean,False,12.1,Track 3,Inducted,305,0,0,3
2025-05-09,1,132029,44,166,156,Closed,Low,Clean,False,0.8,Track 2,Standby,366,0,0,4
2025-05-09,2,101786,67,1,163,Closed,Low,Clean,False,12.7,Track 13,Inducted,231,1,0,4
2025-05-09,3,97361,9,98,227,Open,Low,Clean,False,0.0,Track 11,Maintenance,334,0,1,4
2025-05-09,4,114043,58,173,81,Closed,High,Clean,False,13.9,Track 6,Inducted,312,0,0,4
2025-05-09,5,155797,18,164,252,Closed,Medium,Clean,False,13.8,Track 11,Inducted,434,0,0,4
2025-05-09,6,200554,55,103,86,Closed,Medium,Clean,False,0.9,Track 7,Standby,244,0,0,4
2025-05-09,7,125779,17,12,72,Closed,High,Clean,False,0.9,Track 12,Standby,101,0,0,4
2025-05-09,8,200822,4,67,244,Closed,High,Clean,False,9.2,Track 2,Inducted,315,1,0,4
2025-05-09,9,186456,75,117,100,Closed,Medium,Clean,False,9.4,Track 10,Inducted,292,0,0,4
2025-05-09,10,190679,87,152,184,Closed,High,Clean,False,0.9,Track 8,Standby,423,0,0,4
2025-05-09,11,165975,19,94,118,Closed,Low,Clean,False,1.0,Track 2,Standby,231,0,0,4
2025-05-09,12,94096,88,87,166,Open,Medium,Clean,False,0.0,Track 8,Maintenance,341,0,1,4
2025-05-09,13,143136,59,55,134,Closed,Low,Clean,False,0.8,Track 12,Standby,248,0,0,4
2025-05-09,14,189904,64,133,188,Closed,Low,Clean,False,0.8,Track 5,Standby,385,0,0,4
2025-05-09,15,61146,21,101,47,Closed,High,Clean,False,10.8,Track 11,Inducted,169,0,0,4
2025-05-09,16,89328,89,1,327,Closed,Medium,Clean,False,13.9,Track 8,Inducted,417,1,0,4
2025-05-09,17,183990,20,1,260,Closed,Medium,Clean,False,13.5,Track 15,Inducted,281,1,0,4
2025-05-09,18,60695,77,153,169,Closed,Medium,Clean,False,10.2,Track 15,Inducted,399,0,0,4
2025-05-09,19,192107,28,133,106,Closed,High,Clean,False,12.0,Track 3,Inducted,267,0,0,4
2025-05-09,20,144983,10,36,182,Closed,Low,Clean,False,8.0,Track 14,Inducted,228,0,0,4
2025-05-09,21,72319,56,94,324,Open,Medium,Scheduled,True,0.0,Track 10,Maintenance,474,0,1,4
2025-05-09,22,125265,42,53,227,Open,High,Clean,False,0.0,Track 12,Maintenance,322,0,1,4
2025-05-09,23,153671,89,98,37,Closed,High,Clean,False,1.1,Track 7,Standby,224,0,0,4
2025-05-09,24,129681,83,157,286,Closed,Medium,Clean,False,1.2,Track 8,Standby,526,0,0,4
2025-05-09,25,77411,26,170,106,Closed,Low,Clean,False,0.8,Track 8,Standby,302,0,0,4
2025-05-10,1,132029,43,165,155,Open,Low,Clean,False,0.0,Track 9,Maintenance,363,0,1,5
2025-05-10,2,101786,66,180,162,Open,Low,Clean,False,0.0,Track 8,Maintenance,408,0,1,5
2025-05-10,3,97379,8,97,226,Closed,Low,Clean,False,0.6,Track 10,Standby,331,0,0,5
2025-05-10,4,114536,57,172,80,Closed,High,Clean,False,9.5,Track 12,Inducted,309,0,0,5
2025-05-10,5,155797,17,163,251,Open,Medium,Clean,False,0.0,Track 12,Maintenance,431,0,1,5
2025-05-10,6,201055,54,102,85,Closed,Medium,Clean,False,10.7,Track 8,Inducted,241,0,0,5
2025-05-10,7,125815,16,11,71,Closed,High,Clean,False,0.7,Track 15,Standby,98,0,0,5
2025-05-10,8,200839,3,66,243,Closed,High,Clean,False,1.1,Track 3,Standby,312,1,0,5
2025-05-10,9,186456,74,116,99,Open,Medium,Clean,False,0.0,Track 9,Maintenance,289,0,1,5
2025-05-10,10,190696,86,151,183,Closed,High,Clean,False,1.2,Track 1,Standby,420,0,0,5
2025-05-10,11,166518,18,93,117,Closed,Low,Clean,False,8.4,Track 14,Inducted,228,0,0,5
2025-05-10,12,94096,87,86,165,Open,Medium,Clean,False,0.0,Track 6,Maintenance,338,0,1,5
2025-05-10,13,143167,58,54,133,Closed,Low,Clean,False,0.8,Track 14,Standby,245,0,0,5
2025-05-10,14,189933,63,132,187,Closed,Low,Clean,False,1.4,Track 3,Standby,382,0,0,5
2025-05-10,15,61645,20,100,46,Closed,High,Clean,False,13.1,Track 15,Inducted,166,0,0,5
2025-05-10,16,89895,88,180,326,Closed,Medium,Clean,False,13.8,Track 2,Inducted,594,0,0,5
2025-05-10,17,183990,19,180,259,Open,Medium,Clean,False,0.0,Track 2,Maintenance,458,0,1,5
2025-05-10,18,61232,76,152,168,Closed,Medium,Clean,False,12.5,Track 7,Inducted,396,0,0,5
2025-05-10,19,192471,27,132,105,Closed,High,Clean,False,11.6,Track 9,Inducted,264,0,0,5
2025-05-10,20,145368,9,35,181,Closed,Low,Clean,False,11.0,Track 5,Inducted,225,0,0,5
2025-05-10,21,72362,55,93,323,Closed,Medium,Scheduled,True,1.2,Track 10,Standby,471,0,0,5
2025-05-10,22,125265,41,52,226,Open,High,Clean,False,0.0,Track 14,Maintenance,319,0,1,5
2025-05-10,23,153671,88,97,36,Open,High,Clean,False,0.0,Track 13,Maintenance,221,0,1,5
2025-05-10,24,130026,82,156,285,Closed,Medium,Clean,False,8.7,Track 6,Inducted,523,0,0,5
2025-05-10,25,77411,25,169,105,Open,Low,Clean,False,0.0,Track 4,Maintenance,299,0,1,5
2025-05-11,1,132029,42,164,154,Open,Low,Clean,False,0.0,Track 10,Maintenance,360,0,1,6
2025-05-11,2,102386,65,179,161,Closed,Low,Clean,False,12.4,Track 5,Inducted,405,0,0,6
2025-05-11,3,97752,7,96,225,Closed,Low,Clean,False,9.8,Track 11,Inducted,328,1,0,6
2025-05-11,4,115009,56,171,79,Closed,High,Clean,False,9.2,Track 15,Inducted,306,0,0,6
2025-05-11,5,155797,16,162,250,Open,Medium,Clean,False,0.0,Track 2,Maintenance,428,0,1,6
2025-05-11,6,201055,53,101,84,Open,Medium,Clean,False,0.0,Track 7,Maintenance,238,0,1,6
2025-05-11,7,126301,15,10,70,Closed,High,Clean,False,10.2,Track 13,Inducted,95,0,0,6
2025-05-11,8,200886,2,65,242,Closed,High,Clean,False,1.4,Track 9,Standby,309,1,0,6
2025-05-11,9,186768,73,115,98,Closed,Medium,Clean,False,11.1,Track 10,Inducted,286,0,0,6
2025-05-11,10,190726,85,150,182,Closed,High,Clean,False,0.5,Track 15,Standby,417,0,0,6
2025-05-11,11,166518,17,92,116,Open,Low,Clean,False,0.0,Track 9,Maintenance,225,0,1,6
2025-05-11,12,94590,86,85,164,Closed,Medium,Clean,False,10.0,Track 10,Inducted,335,0,0,6
2025-05-11,13,143715,57,53,132,Closed,Low,Clean,False,12.2,Track 11,Inducted,242,0,0,6
2025-05-11,14,189976,62,131,186,Closed,Low,Clean,False,0.7,Track 7,Standby,379,0,0,6
2025-05-11,15,61995,19,99,45,Closed,High,Clean,False,12.2,Track 8,Inducted,163,0,0,6
2025-05-11,16,89895,87,179,325,Open,Medium,Clean,False,0.0,Track 3,Maintenance,591,0,1,6
2025-05-11,17,184014,18,179,258,Closed,Medium,Clean,False,0.5,Track 12,Standby,455,0,0,6
2025-05-11,18,61252,75,151,167,Closed,Medium,Clean,False,1.2,Track 10,Standby,393,0,0,6
2025-05-11,19,192973,26,131,104,Closed,High,Clean,False,12.2,Track 12,Inducted,261,0,0,6
2025-05-11,20,145374,8,34,180,Closed,Low,Clean,False,0.9,Track 12,Standby,222,0,0,6
2025-05-11,21,72758,54,92,322,Closed,Medium,Clean,False,10.5,Track 7,Inducted,468,0,0,6
2025-05-11,22,125278,40,51,225,Closed,High,Clean,False,0.6,Track 5,Standby,316,0,0,6
2025-05-11,23,153671,87,96,35,Open,High,Clean,False,0.0,Track 5,Maintenance,218,0,1,6
2025-05-11,24,130429,81,155,284,Closed,Medium,Clean,False,9.8,Track 2,Inducted,520,0,0,6
2025-05-11,25,77411,24,168,104,Open,Low,Clean,True,0.0,Track 15,Maintenance,296,0,1,6
2025-05-12,1,132043,41,163,153,Closed,Low,Clean,False,0.6,Track 7,Standby,357,0,0,0
2025-05-12,2,102912,64,178,160,Closed,Low,Clean,False,8.9,Track 3,Inducted,402,0,0,0
2025-05-12,3,98195,6,95,224,Closed,Low,Clean,False,10.1,Track 8,Inducted,325,1,0,0
2025-05-12,4,115332,55,170,78,Closed,High,Clean,False,10.7,Track 14,Inducted,303,0,0,0
2025-05-12,5,155797,15,161,249,Open,Medium,Clean,False,0.0,Track 5,Maintenance,425,0,1,0
2025-05-12,6,201055,52,100,83,Open,Medium,Clean,False,0.0,Track 3,Maintenance,235,0,1,0
2025-05-12,7,126820,14,9,69,Closed,High,Clean,False,12.3,Track 4,Inducted,92,0,0,0
2025-05-12,8,200886,1,64,241,Open,High,Clean,False,0.0,Track 6,Maintenance,306,1,1,0
2025-05-12,9,186786,72,114,97,Closed,Medium,Clean,False,0.7,Track 10,Standby,283,0,0,0
2025-05-12,10,190729,84,149,181,Closed,High,Clean,False,1.5,Track 8,Standby,414,0,0,0
2025-05-12,11,166550,16,91,115,Closed,Low,Clean,False,1.4,Track 3,Standby,222,0,0,0
2025-05-12,12,94619,85,84,163,Closed,Medium,Clean,False,1.3,Track 13,Standby,332,0,0,0
2025-05-12,13,144136,56,52,131,Closed,Low,Clean,False,9.1,Track 14,Inducted,239,0,0,0
2025-05-12,14,189984,61,130,185,Closed,Low,Clean,False,0.9,Track 7,Standby,376,0,0,0
2025-05-12,15,62021,18,98,44,Closed,High,Clean,False,1.1,Track 12,Standby,160,0,0,0
2025-05-12,16,89938,86,178,324,Closed,Medium,Clean,False,0.8,Track 14,Standby,588,0,0,0
2025-05-12,17,184049,17,178,257,Closed,Medium,Clean,False,0.7,Track 11,Standby,452,0,0,0
2025-05-12,18,61274,74,150,166,Closed,Medium,Clean,False,1.3,Track 13,Standby,390,0,0,0
2025-05-12,19,193019,25,130,103,Closed,High,Clean,False,1.4,Track 2,Standby,258,0,0,0
2025-05-12,20,145403,7,33,179,Closed,Low,Clean,False,0.8,Track 5,Standby,219,1,0,0
2025-05-12,21,72758,53,91,321,Open,Medium,Clean,False,0.0,Track 10,Maintenance,465,0,1,0
2025-05-12,22,125740,39,50,224,Closed,High,Clean,False,13.1,Track 12,Inducted,313,0,0,0
2025-05-12,23,153671,86,95,34,Open,High,Clean,False,0.0,Track 1,Maintenance,215,0,1,0
2025-05-12,24,130429,80,154,283,Open,Medium,Clean,False,0.0,Track 11,Maintenance,517,0,1,0
2025-05-12,25,77425,23,167,103,Closed,Low,Clean,True,1.3,Track 11,Standby,293,0,0,0
2025-05-13,1,132429,40,162,152,Closed,Low,Clean,False,9.3,Track 13,Inducted,354,0,0,1
2025-05-13,2,103353,63,177,159,Closed,Low,Clean,False,9.4,Track 8,Inducted,399,0,0,1
2025-05-13,3,98765,5,94,223,Closed,Low,Clean,False,9.3,Track 14,Inducted,322,1,0,1
2025-05-13,4,115350,54,169,77,Closed,High,Clean,False,0.7,Track 7,Standby,300,0,0,1
2025-05-13,5,156299,14,160,248,Closed,Medium,Clean,False,11.3,Track 5,Inducted,422,0,0,1
2025-05-13,6,201628,51,99,82,Closed,Medium,Clean,False,10.1,Track 10,Inducted,232,0,0,1
2025-05-13,7,127317,13,8,68,Closed,High,Clean,False,9.5,Track 4,Inducted,89,0,0,1
2025-05-13,8,200886,90,63,240,Open,High,Clean,False,0.0,Track 2,Maintenance,393,0,1,1
2025-05-13,9,187115,71,113,96,Closed,Medium,Clean,False,10.8,Track 4,Inducted,280,0,0,1
2025-05-13,10,190769,83,148,180,Closed,High,Clean,False,0.5,Track 7,Standby,411,0,0,1
2025-05-13,11,166599,15,90,114,Closed,Low,Clean,False,0.8,Track 15,Standby,219,0,0,1
2025-05-13,12,94624,84,83,162,Closed,Medium,Clean,False,1.3,Track 14,Standby,329,0,0,1
2025-05-13,13,144168,55,51,130,Closed,Low,Clean,False,1.1,Track 1,Standby,236,0,0,1
2025-05-13,14,190568,60,129,184,Closed,Low,Clean,False,8.5,Track 6,Inducted,373,0,0,1
2025-05-13,15,62021,17,97,43,Open,High,Clean,False,0.0,Track 11,Maintenance,157,0,1,1
2025-05-13,16,89950,85,177,323,Closed,Medium,Scheduled,True,1.2,Track 5,Standby,585,0,0,1
2025-05-13,17,184446,16,177,256,Closed,Medium,Clean,False,12.1,Track 2,Inducted,449,0,0,1
2025-05-13,18,61295,73,149,165,Closed,Medium,Clean,False,1.1,Track 11,Standby,387,0,0,1
2025-05-13,19,193489,24,129,102,Closed,High,Clean,False,9.3,Track 12,Inducted,255,0,0,1
2025-05-13,20,145775,6,32,178,Closed,Low,Clean,False,9.0,Track 13,Inducted,216,1,0,1
2025-05-13,21,72798,52,90,320,Closed,Medium,Clean,False,1.4,Track 4,Standby,462,0,0,1
2025-05-13,22,125781,38,49,223,Closed,High,Clean,False,0.6,Track 1,Standby,310,0,0,1
2025-05-13,23,153684,85,94,33,Closed,High,Clean,False,0.8,Track 14,Standby,212,0,0,1
2025-05-13,24,130433,79,153,282,Closed,Medium,Scheduled,True,0.6,Track 12,Standby,514,0,0,1
2025-05-13,25,77427,22,166,102,Closed,Low,Scheduled,True,1.4,Track 6,Standby,290,0,0,1
2025-05-14,1,132444,39,161,151,Closed,Low,Clean,False,1.5,Track 10,Standby,351,0,0,2
2025-05-14,2,103804,62,176,158,Closed,Low,Clean,False,12.3,Track 9,Inducted,396,0,0,2
2025-05-14,3,99110,4,93,222,Closed,Low,Clean,False,11.8,Track 10,Inducted,319,1,0,2
2025-05-14,4,115922,53,168,76,Closed,High,Clean,False,9.2,Track 15,Inducted,297,0,0,2
2025-05-14,5,156348,13,159,247,Closed,Medium,Clean,False,1.3,Track 9,Standby,419,0,0,2
2025-05-14,6,202206,50,98,81,Closed,Medium,Clean,False,12.2,Track 13,Inducted,229,0,0,2
2025-05-14,7,127319,12,7,67,Closed,High,Clean,False,0.7,Track 2,Standby,86,1,0,2
2025-05-14,8,200893,89,62,239,Closed,High,Clean,False,0.9,Track 8,Standby,390,0,0,2
2025-05-14,9,187544,70,112,95,Closed,Medium,Clean,False,11.3,Track 3,Inducted,277,0,0,2
2025-05-14,10,190813,82,147,179,Closed,High,Clean,False,1.2,Track 13,Standby,408,0,0,2
2025-05-14,11,167090,14,89,113,Closed,Low,Clean,False,12.6,Track 10,Inducted,216,0,0,2
2025-05-14,12,94624,83,82,161,Open,Medium,Clean,False,0.0,Track 2,Maintenance,326,0,1,2
2025-05-14,13,144212,54,50,129,Closed,Low,Clean,False,0.5,Track 3,Standby,233,0,0,2
2025-05-14,14,190568,59,128,183,Open,Low,Clean,False,0.0,Track 15,Maintenance,370,0,1,2
2025-05-14,15,62514,16,96,42,Closed,High,Clean,False,8.6,Track 14,Inducted,154,0,0,2
2025-05-14,16,89997,84,176,322,Closed,Medium,Clean,False,1.4,Track 1,Standby,582,0,0,2
2025-05-14,17,184879,15,176,255,Closed,Medium,Clean,False,8.1,Track 9,Inducted,446,0,0,2
2025-05-14,18,61295,72,148,164,Open,Medium,Clean,False,0.0,Track 6,Maintenance,384,0,1,2
2025-05-14,19,193991,23,128,101,Closed,High,Clean,False,12.7,Track 4,Inducted,252,0,0,2
2025-05-14,20,146096,5,31,177,Closed,Low,Clean,False,11.1,Track 6,Inducted,213,1,0,2
2025-05-14,21,72825,51,89,319,Closed,Medium,Clean,False,1.5,Track 2,Standby,459,0,0,2
2025-05-14,22,125783,37,48,222,Closed,High,Clean,False,0.8,Track 15,Standby,307,0,0,2
2025-05-14,23,153698,84,93,32,Closed,High,Clean,False,1.3,Track 8,Standby,209,0,0,2
2025-05-14,24,130467,78,152,281,Closed,Medium,Clean,False,1.4,Track 14,Standby,511,0,0,2
2025-05-14,25,77448,21,165,101,Closed,Low,Clean,False,0.9,Track 14,Standby,287,0,0,2
2025-05-15,1,132943,38,160,150,Closed,Low,Clean,False,9.5,Track 15,Inducted,348,0,0,3
2025-05-15,2,104215,61,175,157,Closed,Low,Clean,False,11.6,Track 14,Inducted,393,0,0,3
2025-05-15,3,99586,3,92,221,Closed,Low,Clean,False,8.8,Track 13,Inducted,316,1,0,3
2025-05-15,4,116368,52,167,75,Closed,High,Clean,False,8.6,Track 15,Inducted,294,0,0,3
2025-05-15,5,156383,12,158,246,Closed,Medium,Clean,False,1.0,Track 14,Standby,416,0,0,3
2025-05-15,6,202626,49,97,80,Closed,Medium,Clean,False,10.6,Track 10,Inducted,226,0,0,3
2025-05-15,7,127827,11,6,66,Closed,High,Clean,True,12.0,Track 1,Inducted,83,1,0,3
2025-05-15,8,201309,88,61,238,Closed,High,Clean,False,10.4,Track 11,Inducted,387,0,0,3
2025-05-15,9,187585,69,111,94,Closed,Medium,Clean,False,0.9,Track 9,Standby,274,0,0,3
2025-05-15,10,190824,81,146,178,Closed,High,Clean,False,1.2,Track 3,Standby,405,0,0,3
2025-05-15,11,167119,13,88,112,Closed,Low,Clean,False,1.3,Track 1,Standby,213,0,0,3
2025-05-15,12,94971,82,81,160,Closed,Medium,Clean,False,11.1,Track 1,Inducted,323,0,0,3
2025-05-15,13,144258,53,49,128,Closed,Low,Clean,False,0.7,Track 8,Standby,230,0,0,3
2025-05-15,14,190568,58,127,182,Open,Low,Clean,False,0.0,Track 13,Maintenance,367,0,1,3
2025-05-15,15,62514,15,95,41,Open,High,Clean,False,0.0,Track 11,Maintenance,151,0,1,3
2025-05-15,16,90018,83,175,321,Closed,Medium,Clean,False,1.0,Track 13,Standby,579,0,0,3
2025-05-15,17,185419,14,175,254,Closed,Medium,Clean,False,9.0,Track 12,Inducted,443,0,0,3
2025-05-15,18,61295,71,147,163,Open,Medium,Clean,False,0.0,Track 9,Maintenance,381,0,1,3
2025-05-15,19,194372,22,127,100,Closed,High,Clean,False,9.8,Track 6,Inducted,249,0,0,3
2025-05-15,20,146692,4,30,176,Closed,Low,Clean,False,11.6,Track 2,Inducted,210,1,0,3
2025-05-15,21,72825,50,88,318,Open,Medium,Clean,False,0.0,Track 8,Maintenance,456,0,1,3
2025-05-15,22,125783,36,47,221,Open,High,Scheduled,True,0.0,Track 4,Maintenance,304,0,1,3
2025-05-15,23,153747,83,92,31,Closed,High,Scheduled,True,1.0,Track 4,Standby,206,0,0,3
2025-05-15,24,131022,77,151,280,Closed,Medium,Clean,False,8.9,Track 6,Inducted,508,0,0,3
2025-05-15,25,77813,20,164,100,Closed,Low,Clean,False,11.1,Track 10,Inducted,284,0,0,3
2025-05-16,1,132943,37,159,149,Open,Low,Clean,False,0.0,Track 10,Maintenance,345,0,1,4
2025-05-16,2,104261,60,174,156,Closed,Low,Clean,False,0.5,Track 14,Standby,390,0,0,4
2025-05-16,3,100157,2,91,220,Closed,Low,Clean,False,10.2,Track 12,Inducted,313,1,0,4
2025-05-16,4,116754,51,166,74,Closed,High,Clean,False,13.7,Track 10,Inducted,291,0,0,4
2025-05-16,5,156383,11,157,245,Open,Medium,Clean,False,0.0,Track 5,Maintenance,413,0,1,4
2025-05-16,6,202662,48,96,79,Closed,Medium,Clean,False,1.4,Track 8,Standby,223,0,0,4
2025-05-16,7,127846,10,5,65,Closed,High,Scheduled,True,1.2,Track 5,Standby,80,1,0,4
2025-05-16,8,201309,87,60,237,Open,High,Clean,False,0.0,Track 8,Maintenance,384,0,1,4
2025-05-16,9,187585,68,110,93,Open,Medium,Clean,False,0.0,Track 14,Maintenance,271,0,1,4
2025-05-16,10,190827,80,145,177,Closed,High,Clean,False,1.3,Track 4,Standby,402,0,0,4
2025-05-16,11,167660,12,87,111,Closed,Low,Clean,False,12.0,Track 7,Inducted,210,0,0,4
2025-05-16,12,95484,81,80,159,Closed,Medium,Clean,False,8.4,Track 13,Inducted,320,0,0,4
2025-05-16,13,144258,52,48,127,Open,Low,Clean,False,0.0,Track 9,Maintenance,227,0,1,4
2025-05-16,14,190994,57,126,181,Closed,Low,Clean,False,10.4,Track 11,Inducted,364,0,0,4
2025-05-16,15,63021,14,94,40,Closed,High,Clean,False,8.5,Track 8,Inducted,148,0,0,4
2025-05-16,16,90028,82,174,320,Closed,Medium,Clean,False,1.0,Track 5,Standby,576,0,0,4
2025-05-16,17,185419,13,174,253,Open,Medium,Clean,False,0.0,Track 7,Maintenance,440,0,1,4
2025-05-16,18,61752,70,146,162,Closed,Medium,Clean,False,11.4,Track 10,Inducted,378,0,0,4
2025-05-16,19,194794,21,126,99,Closed,High,Clean,False,11.6,Track 12,Inducted,246,0,0,4
2025-05-16,20,146726,3,29,175,Closed,Low,Clean,False,1.0,Track 2,Standby,207,1,0,4
2025-05-16,21,72837,49,87,317,Closed,Medium,Clean,False,0.7,Track 2,Standby,453,0,0,4
2025-05-16,22,125822,35,46,220,Closed,High,Scheduled,True,1.3,Track 5,Standby,301,0,0,4
2025-05-16,23,154346,82,91,30,Closed,High,Clean,False,10.8,Track 9,Inducted,203,0,0,4
2025-05-16,24,131025,76,150,279,Closed,Medium,Clean,False,0.7,Track 2,Standby,505,0,0,4
2025-05-16,25,77851,19,163,99,Closed,Low,Clean,False,0.7,Track 3,Standby,281,0,0,4
2025-05-17,1,133405,36,158,148,Closed,Low,Clean,False,13.2,Track 8,Inducted,342,0,0,5
2025-05-17,2,104261,59,173,155,Open,Low,Clean,False,0.0,Track 15,Maintenance,387,0,1,5
2025-05-17,3,100157,1,90,219,Open,Low,Clean,False,0.0,Track 8,Maintenance,310,1,1,5
2025-05-17,4,116754,50,165,73,Open,High,Clean,False,0.0,Track 12,Maintenance,288,0,1,5
2025-05-17,5,156789,10,156,244,Closed,Medium,Clean,False,8.2,Track 12,Inducted,410,0,0,5
2025-05-17,6,203126,47,95,78,Closed,Medium,Clean,False,8.6,Track 15,Inducted,220,0,0,5
2025-05-17,7,127846,9,4,64,Open,High,Clean,False,0.0,Track 9,Maintenance,77,1,1,5
2025-05-17,8,201668,86,59,236,Closed,High,Clean,False,9.3,Track 10,Inducted,381,0,0,5
2025-05-17,9,187593,67,109,92,Closed,Medium,Clean,False,0.9,Track 8,Standby,268,0,0,5
2025-05-17,10,190875,79,144,176,Closed,High,Scheduled,True,0.6,Track 11,Standby,399,0,0,5
2025-05-17,11,167660,11,86,110,Open,Low,Clean,False,0.0,Track 1,Maintenance,207,0,1,5
2025-05-17,12,95786,80,79,158,Closed,Medium,Clean,False,8.5,Track 14,Inducted,317,0,0,5
2025-05-17,13,144258,51,47,126,Open,Low,Clean,False,0.0,Track 6,Maintenance,224,0,1,5
2025-05-17,14,191026,56,125,180,Closed,Low,Scheduled,True,1.2,Track 1,Standby,361,0,0,5
2025-05-17,15,63040,13,93,39,Closed,High,Clean,False,1.4,Track 14,Standby,145,0,0,5
2025-05-17,16,90076,81,173,319,Closed,Medium,Clean,False,1.4,Track 13,Standby,573,0,0,5
2025-05-17,17,185429,12,173,252,Closed,Medium,Clean,False,1.4,Track 10,Standby,437,0,0,5
2025-05-17,18,62062,69,145,161,Closed,Medium,Clean,False,13.4,Track 10,Inducted,375,0,0,5
2025-05-17,19,195249,20,125,98,Closed,High,Clean,False,11.3,Track 12,Inducted,243,0,0,5
2025-05-17,20,147167,2,28,174,Closed,Low,Clean,False,8.8,Track 4,Inducted,204,1,0,5
2025-05-17,21,72859,48,86,316,Closed,Medium,Clean,False,1.3,Track 8,Standby,450,0,0,5
2025-05-17,22,125829,34,45,219,Closed,High,Clean,False,1.1,Track 15,Standby,298,0,0,5
2025-05-17,23,154745,81,90,29,Closed,High,Clean,False,12.3,Track 5,Inducted,200,0,0,5
2025-05-17,24,131025,75,149,278,Open,Medium,Clean,False,0.0,Track 9,Maintenance,502,0,1,5
2025-05-17,25,77874,18,162,98,Closed,Low,Clean,False,0.8,Track 12,Standby,278,0,0,5
2025-05-18,1,133994,35,157,147,Closed,Low,Clean,False,8.3,Track 6,Inducted,339,0,0,6
2025-05-18,2,104620,58,172,154,Closed,Low,Clean,False,11.3,Track 14,Inducted,384,0,0,6
2025-05-18,3,100535,90,89,218,Closed,Low,Clean,False,11.5,Track 8,Inducted,397,0,0,6
2025-05-18,4,116798,49,164,72,Closed,High,Clean,False,1.1,Track 7,Standby,285,0,0,6
2025-05-18,5,156789,9,155,243,Open,Medium,Clean,False,0.0,Track 15,Maintenance,407,0,1,6
2025-05-18,6,203714,46,94,77,Closed,Medium,Clean,False,9.9,Track 4,Inducted,217,0,0,6
2025-05-18,7,128225,8,3,63,Closed,High,Clean,False,13.5,Track 10,Inducted,74,1,0,6
2025-05-18,8,201668,85,58,235,Open,High,Clean,False,0.0,Track 3,Maintenance,378,0,1,6
2025-05-18,9,187611,66,108,91,Closed,Medium,Clean,False,0.8,Track 3,Standby,265,0,0,6
2025-05-18,10,190875,78,143,175,Open,High,Clean,False,0.0,Track 1,Maintenance,396,0,1,6
2025-05-18,11,168094,10,85,109,Closed,Low,Clean,False,10.8,Track 11,Inducted,204,0,0,6
2025-05-18,12,95824,79,78,157,Closed,Medium,Clean,True,0.9,Track 7,Standby,314,0,0,6
2025-05-18,13,144258,50,46,125,Open,Low,Clean,False,0.0,Track 2,Maintenance,221,0,1,6
2025-05-18,14,191038,55,124,179,Closed,Low,Clean,False,1.4,Track 4,Standby,358,0,0,6
2025-05-18,15,63622,12,92,38,Closed,High,Clean,False,11.2,Track 15,Inducted,142,0,0,6
2025-05-18,16,90101,80,172,318,Closed,Medium,Clean,False,0.9,Track 3,Standby,570,0,0,6
2025-05-18,17,185429,11,172,251,Open,Medium,Clean,False,0.0,Track 14,Maintenance,434,0,1,6
2025-05-18,18,62473,68,144,160,Closed,Medium,Clean,False,11.6,Track 7,Inducted,372,0,0,6
2025-05-18,19,195843,19,124,97,Closed,High,Clean,False,8.3,Track 10,Inducted,240,0,0,6
2025-05-18,20,147167,1,27,173,Open,Low,Clean,False,0.0,Track 1,Maintenance,201,1,1,6
2025-05-18,21,72906,47,85,315,Closed,Medium,Clean,False,1.1,Track 6,Standby,447,0,0,6
2025-05-18,22,126399,33,44,218,Closed,High,Clean,False,12.8,Track 4,Inducted,295,0,0,6
2025-05-18,23,154745,80,89,28,Open,High,Clean,False,0.0,Track 9,Maintenance,197,0,1,6
2025-05-18,24,131025,74,148,277,Open,Medium,Clean,False,0.0,Track 13,Maintenance,499,0,1,6
2025-05-18,25,77896,17,161,97,Closed,Low,Clean,False,0.8,Track 8,Standby,275,0,0,6
2025-05-19,1,133994,34,156,146,Open,Low,Clean,False,0.0,Track 8,Maintenance,336,0,1,0
2025-05-19,2,104989,57,171,153,Closed,Low,Clean,False,10.5,Track 12,Inducted,381,0,0,0
2025-05-19,3,100584,89,88,217,Closed,Low,Clean,False,0.6,Track 3,Standby,394,0,0,0
2025-05-19,4,116798,48,163,71,Open,High,Clean,False,0.0,Track 3,Maintenance,282,0,1,0
2025-05-19,5,156792,8,154,242,Closed,Medium,Clean,False,1.3,Track 13,Standby,404,0,0,0
2025-05-19,6,203723,45,93,76,Closed,Medium,Clean,False,0.6,Track 10,Standby,214,0,0,0
2025-05-19,7,128640,7,2,62,Closed,High,Clean,False,10.8,Track 14,Inducted,71,1,0,0
2025-05-19,8,201668,84,57,234,Open,High,Clean,False,0.0,Track 2,Maintenance,375,0,1,0
2025-05-19,9,187646,65,107,90,Closed,Medium,Clean,False,1.5,Track 2,Standby,262,0,0,0
2025-05-19,10,190882,77,142,174,Closed,High,Clean,False,1.2,Track 2,Standby,393,0,0,0
2025-05-19,11,168094,9,84,108,Open,Low,Clean,False,0.0,Track 2,Maintenance,201,0,1,0
2025-05-19,12,95824,78,77,156,Open,Medium,Scheduled,True,0.0,Track 12,Maintenance,311,0,1,0
2025-05-19,13,144271,49,45,124,Closed,Low,Clean,False,0.7,Track 8,Standby,218,0,0,0
2025-05-19,14,191433,54,123,178,Closed,Low,Clean,False,10.0,Track 10,Inducted,355,0,0,0
2025-05-19,15,64005,11,91,37,Closed,High,Clean,False,9.4,Track 3,Inducted,139,0,0,0
2025-05-19,16,90106,79,171,317,Closed,Medium,Clean,False,1.4,Track 14,Standby,567,0,0,0
2025-05-19,17,185989,10,171,250,Closed,Medium,Clean,False,9.2,Track 1,Inducted,431,0,0,0
2025-05-19,18,62500,67,143,159,Closed,Medium,Clean,False,1.3,Track 9,Standby,369,0,0,0
2025-05-19,19,195843,18,123,96,Open,High,Clean,False,0.0,Track 11,Maintenance,237,0,1,0
2025-05-19,20,147733,90,26,172,Closed,Low,Clean,False,12.1,Track 5,Inducted,288,0,0,0
2025-05-19,21,73211,46,84,314,Closed,Medium,Clean,False,10.5,Track 6,Inducted,444,0,0,0
2025-05-19,22,126428,32,43,217,Closed,High,Clean,False,0.5,Track 14,Standby,292,0,0,0
2025-05-19,23,155301,79,88,27,Closed,High,Clean,False,10.6,Track 4,Inducted,194,0,0,0
2025-05-19,24,131521,73,147,276,Closed,Medium,Clean,False,10.9,Track 8,Inducted,496,0,0,0
2025-05-19,25,77896,16,160,96,Open,Low,Clean,False,0.0,Track 9,Maintenance,272,0,1,0
2025-05-20,1,134010,33,155,145,Closed,Low,Clean,False,1.4,Track 9,Standby,333,0,0,1
2025-05-20,2,105329,56,170,152,Closed,Low,Clean,False,9.8,Track 11,Inducted,378,0,0,1
2025-05-20,3,100584,88,87,216,Open,Low,Clean,False,0.0,Track 9,Maintenance,391,0,1,1
2025-05-20,4,116798,47,162,70,Open,High,Clean,False,0.0,Track 8,Maintenance,279,0,1,1
2025-05-20,5,156839,7,153,241,Closed,Medium,Clean,False,1.1,Track 5,Standby,401,1,0,1
2025-05-20,6,203725,44,92,75,Closed,Medium,Clean,False,0.5,Track 7,Standby,211,0,0,1
2025-05-20,7,128657,6,1,61,Closed,High,Clean,False,0.6,Track 8,Standby,68,1,0,1
2025-05-20,8,201695,83,56,233,Closed,High,Clean,False,0.9,Track 7,Standby,372,0,0,1
2025-05-20,9,187646,64,106,89,Open,Medium,Clean,False,0.0,Track 6,Maintenance,259,0,1,1
2025-05-20,10,191391,76,141,173,Closed,High,Clean,False,10.8,Track 2,Inducted,390,0,0,1
2025-05-20,11,168127,8,83,107,Closed,Low,Clean,False,1.0,Track 8,Standby,198,0,0,1
2025-05-20,12,95824,77,76,155,Open,Medium,Clean,True,0.0,Track 6,Maintenance,308,0,1,1
2025-05-20,13,144271,48,44,123,Open,Low,Clean,False,0.0,Track 14,Maintenance,215,0,1,1
2025-05-20,14,191992,53,122,177,Closed,Low,Clean,False,14.0,Track 8,Inducted,352,0,0,1
2025-05-20,15,64005,10,90,36,Open,High,Clean,False,0.0,Track 4,Maintenance,136,0,1,1
2025-05-20,16,90619,78,170,316,Closed,Medium,Clean,False,10.7,Track 10,Inducted,564,0,0,1
2025-05-20,17,185989,9,170,249,Open,Medium,Clean,False,0.0,Track 15,Maintenance,428,0,1,1
2025-05-20,18,62526,66,142,158,Closed,Medium,Clean,False,0.6,Track 9,Standby,366,0,0,1
2025-05-20,19,195887,17,122,95,Closed,High,Clean,False,1.3,Track 5,Standby,234,0,0,1
2025-05-20,20,148121,89,25,171,Closed,Low,Clean,False,11.1,Track 6,Inducted,285,0,0,1
2025-05-20,21,73216,45,83,313,Closed,Medium,Clean,False,1.4,Track 15,Standby,441,0,0,1
2025-05-20,22,126954,31,42,216,Closed,High,Clean,False,9.5,Track 4,Inducted,289,0,0,1
2025-05-20,23,155853,78,87,26,Closed,High,Clean,False,11.0,Track 15,Inducted,191,0,0,1
2025-05-20,24,131829,72,146,275,Closed,Medium,Clean,False,8.4,Track 15,Inducted,493,0,0,1
2025-05-20,25,78213,15,159,95,Closed,Low,Clean,False,9.8,Track 15,Inducted,269,0,0,1
2025-05-21,1,134010,32,154,144,Open,Low,Clean,False,0.0,Track 10,Maintenance,330,0,1,2
2025-05-21,2,105336,55,169,151,Closed,Low,Clean,False,0.9,Track 8,Standby,375,0,0,2
2025-05-21,3,101173,87,86,215,Closed,Low,Clean,False,10.5,Track 12,Inducted,388,0,0,2
2025-05-21,4,116798,46,161,69,Open,High,Clean,False,0.0,Track 5,Maintenance,276,0,1,2
2025-05-21,5,156879,6,152,240,Closed,Medium,Clean,False,1.4,Track 11,Standby,398,1,0,2
2025-05-21,6,204256,43,91,74,Closed,Medium,Clean,True,12.9,Track 3,Inducted,208,0,0,2
2025-05-21,7,128657,5,180,60,Open,High,Clean,False,0.0,Track 11,Maintenance,245,1,1,2
2025-05-21,8,201727,82,55,232,Closed,High,Clean,False,1.0,Track 12,Standby,369,0,0,2
2025-05-21,9,188215,63,105,88,Closed,Medium,Clean,False,13.2,Track 9,Inducted,256,0,0,2
2025-05-21,10,191792,75,140,172,Closed,High,Clean,False,9.1,Track 3,Inducted,387,0,0,2
2025-05-21,11,168168,7,82,106,Closed,Low,Clean,False,1.5,Track 9,Standby,195,1,0,2
2025-05-21,12,95837,76,75,154,Closed,Medium,Scheduled,True,1.4,Track 9,Standby,305,0,0,2
2025-05-21,13,144721,47,43,122,Closed,Low,Clean,False,8.8,Track 14,Inducted,212,0,0,2
2025-05-21,14,191993,52,121,176,Closed,Low,Clean,False,0.6,Track 12,Standby,349,0,0,2
2025-05-21,15,64015,9,89,35,Closed,High,Clean,False,0.9,Track 8,Standby,133,0,0,2
2025-05-21,16,90631,77,169,315,Closed,Medium,Clean,False,1.1,Track 13,Standby,561,0,0,2
2025-05-21,17,185995,8,169,248,Closed,Medium,Clean,False,0.6,Track 8,Standby,425,0,0,2
2025-05-21,18,63089,65,141,157,Closed,Medium,Clean,False,10.2,Track 7,Inducted,363,0,0,2
2025-05-21,19,196432,16,121,94,Closed,High,Clean,False,8.0,Track 14,Inducted,231,0,0,2
2025-05-21,20,148123,88,24,170,Closed,Low,Clean,False,1.3,Track 13,Standby,282,0,0,2
2025-05-21,21,73245,44,82,312,Closed,Medium,Clean,False,1.2,Track 13,Standby,438,0,0,2
2025-05-21,22,127504,30,41,215,Closed,High,Clean,False,10.4,Track 2,Inducted,286,0,0,2
2025-05-21,23,156205,77,86,25,Closed,High,Clean,False,13.9,Track 9,Inducted,188,0,0,2
2025-05-21,24,131867,71,145,274,Closed,Medium,Clean,False,1.3,Track 5,Standby,490,0,0,2
2025-05-21,25,78227,14,158,94,Closed,Low,Clean,False,0.9,Track 11,Standby,266,0,0,2
2025-05-22,1,134010,31,153,143,Open,Low,Clean,False,0.0,Track 7,Maintenance,327,0,1,3
2025-05-22,2,105382,54,168,150,Closed,Low,Clean,False,1.4,Track 3,Standby,372,0,0,3
2025-05-22,3,101499,86,85,214,Closed,Low,Clean,False,9.7,Track 7,Inducted,385,0,0,3
2025-05-22,4,116830,45,160,68,Closed,High,Clean,False,1.1,Track 9,Standby,273,0,0,3
2025-05-22,5,157181,5,151,239,Closed,Medium,Clean,False,8.8,Track 7,Inducted,395,1,0,3
2025-05-22,6,204256,42,90,73,Open,Medium,Clean,True,0.0,Track 4,Maintenance,205,0,1,3
2025-05-22,7,129151,4,179,59,Closed,High,Clean,False,12.6,Track 15,Inducted,242,1,0,3
2025-05-22,8,201743,81,54,231,Closed,High,Scheduled,True,1.3,Track 9,Standby,366,0,0,3
2025-05-22,9,188665,62,104,87,Closed,Medium,Clean,False,12.4,Track 3,Inducted,253,0,0,3
2025-05-22,10,191842,74,139,171,Closed,High,Clean,False,0.6,Track 11,Standby,384,0,0,3
2025-05-22,11,168204,6,81,105,Closed,Low,Clean,False,1.4,Track 1,Standby,192,1,0,3
2025-05-22,12,95837,75,74,153,Open,Medium,Clean,False,0.0,Track 9,Maintenance,302,0,1,3
2025-05-22,13,144756,46,42,121,Closed,Low,Clean,False,1.4,Track 12,Standby,209,0,0,3
2025-05-22,14,192471,51,120,175,Closed,Low,Clean,False,9.0,Track 15,Inducted,346,0,0,3
2025-05-22,15,64015,8,88,34,Open,High,Scheduled,True,0.0,Track 8,Maintenance,130,0,1,3
2025-05-22,16,90672,76,168,314,Closed,Medium,Clean,False,0.9,Track 5,Standby,558,0,0,3
2025-05-22,17,186015,7,168,247,Closed,Medium,Clean,False,1.3,Track 9,Standby,422,1,0,3
2025-05-22,18,63089,64,140,156,Open,Medium,Clean,False,0.0,Track 14,Maintenance,360,0,1,3
2025-05-22,19,196857,15,120,93,Closed,High,Clean,False,12.6,Track 2,Inducted,228,0,0,3
2025-05-22,20,148123,87,23,169,Open,Low,Clean,False,0.0,Track 10,Maintenance,279,0,1,3
2025-05-22,21,73245,43,81,311,Open,Medium,Clean,False,0.0,Track 4,Maintenance,435,0,1,3
2025-05-22,22,127504,29,40,214,Open,High,Clean,False,0.0,Track 4,Maintenance,283,0,1,3
2025-05-22,23,156631,76,85,24,Closed,High,Clean,False,12.4,Track 10,Inducted,185,0,0,3
2025-05-22,24,131883,70,144,273,Closed,Medium,Clean,False,1.4,Track 8,Standby,487,0,0,3
2025-05-22,25,78227,13,157,93,Open,Low,Clean,False,0.0,Track 4,Maintenance,263,0,1,3
2025-05-23,1,134010,30,152,142,Open,Low,Clean,False,0.0,Track 15,Maintenance,324,0,1,4
2025-05-23,2,105429,53,167,149,Closed,Low,Clean,False,0.8,Track 8,Standby,369,0,0,4
2025-05-23,3,101531,85,84,213,Closed,Low,Clean,False,0.7,Track 13,Standby,382,0,0,4
2025-05-23,4,116830,44,159,67,Open,High,Clean,False,0.0,Track 6,Maintenance,270,0,1,4
2025-05-23,5,157768,4,150,238,Closed,Medium,Clean,False,13.1,Track 15,Inducted,392,1,0,4
2025-05-23,6,204260,41,89,72,Closed,Medium,Clean,True,1.2,Track 14,Standby,202,0,0,4
2025-05-23,7,129627,3,178,58,Closed,High,Clean,False,13.9,Track 14,Inducted,239,1,0,4
2025-05-23,8,201743,80,53,230,Open,High,Clean,False,0.0,Track 12,Maintenance,363,0,1,4
2025-05-23,9,188665,61,103,86,Open,Medium,Clean,False,0.0,Track 14,Maintenance,250,0,1,4
2025-05-23,10,192302,73,138,170,Closed,High,Clean,False,8.9,Track 6,Inducted,381,0,0,4
2025-05-23,11,168204,5,80,104,Open,Low,Clean,False,0.0,Track 13,Maintenance,189,1,1,4
2025-05-23,12,96331,74,73,152,Closed,Medium,Clean,False,11.7,Track 7,Inducted,299,0,0,4
2025-05-23,13,144764,45,41,120,Closed,Low,Scheduled,True,1.0,Track 14,Standby,206,0,0,4
2025-05-23,14,192822,50,119,174,Closed,Low,Clean,False,11.2,Track 15,Inducted,343,0,0,4
2025-05-23,15,64015,7,87,33,Open,High,Scheduled,True,0.0,Track 14,Maintenance,127,1,1,4
2025-05-23,16,90697,75,167,313,Closed,Medium,Clean,False,0.8,Track 4,Standby,555,0,0,4
2025-05-23,17,186015,6,167,246,Open,Medium,Clean,False,0.0,Track 7,Maintenance,419,1,1,4
2025-05-23,18,63089,63,139,155,Open,Medium,Clean,False,0.0,Track 13,Maintenance,357,0,1,4
2025-05-23,19,196866,14,119,92,Closed,High,Clean,False,0.6,Track 4,Standby,225,0,0,4
2025-05-23,20,148123,86,22,168,Open,Low,Clean,False,0.0,Track 9,Maintenance,276,0,1,4
2025-05-23,21,73245,42,80,310,Open,Medium,Clean,False,0.0,Track 6,Maintenance,432,0,1,4
2025-05-23,22,127504,28,39,213,Open,High,Clean,False,0.0,Track 7,Maintenance,280,0,1,4
2025-05-23,23,156631,75,84,23,Open,High,Clean,False,0.0,Track 4,Maintenance,182,0,1,4
2025-05-23,24,132189,69,143,272,Closed,Medium,Clean,False,11.3,Track 11,Inducted,484,0,0,4
2025-05-23,25,78250,12,156,92,Closed,Low,Clean,False,1.0,Track 1,Standby,260,0,0,4
2025-05-24,1,134047,29,151,141,Closed,Low,Clean,False,1.1,Track 9,Standby,321,0,0,5
2025-05-24,2,105445,52,166,148,Closed,Low,Clean,False,0.6,Track 5,Standby,366,0,0,5
2025-05-24,3,102005,84,83,212,Closed,Low,Clean,False,10.0,Track 6,Inducted,379,0,0,5
2025-05-24,4,116871,43,158,66,Closed,High,Clean,False,0.8,Track 1,Standby,267,0,0,5
2025-05-24,5,157768,3,149,237,Open,Medium,Clean,False,0.0,Track 15,Maintenance,389,1,1,5
2025-05-24,6,204308,40,88,71,Closed,Medium,Scheduled,True,1.0,Track 2,Standby,199,0,0,5
2025-05-24,7,130022,2,177,57,Closed,High,Clean,False,12.4,Track 3,Inducted,236,1,0,5
2025-05-24,8,201761,79,52,229,Closed,High,Clean,False,1.2,Track 1,Standby,360,0,0,5
2025-05-24,9,188665,60,102,85,Open,Medium,Clean,False,0.0,Track 3,Maintenance,247,0,1,5
2025-05-24,10,192836,72,137,169,Closed,High,Clean,False,8.6,Track 8,Inducted,378,0,0,5
2025-05-24,11,168665,4,79,103,Closed,Low,Clean,False,9.0,Track 5,Inducted,186,1,0,5
2025-05-24,12,96367,73,72,151,Closed,Medium,Clean,False,1.4,Track 14,Standby,296,0,0,5
2025-05-24,13,145344,44,40,119,Closed,Low,Clean,False,10.9,Track 4,Inducted,203,0,0,5
2025-05-24,14,192829,49,118,173,Closed,Low,Clean,False,1.3,Track 6,Standby,340,0,0,5
2025-05-24,15,64031,6,86,32,Closed,High,Scheduled,True,1.1,Track 9,Standby,124,1,0,5
2025-05-24,16,91190,74,166,312,Closed,Medium,Clean,False,11.8,Track 9,Inducted,552,0,0,5
2025-05-24,17,186059,5,166,245,Closed,Medium,Clean,False,1.0,Track 1,Standby,416,1,0,5
2025-05-24,18,63397,62,138,154,Closed,Medium,Clean,False,11.0,Track 11,Inducted,354,0,0,5
2025-05-24,19,197217,13,118,91,Closed,High,Clean,False,8.4,Track 8,Inducted,222,0,0,5
2025-05-24,20,148143,85,21,167,Closed,Low,Clean,False,0.5,Track 9,Standby,273,0,0,5
2025-05-24,21,73824,41,79,309,Closed,Medium,Clean,False,8.3,Track 9,Inducted,429,0,0,5
2025-05-24,22,127504,27,38,212,Open,High,Clean,False,0.0,Track 12,Maintenance,277,0,1,5
2025-05-24,23,156994,74,83,22,Closed,High,Clean,False,9.2,Track 1,Inducted,179,0,0,5
2025-05-24,24,132741,68,142,271,Closed,Medium,Clean,False,10.8,Track 10,Inducted,481,0,0,5
2025-05-24,25,78669,11,155,91,Closed,Low,Clean,False,8.9,Track 4,Inducted,257,0,0,5
2025-05-25,1,134049,28,150,140,Closed,Low,Clean,False,0.7,Track 6,Standby,318,0,0,6
2025-05-25,2,105477,51,165,147,Closed,Low,Clean,False,0.8,Track 11,Standby,363,0,0,6
2025-05-25,3,102005,83,82,211,Open,Low,Clean,False,0.0,Track 9,Maintenance,376,0,1,6
2025-05-25,4,117216,42,157,65,Closed,High,Clean,False,9.7,Track 1,Inducted,264,0,0,6
2025-05-25,5,158137,2,148,236,Closed,Medium,Clean,False,9.6,Track 13,Inducted,386,1,0,6
2025-05-25,6,204349,39,87,70,Closed,Medium,Clean,False,1.0,Track 3,Standby,196,0,0,6
2025-05-25,7,130350,1,176,56,Closed,High,Clean,False,10.8,Track 15,Inducted,233,1,0,6
2025-05-25,8,201761,78,51,228,Open,High,Clean,False,0.0,Track 4,Maintenance,357,0,1,6
2025-05-25,9,188669,59,101,84,Closed,Medium,Clean,False,0.9,Track 11,Standby,244,0,0,6
2025-05-25,10,192876,71,136,168,Closed,High,Clean,False,0.6,Track 8,Standby,375,0,0,6
2025-05-25,11,168703,3,78,102,Closed,Low,Clean,False,1.1,Track 7,Standby,183,1,0,6
2025-05-25,12,96806,72,71,150,Closed,Medium,Clean,False,9.8,Track 3,Inducted,293,0,0,6
2025-05-25,13,145344,43,39,118,Open,Low,Clean,False,0.0,Track 14,Maintenance,200,0,1,6
2025-05-25,14,192847,48,117,172,Closed,Low,Clean,False,0.9,Track 1,Standby,337,0,0,6
2025-05-25,15,64051,5,85,31,Closed,High,Clean,False,1.4,Track 1,Standby,121,1,0,6
2025-05-25,16,91616,73,165,311,Closed,Medium,Clean,False,12.3,Track 11,Inducted,549,0,0,6
2025-05-25,17,186072,4,165,244,Closed,Medium,Clean,False,1.1,Track 5,Standby,413,1,0,6
2025-05-25,18,63972,61,137,153,Closed,Medium,Clean,False,12.8,Track 9,Inducted,351,0,0,6
2025-05-25,19,197243,12,117,90,Closed,High,Clean,False,1.1,Track 15,Standby,219,0,0,6
2025-05-25,20,148178,84,20,166,Closed,Low,Clean,False,0.6,Track 3,Standby,270,0,0,6
2025-05-25,21,74242,40,78,308,Closed,Medium,Clean,False,13.7,Track 13,Inducted,426,0,0,6
2025-05-25,22,127542,26,37,211,Closed,High,Clean,False,0.8,Track 6,Standby,274,0,0,6
2025-05-25,23,157042,73,82,21,Closed,High,Clean,False,0.9,Track 9,Standby,176,0,0,6
2025-05-25,24,132756,67,141,270,Closed,Medium,Clean,False,0.9,Track 8,Standby,478,0,0,6
2025-05-25,25,78669,10,154,90,Open,Low,Clean,False,0.0,Track 7,Maintenance,254,0,1,6
2025-05-26,1,134064,27,149,139,Closed,Low,Clean,False,0.9,Track 2,Standby,315,0,0,0
2025-05-26,2,105865,50,164,146,Closed,Low,Clean,False,11.5,Track 9,Inducted,360,0,0,0
2025-05-26,3,102359,82,81,210,Closed,Low,Clean,False,10.3,Track 12,Inducted,373,0,0,0
2025-05-26,4,117233,41,156,64,Closed,High,Clean,False,1.4,Track 7,Standby,261,0,0,0
2025-05-26,5,158173,1,147,235,Closed,Medium,Scheduled,True,0.8,Track 4,Standby,383,1,0,0
2025-05-26,6,204823,38,86,69,Closed,Medium,Clean,False,11.9,Track 4,Inducted,193,0,0,0
2025-05-26,7,130350,90,175,55,Open,High,Clean,False,0.0,Track 7,Maintenance,320,0,1,0
2025-05-26,8,201761,77,50,227,Open,High,Clean,False,0.0,Track 11,Maintenance,354,0,1,0
2025-05-26,9,188669,58,100,83,Open,Medium,Clean,False,0.0,Track 1,Maintenance,241,0,1,0
2025-05-26,10,193367,70,135,167,Closed,High,Clean,False,8.0,Track 8,Inducted,372,0,0,0
2025-05-26,11,168747,2,77,101,Closed,Low,Clean,False,1.5,Track 10,Standby,180,1,0,0
2025-05-26,12,96828,71,70,149,Closed,Medium,Clean,False,0.7,Track 4,Standby,290,0,0,0
2025-05-26,13,145391,42,38,117,Closed,Low,Clean,False,0.9,Track 4,Standby,197,0,0,0
2025-05-26,14,192868,47,116,171,Closed,Low,Clean,False,1.4,Track 12,Standby,334,0,0,0
2025-05-26,15,64051,4,84,30,Open,High,Clean,False,0.0,Track 3,Maintenance,118,1,1,0
2025-05-26,16,92132,72,164,310,Closed,Medium,Clean,False,9.3,Track 8,Inducted,546,0,0,0
2025-05-26,17,186109,3,164,243,Closed,Medium,Clean,False,1.1,Track 13,Standby,410,1,0,0
2025-05-26,18,63999,60,136,152,Closed,Medium,Clean,False,0.7,Track 13,Standby,348,0,0,0
2025-05-26,19,197818,11,116,89,Closed,High,Clean,False,12.5,Track 9,Inducted,216,0,0,0
2025-05-26,20,148628,83,19,165,Closed,Low,Clean,False,13.3,Track 8,Inducted,267,0,0,0
2025-05-26,21,74258,39,77,307,Closed,Medium,Clean,False,0.9,Track 3,Standby,423,0,0,0
2025-05-26,22,127862,25,36,210,Closed,High,Clean,False,8.8,Track 15,Inducted,271,0,0,0
2025-05-26,23,157042,72,81,20,Open,High,Clean,False,0.0,Track 7,Maintenance,173,0,1,0
2025-05-26,24,133082,66,140,269,Closed,Medium,Clean,False,11.1,Track 13,Inducted,475,0,0,0
2025-05-26,25,78677,9,153,89,Closed,Low,Clean,False,0.8,Track 2,Standby,251,0,0,0
2025-05-27,1,134536,26,148,138,Closed,Low,Clean,False,10.4,Track 9,Inducted,312,0,0,1
2025-05-27,2,105865,49,163,145,Open,Low,Clean,False,0.0,Track 7,Maintenance,357,0,1,1
2025-05-27,3,102886,81,80,209,Closed,Low,Clean,False,13.6,Track 4,Inducted,370,0,0,1
2025-05-27,4,117255,40,155,63,Closed,High,Clean,False,0.5,Track 2,Standby,258,0,0,1
2025-05-27,5,158565,90,146,234,Closed,Medium,Clean,False,10.1,Track 1,Inducted,470,0,0,1
2025-05-27,6,205361,37,85,68,Closed,Medium,Clean,False,8.1,Track 5,Inducted,190,0,0,1
2025-05-27,7,130749,89,174,54,Closed,High,Clean,False,10.8,Track 15,Inducted,317,0,0,1
2025-05-27,8,201807,76,49,226,Closed,High,Clean,False,1.1,Track 5,Standby,351,0,0,1
2025-05-27,9,189160,57,99,82,Closed,Medium,Clean,False,10.5,Track 7,Inducted,238,0,0,1
2025-05-27,10,193367,69,134,166,Open,High,Clean,False,0.0,Track 2,Maintenance,369,0,1,1
2025-05-27,11,168747,1,76,100,Open,Low,Scheduled,True,0.0,Track 5,Maintenance,177,1,1,1
2025-05-27,12,97160,70,69,148,Closed,Medium,Clean,False,8.5,Track 13,Inducted,287,0,0,1
2025-05-27,13,145808,41,37,116,Closed,Low,Clean,False,9.6,Track 6,Inducted,194,0,0,1
2025-05-27,14,192868,46,115,170,Open,Low,Clean,False,0.0,Track 11,Maintenance,331,0,1,1
2025-05-27,15,64084,3,83,29,Closed,High,Clean,False,1.3,Track 13,Standby,115,1,0,1
2025-05-27,16,92576,71,163,309,Closed,Medium,Clean,False,10.8,Track 7,Inducted,543,0,0,1
2025-05-27,17,186158,2,163,242,Closed,Medium,Clean,False,1.4,Track 10,Standby,407,1,0,1
2025-05-27,18,64012,59,135,151,Closed,Medium,Clean,False,1.2,Track 7,Standby,345,0,0,1
2025-05-27,19,197818,10,115,88,Open,High,Clean,False,0.0,Track 8,Maintenance,213,0,1,1
2025-05-27,20,148631,82,18,164,Closed,Low,Clean,False,1.0,Track 5,Standby,264,0,0,1
2025-05-27,21,74258,38,76,306,Open,Medium,Clean,False,0.0,Track 12,Maintenance,420,0,1,1
2025-05-27,22,128227,24,35,209,Closed,High,Clean,False,12.8,Track 9,Inducted,268,0,0,1
2025-05-27,23,157393,71,80,19,Closed,High,Clean,False,12.2,Track 12,Inducted,170,0,0,1
2025-05-27,24,133443,65,139,268,Closed,Medium,Clean,False,8.6,Track 15,Inducted,472,0,0,1
2025-05-27,25,78687,8,152,88,Closed,Low,Clean,False,1.4,Track 6,Standby,248,0,0,1
2025-05-28,1,134552,25,147,137,Closed,Low,Clean,False,0.7,Track 2,Standby,309,0,0,2
2025-05-28,2,106201,48,162,144,Closed,Low,Clean,False,13.8,Track 5,Inducted,354,0,0,2
2025-05-28,3,102911,80,79,208,Closed,Low,Clean,False,1.0,Track 8,Standby,367,0,0,2
2025-05-28,4,117289,39,154,62,Closed,High,Clean,False,0.5,Track 14,Standby,255,0,0,2
2025-05-28,5,159015,89,145,233,Closed,Medium,Clean,False,12.8,Track 10,Inducted,467,0,0,2
2025-05-28,6,205675,36,84,67,Closed,Medium,Clean,False,8.8,Track 1,Inducted,187,0,0,2
2025-05-28,7,130749,88,173,53,Open,High,Clean,False,0.0,Track 8,Maintenance,314,0,1,2
2025-05-28,8,201807,75,48,225,Open,High,Clean,False,0.0,Track 6,Maintenance,348,0,1,2
2025-05-28,9,189180,56,98,81,Closed,Medium,Clean,False,0.8,Track 3,Standby,235,0,0,2
2025-05-28,10,193683,68,133,165,Closed,High,Clean,False,12.7,Track 10,Inducted,366,0,0,2
2025-05-28,11,168769,90,75,99,Closed,Low,Scheduled,True,1.4,Track 2,Standby,264,0,0,2
2025-05-28,12,97160,69,68,147,Open,Medium,Clean,False,0.0,Track 3,Maintenance,284,0,1,2
2025-05-28,13,146349,40,36,115,Closed,Low,Clean,False,12.4,Track 2,Inducted,191,0,0,2
2025-05-28,14,192868,45,114,169,Open,Low,Clean,False,0.0,Track 14,Maintenance,328,0,1,2
2025-05-28,15,64111,2,82,28,Closed,High,Clean,False,0.7,Track 9,Standby,112,1,0,2
2025-05-28,16,92576,70,162,308,Open,Medium,Clean,False,0.0,Track 5,Maintenance,540,0,1,2
2025-05-28,17,186179,1,162,241,Closed,Medium,Clean,False,1.1,Track 3,Standby,404,1,0,2
2025-05-28,18,64057,58,134,150,Closed,Medium,Clean,False,1.3,Track 10,Standby,342,0,0,2
2025-05-28,19,198200,9,114,87,Closed,High,Clean,False,11.7,Track 4,Inducted,210,0,0,2
2025-05-28,20,149006,81,17,163,Closed,Low,Clean,True,13.6,Track 14,Inducted,261,0,0,2
2025-05-28,21,74258,37,75,305,Open,Medium,Clean,False,0.0,Track 10,Maintenance,417,0,1,2
2025-05-28,22,128250,23,34,208,Closed,High,Clean,False,0.8,Track 6,Standby,265,0,0,2
2025-05-28,23,157420,70,79,18,Closed,High,Clean,False,0.8,Track 12,Standby,167,0,0,2
2025-05-28,24,133485,64,138,267,Closed,Medium,Clean,False,1.2,Track 11,Standby,469,0,0,2
2025-05-28,25,79044,7,151,87,Closed,Low,Clean,False,8.0,Track 4,Inducted,245,1,0,2
2025-05-29,1,134552,24,146,136,Open,Low,Clean,False,0.0,Track 13,Maintenance,306,0,1,3
2025-05-29,2,106240,47,161,143,Closed,Low,Clean,False,1.1,Track 10,Standby,351,0,0,3
2025-05-29,3,103319,79,78,207,Closed,Low,Clean,False,10.7,Track 9,Inducted,364,0,0,3
2025-05-29,4,117640,38,153,61,Closed,High,Clean,False,10.2,Track 13,Inducted,252,0,0,3
2025-05-29,5,159525,88,144,232,Closed,Medium,Clean,False,10.2,Track 15,Inducted,464,0,0,3
2025-05-29,6,205687,35,83,66,Closed,Medium,Clean,False,1.3,Track 4,Standby,184,0,0,3
2025-05-29,7,131050,87,172,52,Closed,High,Clean,False,10.5,Track 5,Inducted,311,0,0,3
2025-05-29,8,201832,74,47,224,Closed,High,Clean,False,1.4,Track 9,Standby,345,0,0,3
2025-05-29,9,189180,55,97,80,Open,Medium,Clean,False,0.0,Track 14,Maintenance,232,0,1,3
2025-05-29,10,193702,67,132,164,Closed,High,Clean,False,1.1,Track 1,Standby,363,0,0,3
2025-05-29,11,168769,89,74,98,Open,Low,Clean,False,0.0,Track 15,Maintenance,261,0,1,3
2025-05-29,12,97160,68,67,146,Open,Medium,Clean,False,0.0,Track 6,Maintenance,281,0,1,3
2025-05-29,13,146699,39,35,114,Closed,Low,Clean,False,13.8,Track 3,Inducted,188,0,0,3
2025-05-29,14,193316,44,113,168,Closed,Low,Clean,False,12.8,Track 14,Inducted,325,0,0,3
2025-05-29,15,64111,1,81,27,Open,High,Clean,False,0.0,Track 15,Maintenance,109,1,1,3
2025-05-29,16,92576,69,161,307,Open,Medium,Clean,False,0.0,Track 1,Maintenance,537,0,1,3
2025-05-29,17,186181,90,161,240,Closed,Medium,Clean,False,1.3,Track 15,Standby,491,0,0,3
2025-05-29,18,64408,57,133,149,Closed,Medium,Clean,False,9.0,Track 4,Inducted,339,0,0,3
2025-05-29,19,198200,8,113,86,Open,High,Clean,False,0.0,Track 12,Maintenance,207,0,1,3
2025-05-29,20,149006,80,16,162,Open,Low,Clean,True,0.0,Track 4,Maintenance,258,0,1,3
2025-05-29,21,74258,36,74,304,Open,Medium,Clean,False,0.0,Track 5,Maintenance,414,0,1,3
2025-05-29,22,128250,22,33,207,Open,High,Clean,False,0.0,Track 13,Maintenance,262,0,1,3
2025-05-29,23,157430,69,78,17,Closed,High,Clean,False,1.4,Track 5,Standby,164,0,0,3
2025-05-29,24,133485,63,137,266,Open,Medium,Clean,False,0.0,Track 7,Maintenance,466,0,1,3
2025-05-29,25,79080,6,150,86,Closed,Low,Clean,False,1.4,Track 2,Standby,242,1,0,3
2025-05-30,1,134989,23,145,135,Closed,Low,Clean,False,9.2,Track 10,Inducted,303,0,0,4
2025-05-30,2,106240,46,160,142,Open,Low,Clean,False,0.0,Track 9,Maintenance,348,0,1,4
2025-05-30,3,103331,78,77,206,Closed,Low,Clean,False,1.4,Track 4,Standby,361,0,0,4
2025-05-30,4,117640,37,152,60,Open,High,Clean,False,0.0,Track 3,Maintenance,249,0,1,4
2025-05-30,5,159533,87,143,231,Closed,Medium,Clean,False,1.4,Track 2,Standby,461,0,0,4
2025-05-30,6,205717,34,82,65,Closed,Medium,Clean,False,0.9,Track 6,Standby,181,0,0,4
2025-05-30,7,131361,86,171,51,Closed,High,Clean,False,12.2,Track 11,Inducted,308,0,0,4
2025-05-30,8,201832,73,46,223,Open,High,Clean,False,0.0,Track 6,Maintenance,342,0,1,4
2025-05-30,9,189197,54,96,79,Closed,Medium,Scheduled,True,1.4,Track 13,Standby,229,0,0,4
2025-05-30,10,193726,66,131,163,Closed,High,Clean,False,0.9,Track 9,Standby,360,0,0,4
2025-05-30,11,169123,88,73,97,Closed,Low,Clean,False,10.7,Track 12,Inducted,258,0,0,4
2025-05-30,12,97533,67,66,145,Closed,Medium,Clean,False,13.9,Track 14,Inducted,278,0,0,4
2025-05-30,13,147021,38,34,113,Closed,Low,Clean,False,13.3,Track 3,Inducted,185,0,0,4
2025-05-30,14,193673,43,112,167,Closed,Low,Clean,False,13.8,Track 2,Inducted,322,0,0,4
2025-05-30,15,64155,90,80,26,Closed,High,Clean,False,1.0,Track 14,Standby,196,0,0,4
2025-05-30,16,92597,68,160,306,Closed,Medium,Clean,False,0.7,Track 5,Standby,534,0,0,4
2025-05-30,17,186214,89,160,239,Closed,Medium,Clean,True,1.4,Track 6,Standby,488,0,0,4
2025-05-30,18,64734,56,132,148,Closed,Medium,Clean,False,9.1,Track 10,Inducted,336,0,0,4
2025-05-30,19,198200,7,112,85,Open,High,Clean,False,0.0,Track 7,Maintenance,204,1,1,4
2025-05-30,20,149501,79,15,161,Closed,Low,Clean,True,8.9,Track 6,Inducted,255,0,0,4
2025-05-30,21,74294,35,73,303,Closed,Medium,Clean,False,1.0,Track 12,Standby,411,0,0,4
2025-05-30,22,128692,21,32,206,Closed,High,Clean,False,9.0,Track 10,Inducted,259,0,0,4
2025-05-30,23,157864,68,77,16,Closed,High,Clean,False,10.3,Track 9,Inducted,161,0,0,4
2025-05-30,24,133842,62,136,265,Closed,Medium,Clean,False,8.2,Track 10,Inducted,463,0,0,4
2025-05-30,25,79080,5,149,85,Open,Low,Clean,False,0.0,Track 15,Maintenance,239,1,1,4
2025-05-31,1,135426,22,144,134,Closed,Low,Clean,False,9.0,Track 7,Inducted,300,0,0,5
2025-05-31,2,106269,45,159,141,Closed,Low,Scheduled,True,1.4,Track 4,Standby,345,0,0,5
2025-05-31,3,103331,77,76,205,Open,Low,Clean,False,0.0,Track 14,Maintenance,358,0,1,5
2025-05-31,4,117680,36,151,59,Closed,High,Clean,False,0.9,Track 7,Standby,246,0,0,5
2025-05-31,5,159534,86,142,230,Closed,Medium,Clean,False,0.8,Track 2,Standby,458,0,0,5
2025-05-31,6,205724,33,81,64,Closed,Medium,Clean,False,1.1,Track 3,Standby,178,0,0,5
2025-05-31,7,131411,85,170,50,Closed,High,Clean,False,0.5,Track 9,Standby,305,0,0,5
2025-05-31,8,201853,72,45,222,Closed,High,Clean,False,1.3,Track 13,Standby,339,0,0,5
2025-05-31,9,189659,53,95,78,Closed,Medium,Clean,False,13.1,Track 7,Inducted,226,0,0,5
2025-05-31,10,193729,65,130,162,Closed,High,Clean,False,1.4,Track 2,Standby,357,0,0,5
2025-05-31,11,169123,87,72,96,Open,Low,Clean,False,0.0,Track 15,Maintenance,255,0,1,5
2025-05-31,12,98029,66,65,144,Closed,Medium,Clean,False,11.5,Track 2,Inducted,275,0,0,5
2025-05-31,13,147039,37,33,112,Closed,Low,Clean,False,1.4,Track 13,Standby,182,0,0,5
2025-05-31,14,193692,42,111,166,Closed,Low,Clean,False,0.8,Track 6,Standby,319,0,0,5
2025-05-31,15,64526,89,79,25,Closed,High,Clean,False,12.6,Track 5,Inducted,193,0,0,5
2025-05-31,16,92597,67,159,305,Open,Medium,Clean,False,0.0,Track 7,Maintenance,531,0,1,5
2025-05-31,17,186228,88,159,238,Closed,Medium,Scheduled,True,0.8,Track 6,Standby,485,0,0,5
2025-05-31,18,64755,55,131,147,Closed,Medium,Clean,False,1.4,Track 9,Standby,333,0,0,5
2025-05-31,19,198200,6,111,84,Open,High,Clean,False,0.0,Track 1,Maintenance,201,1,1,5
2025-05-31,20,149516,78,14,160,Closed,Low,Scheduled,True,0.6,Track 6,Standby,252,0,0,5
2025-05-31,21,74294,34,72,302,Open,Medium,Clean,False,0.0,Track 3,Maintenance,408,0,1,5
2025-05-31,22,129060,20,31,205,Closed,High,Clean,False,8.4,Track 1,Inducted,256,0,0,5
2025-05-31,23,157900,67,76,15,Closed,High,Clean,False,0.6,Track 2,Standby,158,0,0,5
2025-05-31,24,133862,61,135,264,Closed,Medium,Clean,False,1.5,Track 8,Standby,460,0,0,5
2025-05-31,25,79089,4,148,84,Closed,Low,Clean,False,1.5,Track 6,Standby,236,1,0,5
2025-06-01,1,135426,21,143,133,Open,Low,Clean,False,0.0,Track 4,Maintenance,297,0,1,6
2025-06-01,2,106269,44,158,140,Open,Low,Clean,False,0.0,Track 9,Maintenance,342,0,1,6
2025-06-01,3,103856,76,75,204,Closed,Low,Clean,False,14.0,Track 2,Inducted,355,0,0,6
2025-06-01,4,117684,35,150,58,Closed,High,Clean,False,1.4,Track 1,Standby,243,0,0,6
2025-06-01,5,160100,85,141,229,Closed,Medium,Clean,False,12.7,Track 6,Inducted,455,0,0,6
2025-06-01,6,205738,32,80,63,Closed,Medium,Clean,False,0.8,Track 8,Standby,175,0,0,6
2025-06-01,7,131440,84,169,49,Closed,High,Clean,False,1.4,Track 13,Standby,302,0,0,6
2025-06-01,8,202282,71,44,221,Closed,High,Clean,False,13.8,Track 9,Inducted,336,0,0,6
2025-06-01,9,189659,52,94,77,Open,Medium,Clean,False,0.0,Track 11,Maintenance,223,0,1,6
2025-06-01,10,194062,64,129,161,Closed,High,Clean,False,13.6,Track 6,Inducted,354,0,0,6
2025-06-01,11,169123,86,71,95,Open,Low,Clean,False,0.0,Track 8,Maintenance,252,0,1,6
2025-06-01,12,98043,65,64,143,Closed,Medium,Clean,False,0.9,Track 15,Standby,272,0,0,6
2025-06-01,13,147076,36,32,111,Closed,Low,Clean,False,0.9,Track 3,Standby,179,0,0,6
2025-06-01,14,194084,41,110,165,Closed,Low,Clean,False,11.4,Track 3,Inducted,316,0,0,6
2025-06-01,15,64544,88,78,24,Closed,High,Clean,False,0.9,Track 12,Standby,190,0,0,6
2025-06-01,16,92597,66,158,304,Open,Medium,Clean,False,0.0,Track 14,Maintenance,528,0,1,6
2025-06-01,17,186269,87,158,237,Closed,Medium,Clean,False,0.9,Track 14,Standby,482,0,0,6
2025-06-01,18,65069,54,130,146,Closed,Medium,Clean,False,12.3,Track 15,Inducted,330,0,0,6
2025-06-01,19,198235,5,110,83,Closed,High,Scheduled,True,1.5,Track 1,Standby,198,1,0,6
2025-06-01,20,149516,77,13,159,Open,Low,Clean,False,0.0,Track 13,Maintenance,249,0,1,6
2025-06-01,21,74860,33,71,301,Closed,Medium,Clean,False,10.6,Track 3,Inducted,405,0,0,6
2025-06-01,22,129097,19,30,204,Closed,High,Clean,False,1.1,Track 14,Standby,253,0,0,6
2025-06-01,23,157913,66,75,14,Closed,High,Clean,False,1.0,Track 15,Standby,155,0,0,6
2025-06-01,24,133888,60,134,263,Closed,Medium,Clean,False,1.0,Track 7,Standby,457,0,0,6
2025-06-01,25,79116,3,147,83,Closed,Low,Clean,False,0.7,Track 9,Standby,233,1,0,6
2025-06-02,1,136024,20,142,132,Closed,Low,Clean,False,12.5,Track 6,Inducted,294,0,0,0
2025-06-02,2,106269,43,157,139,Open,Low,Clean,False,0.0,Track 9,Maintenance,339,0,1,0
2025-06-02,3,103856,75,74,203,Open,Low,Clean,False,0.0,Track 8,Maintenance,352,0,1,0
2025-06-02,4,117700,34,149,57,Closed,High,Scheduled,True,0.6,Track 8,Standby,240,0,0,0
2025-06-02,5,160140,84,140,228,Closed,Medium,Clean,False,1.5,Track 13,Standby,452,0,0,0
2025-06-02,6,206260,31,79,62,Closed,Medium,Clean,False,10.7,Track 4,Inducted,172,0,0,0
2025-06-02,7,132003,83,168,48,Closed,High,Clean,False,10.6,Track 2,Inducted,299,0,0,0
2025-06-02,8,202328,70,43,220,Closed,High,Clean,False,1.1,Track 9,Standby,333,0,0,0
2025-06-02,9,189673,51,93,76,Closed,Medium,Clean,False,1.4,Track 3,Standby,220,0,0,0
2025-06-02,10,194443,63,128,160,Closed,High,Clean,False,12.9,Track 9,Inducted,351,0,0,0
2025-06-02,11,169123,85,70,94,Open,Low,Clean,False,0.0,Track 3,Maintenance,249,0,1,0
2025-06-02,12,98420,64,63,142,Closed,Medium,Clean,False,12.1,Track 7,Inducted,269,0,0,0
2025-06-02,13,147076,35,31,110,Open,Low,Clean,False,0.0,Track 9,Maintenance,176,0,1,0
2025-06-02,14,194666,40,109,164,Closed,Low,Clean,False,12.9,Track 12,Inducted,313,0,0,0
2025-06-02,15,64934,87,77,23,Closed,High,Clean,False,10.3,Track 3,Inducted,187,0,0,0
2025-06-02,16,92614,65,157,303,Closed,Medium,Clean,False,1.1,Track 6,Standby,525,0,0,0
2025-06-02,17,186830,86,157,236,Closed,Medium,Clean,False,8.9,Track 11,Inducted,479,0,0,0
2025-06-02,18,65116,53,129,145,Closed,Medium,Clean,False,1.4,Track 13,Standby,327,0,0,0
2025-06-02,19,198284,4,109,82,Closed,High,Clean,False,0.5,Track 5,Standby,195,1,0,0
2025-06-02,20,149554,76,12,158,Closed,Low,Clean,False,1.0,Track 8,Standby,246,0,0,0
2025-06-02,21,74860,32,70,300,Open,Medium,Clean,False,0.0,Track 2,Maintenance,402,0,1,0
2025-06-02,22,129118,18,29,203,Closed,High,Clean,False,0.8,Track 7,Standby,250,0,0,0
2025-06-02,23,157954,65,74,13,Closed,High,Clean,False,0.8,Track 13,Standby,152,0,0,0
2025-06-02,24,134383,59,133,262,Closed,Medium,Clean,False,13.5,Track 5,Inducted,454,0,0,0
2025-06-02,25,79118,2,146,82,Closed,Low,Clean,False,1.2,Track 10,Standby,230,1,0,0
2025-06-03,1,136349,19,141,131,Closed,Low,Clean,False,9.2,Track 9,Inducted,291,0,0,1
2025-06-03,2,106282,42,156,138,Closed,Low,Clean,False,0.8,Track 11,Standby,336,0,0,1
2025-06-03,3,104294,74,73,202,Closed,Low,Clean,False,9.2,Track 2,Inducted,349,0,0,1
2025-06-03,4,117736,33,148,56,Closed,High,Clean,False,1.0,Track 7,Standby,237,0,0,1
2025-06-03,5,160158,83,139,227,Closed,Medium,Clean,False,0.8,Track 3,Standby,449,0,0,1
2025-06-03,6,206260,30,78,61,Open,Medium,Clean,False,0.0,Track 2,Maintenance,169,0,1,1
2025-06-03,7,132581,82,167,47,Closed,High,Clean,False,10.4,Track 7,Inducted,296,0,0,1
2025-06-03,8,202772,69,42,219,Closed,High,Clean,False,14.0,Track 14,Inducted,330,0,0,1
2025-06-03,9,189692,50,92,75,Closed,Medium,Clean,False,1.3,Track 15,Standby,217,0,0,1
2025-06-03,10,195036,62,127,159,Closed,High,Clean,False,13.1,Track 3,Inducted,348,0,0,1
2025-06-03,11,169123,84,69,93,Open,Low,Clean,False,0.0,Track 1,Maintenance,246,0,1,1
2025-06-03,12,98420,63,62,141,Open,Medium,Clean,False,0.0,Track 5,Maintenance,266,0,1,1
2025-06-03,13,147525,34,30,109,Closed,Low,Clean,False,8.0,Track 12,Inducted,173,0,0,1
2025-06-03,14,194666,39,108,163,Open,Low,Clean,False,0.0,Track 11,Maintenance,310,0,1,1
2025-06-03,15,64984,86,76,22,Closed,High,Clean,False,0.9,Track 7,Standby,184,0,0,1
2025-06-03,16,92614,64,156,302,Open,Medium,Clean,False,0.0,Track 14,Maintenance,522,0,1,1
2025-06-03,17,187374,85,156,235,Closed,Medium,Clean,False,13.2,Track 9,Inducted,476,0,0,1
2025-06-03,18,65122,52,128,144,Closed,Medium,Clean,False,0.5,Track 8,Standby,324,0,0,1
2025-06-03,19,198284,3,108,81,Open,High,Clean,False,0.0,Track 5,Maintenance,192,1,1,1
2025-06-03,20,150079,75,11,157,Closed,Low,Clean,False,12.8,Track 5,Inducted,243,0,0,1
2025-06-03,21,75415,31,69,299,Closed,Medium,Clean,False,8.2,Track 11,Inducted,399,0,0,1
2025-06-03,22,129118,17,28,202,Open,High,Clean,False,0.0,Track 8,Maintenance,247,0,1,1
2025-06-03,23,157954,64,73,12,Open,High,Clean,False,0.0,Track 11,Maintenance,149,0,1,1
2025-06-03,24,134420,58,132,261,Closed,Medium,Clean,False,1.4,Track 7,Standby,451,0,0,1
2025-06-03,25,79622,1,145,81,Closed,Low,Clean,False,13.4,Track 3,Inducted,227,1,0,1
2025-06-04,1,136398,18,140,130,Closed,Low,Clean,False,1.2,Track 3,Standby,288,0,0,2
2025-06-04,2,106282,41,155,137,Closed,Low,Clean,False,0.7,Track 15,Standby,333,0,0,2
2025-06-04,3,104319,73,72,201,Closed,Low,Clean,False,1.1,Track 13,Standby,346,0,0,2
2025-06-04,4,117736,32,147,55,Open,High,Clean,False,0.0,Track 11,Maintenance,234,0,1,2
2025-06-04,5,160584,82,138,226,Closed,Medium,Clean,False,9.6,Track 1,Inducted,446,0,0,2
2025-06-04,6,206260,29,77,60,Open,Medium,Clean,False,0.0,Track 7,Maintenance,166,0,1,2
2025-06-04,7,132589,81,166,46,Closed,High,Clean,False,1.0,Track 9,Standby,293,0,0,2
2025-06-04,8,202772,68,41,218,Open,High,Clean,False,0.0,Track 10,Maintenance,327,0,1,2
2025-06-04,9,189732,49,91,74,Closed,Medium,Clean,False,1.4,Track 15,Standby,214,0,0,2
2025-06-04,10,195050,61,126,158,Closed,High,Clean,False,1.3,Track 3,Standby,345,0,0,2
2025-06-04,11,169123,83,68,92,Open,Low,Clean,False,0.0,Track 9,Maintenance,243,0,1,2
2025-06-04,12,98420,62,61,140,Open,Medium,Clean,False,0.0,Track 14,Maintenance,263,0,1,2
2025-06-04,13,148097,33,29,108,Closed,Low,Clean,False,9.1,Track 3,Inducted,170,0,0,2
2025-06-04,14,194666,38,107,162,Open,Low,Clean,False,0.0,Track 1,Maintenance,307,0,1,2
2025-06-04,15,65032,85,75,21,Closed,High,Clean,False,0.6,Track 5,Standby,181,0,0,2
2025-06-04,16,93136,63,155,301,Closed,Medium,Clean,False,12.0,Track 9,Inducted,519,0,0,2
2025-06-04,17,187374,84,155,234,Open,Medium,Clean,False,0.0,Track 1,Maintenance,473,0,1,2
2025-06-04,18,65691,51,127,143,Closed,Medium,Clean,False,8.8,Track 7,Inducted,321,0,0,2
2025-06-04,19,198326,2,107,80,Closed,High,Clean,False,0.9,Track 13,Standby,189,1,0,2
2025-06-04,20,150402,74,10,156,Closed,Low,Clean,False,13.7,Track 8,Inducted,240,0,0,2
2025-06-04,21,75436,30,68,298,Closed,Medium,Clean,False,1.2,Track 2,Standby,396,0,0,2
2025-06-04,22,129118,16,27,201,Open,High,Clean,False,0.0,Track 15,Maintenance,244,0,1,2
2025-06-04,23,158374,63,72,11,Closed,High,Clean,False,8.5,Track 15,Inducted,146,0,0,2
2025-06-04,24,134420,57,131,260,Open,Medium,Clean,False,0.0,Track 11,Maintenance,448,0,1,2
2025-06-04,25,79622,90,144,80,Open,Low,Clean,False,0.0,Track 8,Maintenance,314,0,1,2
2025-06-05,1,136735,17,139,129,Closed,Low,Clean,False,13.5,Track 3,Inducted,285,0,0,3
2025-06-05,2,106282,40,154,136,Open,Low,Clean,False,0.0,Track 10,Maintenance,330,0,1,3
2025-06-05,3,104760,72,71,200,Closed,Low,Clean,False,11.3,Track 4,Inducted,343,0,0,3
2025-06-05,4,118300,31,146,54,Closed,High,Clean,False,13.9,Track 5,Inducted,231,0,0,3
2025-06-05,5,160913,81,137,225,Closed,Medium,Clean,False,10.7,Track 3,Inducted,443,0,0,3
2025-06-05,6,206281,28,76,59,Closed,Medium,Clean,False,1.3,Track 3,Standby,163,0,0,3
2025-06-05,7,132941,80,165,45,Closed,High,Clean,False,11.7,Track 3,Inducted,290,0,0,3
2025-06-05,8,202772,67,40,217,Open,High,Clean,False,0.0,Track 5,Maintenance,324,0,1,3
2025-06-05,9,190206,48,90,73,Closed,Medium,Clean,False,11.4,Track 11,Inducted,211,0,0,3
2025-06-05,10,195078,60,125,157,Closed,High,Clean,False,1.1,Track 2,Standby,342,0,0,3
2025-06-05,11,169157,82,67,91,Closed,Low,Clean,False,1.3,Track 6,Standby,240,0,0,3
2025-06-05,12,98420,61,60,139,Closed,Medium,Clean,False,1.3,Track 10,Standby,260,0,0,3
2025-06-05,13,148124,32,28,107,Closed,Low,Clean,False,0.6,Track 5,Standby,167,0,0,3
2025-06-05,14,195029,37,106,161,Closed,Low,Clean,False,10.8,Track 13,Inducted,304,0,0,3
2025-06-05,15,65432,84,74,20,Closed,High,Clean,False,13.5,Track 12,Inducted,178,0,0,3
2025-06-05,16,93149,62,154,300,Closed,Medium,Clean,False,1.4,Track 7,Standby,516,0,0,3
2025-06-05,17,187407,83,154,233,Closed,Medium,Clean,False,1.0,Track 9,Standby,470,0,0,3
2025-06-05,18,65691,50,126,142,Open,Medium,Clean,False,0.0,Track 9,Maintenance,318,0,1,3
2025-06-05,19,198326,1,106,79,Open,High,Clean,False,0.0,Track 2,Maintenance,186,1,1,3
2025-06-05,20,150937,73,9,155,Closed,Low,Clean,False,8.3,Track 1,Inducted,237,0,0,3
2025-06-05,21,75436,29,67,297,Open,Medium,Clean,False,0.0,Track 15,Maintenance,393,0,1,3
2025-06-05,22,129121,15,26,200,Closed,High,Clean,False,1.4,Track 9,Standby,241,0,0,3
2025-06-05,23,158949,62,71,10,Closed,High,Clean,False,11.1,Track 9,Inducted,143,0,0,3
2025-06-05,24,134449,56,130,259,Closed,Medium,Clean,False,0.6,Track 12,Standby,445,0,0,3
2025-06-05,25,79654,89,143,79,Closed,Low,Clean,False,0.6,Track 6,Standby,311,0,0,3
2025-06-06,1,136760,16,138,128,Closed,Low,Scheduled,True,0.8,Track 9,Standby,282,0,0,4
2025-06-06,2,106332,39,153,135,Closed,Low,Clean,False,1.3,Track 11,Standby,327,0,0,4
2025-06-06,3,104791,71,70,199,Closed,Low,Clean,False,1.5,Track 5,Standby,340,0,0,4
2025-06-06,4,118339,30,145,53,Closed,High,Clean,False,1.1,Track 9,Standby,228,0,0,4
2025-06-06,5,161313,80,136,224,Closed,Medium,Clean,False,13.9,Track 6,Inducted,440,0,0,4
2025-06-06,6,206287,27,75,58,Closed,Medium,Clean,False,1.2,Track 12,Standby,160,0,0,4
2025-06-06,7,132949,79,164,44,Closed,High,Clean,False,0.7,Track 6,Standby,287,0,0,4
2025-06-06,8,202818,66,39,216,Closed,High,Clean,False,0.9,Track 8,Standby,321,0,0,4
2025-06-06,9,190206,47,89,72,Open,Medium,Clean,False,0.0,Track 11,Maintenance,208,0,1,4
2025-06-06,10,195127,59,124,156,Closed,High,Clean,False,0.8,Track 2,Standby,339,0,0,4
2025-06-06,11,169586,81,66,90,Closed,Low,Clean,False,12.1,Track 6,Inducted,237,0,0,4
2025-06-06,12,98420,60,59,138,Open,Medium,Clean,False,0.0,Track 4,Maintenance,257,0,1,4
2025-06-06,13,148124,31,27,106,Open,Low,Clean,False,0.0,Track 4,Maintenance,164,0,1,4
2025-06-06,14,195486,36,105,160,Closed,Low,Clean,False,8.0,Track 1,Inducted,301,0,0,4
2025-06-06,15,65432,83,73,19,Open,High,Clean,False,0.0,Track 11,Maintenance,175,0,1,4
2025-06-06,16,93500,61,153,299,Closed,Medium,Clean,False,9.4,Track 14,Inducted,513,0,0,4
2025-06-06,17,187407,82,153,232,Open,Medium,Clean,False,0.0,Track 12,Maintenance,467,0,1,4
2025-06-06,18,66176,49,125,141,Closed,Medium,Clean,False,13.5,Track 11,Inducted,315,0,0,4
2025-06-06,19,198350,90,105,78,Closed,High,Clean,False,0.8,Track 11,Standby,273,0,0,4
2025-06-06,20,151283,72,8,154,Closed,Low,Clean,False,9.8,Track 3,Inducted,234,0,0,4
2025-06-06,21,76028,28,66,296,Closed,Medium,Clean,False,10.3,Track 12,Inducted,390,0,0,4
2025-06-06,22,129121,14,25,199,Open,High,Clean,False,0.0,Track 8,Maintenance,238,0,1,4
2025-06-06,23,158999,61,70,9,Closed,High,Clean,False,0.7,Track 7,Standby,140,0,0,4
2025-06-06,24,134449,55,129,258,Open,Medium,Clean,False,0.0,Track 11,Maintenance,442,0,1,4
2025-06-06,25,79655,88,142,78,Closed,Low,Clean,False,0.8,Track 1,Standby,308,0,0,4
2025-06-07,1,137277,15,137,127,Closed,Low,Clean,False,11.3,Track 15,Inducted,279,0,0,5
2025-06-07,2,106332,38,152,134,Open,Low,Clean,False,0.0,Track 7,Maintenance,324,0,1,5
2025-06-07,3,104791,70,69,198,Open,Low,Clean,False,0.0,Track 9,Maintenance,337,0,1,5
2025-06-07,4,118339,29,144,52,Open,High,Clean,False,0.0,Track 2,Maintenance,225,0,1,5
2025-06-07,5,161742,79,135,223,Closed,Medium,Clean,False,12.0,Track 13,Inducted,437,0,0,5
2025-06-07,6,206779,26,74,57,Closed,Medium,Clean,False,11.8,Track 9,Inducted,157,0,0,5
2025-06-07,7,133523,78,163,43,Closed,High,Clean,False,12.8,Track 5,Inducted,284,0,0,5
2025-06-07,8,203293,65,38,215,Closed,High,Clean,False,12.5,Track 4,Inducted,318,0,0,5
2025-06-07,9,190793,46,88,71,Closed,Medium,Clean,False,10.0,Track 5,Inducted,205,0,0,5
2025-06-07,10,195127,58,123,155,Open,High,Clean,False,0.0,Track 3,Maintenance,336,0,1,5
2025-06-07,11,170074,80,65,89,Closed,Low,Clean,False,9.1,Track 10,Inducted,234,0,0,5
2025-06-07,12,98465,59,58,137,Closed,Medium,Clean,False,1.0,Track 1,Standby,254,0,0,5
2025-06-07,13,148432,30,26,105,Closed,Low,Clean,False,11.4,Track 6,Inducted,161,0,0,5
2025-06-07,14,196017,35,104,159,Closed,Low,Clean,False,11.9,Track 3,Inducted,298,0,0,5
2025-06-07,15,65481,82,72,18,Closed,High,Clean,False,1.5,Track 12,Standby,172,0,0,5
2025-06-07,16,93530,60,152,298,Closed,Medium,Clean,False,0.8,Track 14,Standby,510,0,0,5
2025-06-07,17,187407,81,152,231,Open,Medium,Clean,False,0.0,Track 7,Maintenance,464,0,1,5
2025-06-07,18,66197,48,124,140,Closed,Medium,Clean,False,0.6,Track 5,Standby,312,0,0,5
2025-06-07,19,198350,89,104,77,Open,High,Clean,False,0.0,Track 11,Maintenance,270,0,1,5
2025-06-07,20,151308,71,7,153,Closed,Low,Clean,False,1.4,Track 3,Standby,231,1,0,5
2025-06-07,21,76437,27,65,295,Closed,Medium,Clean,False,9.2,Track 14,Inducted,387,0,0,5
2025-06-07,22,129121,13,24,198,Open,High,Clean,False,0.0,Track 5,Maintenance,235,0,1,5
2025-06-07,23,158999,60,69,8,Open,High,Clean,False,0.0,Track 14,Maintenance,137,0,1,5
2025-06-07,24,134769,54,128,257,Closed,Medium,Clean,False,9.6,Track 11,Inducted,439,0,0,5
2025-06-07,25,79655,87,141,77,Open,Low,Clean,False,0.0,Track 9,Maintenance,305,0,1,5
2025-06-08,1,137686,14,136,126,Closed,Low,Clean,False,12.8,Track 14,Inducted,276,0,0,6
2025-06-08,2,106332,37,151,133,Open,Low,Clean,False,0.0,Track 9,Maintenance,321,0,1,6
2025-06-08,3,105233,69,68,197,Closed,Low,Clean,True,11.9,Track 2,Inducted,334,0,0,6
2025-06-08,4,118819,28,143,51,Closed,High,Clean,False,9.4,Track 10,Inducted,222,0,0,6
2025-06-08,5,162099,78,134,222,Closed,Medium,Clean,False,13.7,Track 15,Inducted,434,0,0,6
2025-06-08,6,206824,25,73,56,Closed,Medium,Clean,False,1.2,Track 4,Standby,154,0,0,6
2025-06-08,7,134016,77,162,42,Closed,High,Clean,False,11.9,Track 3,Inducted,281,0,0,6
2025-06-08,8,203711,64,37,214,Closed,High,Clean,False,11.2,Track 8,Inducted,315,0,0,6
2025-06-08,9,191207,45,87,70,Closed,Medium,Clean,False,8.2,Track 4,Inducted,202,0,0,6
2025-06-08,10,195143,57,122,154,Closed,High,Clean,False,0.6,Track 7,Standby,333,0,0,6
2025-06-08,11,170512,79,64,88,Closed,Low,Clean,False,11.0,Track 1,Inducted,231,0,0,6
2025-06-08,12,98465,58,57,136,Open,Medium,Clean,False,0.0,Track 2,Maintenance,251,0,1,6
2025-06-08,13,148482,29,25,104,Closed,Low,Clean,False,1.5,Track 8,Standby,158,0,0,6
2025-06-08,14,196017,34,103,158,Open,Low,Clean,False,0.0,Track 13,Maintenance,295,0,1,6
2025-06-08,15,65481,81,71,17,Open,High,Clean,False,0.0,Track 15,Maintenance,169,0,1,6
2025-06-08,16,93571,59,151,297,Closed,Medium,Clean,False,1.3,Track 2,Standby,507,0,0,6
2025-06-08,17,187407,80,151,230,Open,Medium,Clean,False,0.0,Track 9,Maintenance,461,0,1,6
2025-06-08,18,66210,47,123,139,Closed,Medium,Scheduled,True,0.8,Track 15,Standby,309,0,0,6
2025-06-08,19,198861,88,103,76,Closed,High,Clean,False,12.8,Track 9,Inducted,267,0,0,6
2025-06-08,20,151634,70,6,152,Closed,Low,Clean,False,13.4,Track 1,Inducted,228,1,0,6
2025-06-08,21,76944,26,64,294,Closed,Medium,Clean,False,13.0,Track 6,Inducted,384,0,0,6
2025-06-08,22,129121,12,23,197,Open,High,Clean,False,0.0,Track 1,Maintenance,232,0,1,6
2025-06-08,23,159567,59,68,7,Closed,High,Clean,False,12.3,Track 8,Inducted,134,1,0,6
2025-06-08,24,134779,53,127,256,Closed,Medium,Clean,False,0.9,Track 1,Standby,436,0,0,6
2025-06-08,25,80016,86,140,76,Closed,Low,Clean,False,12.7,Track 6,Inducted,302,0,0,6
2025-06-09,1,138064,13,135,125,Closed,Low,Clean,False,10.6,Track 15,Inducted,273,0,0,0
2025-06-09,2,106756,36,150,132,Closed,Low,Clean,False,11.4,Track 2,Inducted,318,0,0,0
2025-06-09,3,105233,68,67,196,Open,Low,Scheduled,True,0.0,Track 11,Maintenance,331,0,1,0
2025-06-09,4,118830,27,142,50,Closed,High,Clean,False,1.5,Track 9,Standby,219,0,0,0
2025-06-09,5,162595,77,133,221,Closed,Medium,Clean,False,8.3,Track 12,Inducted,431,0,0,0
2025-06-09,6,207257,24,72,55,Closed,Medium,Clean,False,9.0,Track 2,Inducted,151,0,0,0
2025-06-09,7,134033,76,161,41,Closed,High,Clean,False,1.0,Track 7,Standby,278,0,0,0
2025-06-09,8,204046,63,36,213,Closed,High,Clean,False,9.5,Track 5,Inducted,312,0,0,0
2025-06-09,9,191207,44,86,69,Open,Medium,Clean,False,0.0,Track 11,Maintenance,199,0,1,0
2025-06-09,10,195162,56,121,153,Closed,High,Clean,False,0.8,Track 5,Standby,330,0,0,0
2025-06-09,11,170536,78,63,87,Closed,Low,Clean,False,0.6,Track 2,Standby,228,0,0,0
2025-06-09,12,98845,57,56,135,Closed,Medium,Clean,False,12.9,Track 7,Inducted,248,0,0,0
2025-06-09,13,148482,28,24,103,Open,Low,Clean,False,0.0,Track 3,Maintenance,155,0,1,0
2025-06-09,14,196506,33,102,157,Closed,Low,Clean,False,12.7,Track 12,Inducted,292,0,0,0
2025-06-09,15,65920,80,70,16,Closed,High,Clean,False,10.2,Track 4,Inducted,166,0,0,0
2025-06-09,16,93589,58,150,296,Closed,Medium,Clean,False,1.1,Track 9,Standby,504,0,0,0
2025-06-09,17,187430,79,150,229,Closed,Medium,Clean,False,1.1,Track 2,Standby,458,0,0,0
2025-06-09,18,66210,46,122,138,Open,Medium,Clean,False,0.0,Track 1,Maintenance,306,0,1,0
2025-06-09,19,198861,87,102,75,Open,High,Clean,False,0.0,Track 6,Maintenance,264,0,1,0
2025-06-09,20,151988,69,5,151,Closed,Low,Clean,False,12.2,Track 4,Inducted,225,1,0,0
2025-06-09,21,76944,25,63,293,Open,Medium,Clean,False,0.0,Track 5,Maintenance,381,0,1,0
2025-06-09,22,129121,11,22,196,Open,High,Clean,False,0.0,Track 6,Maintenance,229,0,1,0
2025-06-09,23,159978,58,67,6,Closed,High,Clean,False,9.3,Track 6,Inducted,131,1,0,0
2025-06-09,24,135194,52,126,255,Closed,Medium,Clean,False,12.3,Track 9,Inducted,433,0,0,0
2025-06-09,25,80541,85,139,75,Closed,Low,Clean,False,12.9,Track 9,Inducted,299,0,0,0
2025-06-10,1,138432,12,134,124,Closed,Low,Clean,False,8.1,Track 5,Inducted,270,0,0,1
2025-06-10,2,107120,35,149,131,Closed,Low,Clean,False,9.7,Track 1,Inducted,315,0,0,1
2025-06-10,3,105233,67,66,195,Open,Low,Scheduled,True,0.0,Track 8,Maintenance,328,0,1,1
2025-06-10,4,119374,26,141,49,Closed,High,Clean,False,13.0,Track 14,Inducted,216,0,0,1
2025-06-10,5,162902,76,132,220,Closed,Medium,Clean,False,12.1,Track 10,Inducted,428,0,0,1
2025-06-10,6,207278,23,71,54,Closed,Medium,Clean,False,0.6,Track 7,Standby,148,0,0,1
2025-06-10,7,134033,75,160,40,Open,High,Clean,False,0.0,Track 9,Maintenance,275,0,1,1
2025-06-10,8,204046,62,35,212,Open,High,Clean,False,0.0,Track 9,Maintenance,309,0,1,1
2025-06-10,9,191240,43,85,68,Closed,Medium,Clean,False,0.8,Track 15,Standby,196,0,0,1
2025-06-10,10,195588,55,120,152,Closed,High,Clean,False,8.6,Track 5,Inducted,327,0,0,1
2025-06-10,11,170547,77,62,86,Closed,Low,Clean,False,1.5,Track 9,Standby,225,0,0,1
2025-06-10,12,99321,56,55,134,Closed,Medium,Clean,False,9.8,Track 13,Inducted,245,0,0,1
2025-06-10,13,148825,27,23,102,Closed,Low,Clean,False,10.1,Track 7,Inducted,152,0,0,1
2025-06-10,14,196868,32,101,156,Closed,Low,Clean,False,10.0,Track 4,Inducted,289,0,0,1
2025-06-10,15,66242,79,69,15,Closed,High,Clean,False,13.9,Track 9,Inducted,163,0,0,1
2025-06-10,16,93636,57,149,295,Closed,Medium,Clean,False,1.1,Track 4,Standby,501,0,0,1
2025-06-10,17,187430,78,149,228,Open,Medium,Clean,False,0.0,Track 3,Maintenance,455,0,1,1
2025-06-10,18,66705,45,121,137,Closed,Medium,Clean,False,12.7,Track 6,Inducted,303,0,0,1
2025-06-10,19,199326,86,101,74,Closed,High,Clean,False,10.6,Track 9,Inducted,261,0,0,1
2025-06-10,20,152527,68,4,150,Closed,Low,Clean,False,12.0,Track 11,Inducted,222,1,0,1
2025-06-10,21,76983,24,62,292,Closed,Medium,Scheduled,True,0.5,Track 15,Standby,378,0,0,1
2025-06-10,22,129642,10,21,195,Closed,High,Clean,False,13.0,Track 9,Inducted,226,0,0,1
2025-06-10,23,160529,57,66,5,Closed,High,Clean,False,8.0,Track 2,Inducted,128,1,0,1
2025-06-10,24,135564,51,125,254,Closed,Medium,Clean,False,10.8,Track 4,Inducted,430,0,0,1
2025-06-10,25,80541,84,138,74,Open,Low,Clean,False,0.0,Track 6,Maintenance,296,0,1,1
2025-06-11,1,138784,11,133,123,Closed,Low,Clean,False,12.6,Track 3,Inducted,267,0,0,2
2025-06-11,2,107515,34,148,130,Closed,Low,Clean,False,8.5,Track 10,Inducted,312,0,0,2
2025-06-11,3,105260,66,65,194,Closed,Low,Scheduled,True,1.0,Track 12,Standby,325,0,0,2
2025-06-11,4,119374,25,140,48,Open,High,Clean,False,0.0,Track 9,Maintenance,213,0,1,2
2025-06-11,5,162919,75,131,219,Closed,Medium,Clean,False,1.2,Track 7,Standby,425,0,0,2
2025-06-11,6,207278,22,70,53,Open,Medium,Clean,False,0.0,Track 14,Maintenance,145,0,1,2
2025-06-11,7,134420,74,159,39,Closed,High,Clean,False,8.5,Track 3,Inducted,272,0,0,2
2025-06-11,8,204052,61,34,211,Closed,High,Clean,False,0.5,Track 15,Standby,306,0,0,2
2025-06-11,9,191737,42,84,67,Closed,Medium,Clean,False,10.6,Track 3,Inducted,193,0,0,2
2025-06-11,10,195909,54,119,151,Closed,High,Clean,False,10.2,Track 6,Inducted,324,0,0,2
2025-06-11,11,170576,76,61,85,Closed,Low,Clean,False,0.8,Track 1,Standby,222,0,0,2
2025-06-11,12,99321,55,54,133,Open,Medium,Clean,False,0.0,Track 1,Maintenance,242,0,1,2
2025-06-11,13,148825,26,22,101,Open,Low,Clean,False,0.0,Track 13,Maintenance,149,0,1,2
2025-06-11,14,196893,31,100,155,Closed,Low,Clean,False,0.7,Track 3,Standby,286,0,0,2
2025-06-11,15,66242,78,68,14,Open,High,Clean,False,0.0,Track 5,Maintenance,160,0,1,2
2025-06-11,16,94027,56,148,294,Closed,Medium,Clean,False,10.0,Track 8,Inducted,498,0,0,2
2025-06-11,17,187430,77,148,227,Open,Medium,Clean,False,0.0,Track 4,Maintenance,452,0,1,2
2025-06-11,18,66747,44,120,136,Closed,Medium,Clean,False,1.2,Track 9,Standby,300,0,0,2
2025-06-11,19,199718,85,100,73,Closed,High,Clean,False,11.8,Track 4,Inducted,258,0,0,2
2025-06-11,20,152540,67,3,149,Closed,Low,Clean,False,0.6,Track 12,Standby,219,1,0,2
2025-06-11,21,76983,23,61,291,Open,Medium,Clean,False,0.0,Track 7,Maintenance,375,0,1,2
2025-06-11,22,129691,9,20,194,Closed,High,Clean,False,1.1,Track 5,Standby,223,0,0,2
2025-06-11,23,160940,56,65,4,Closed,High,Clean,False,9.3,Track 11,Inducted,125,1,0,2
2025-06-11,24,135958,50,124,253,Closed,Medium,Clean,False,9.1,Track 10,Inducted,427,0,0,2
2025-06-11,25,80586,83,137,73,Closed,Low,Clean,False,1.4,Track 9,Standby,293,0,0,2
2025-06-12,1,139152,10,132,122,Closed,Low,Clean,False,8.3,Track 8,Inducted,264,0,0,3
2025-06-12,2,107515,33,147,129,Open,Low,Clean,False,0.0,Track 12,Maintenance,309,0,1,3
2025-06-12,3,105260,65,64,193,Open,Low,Clean,False,0.0,Track 15,Maintenance,322,0,1,3
2025-06-12,4,119849,24,139,47,Closed,High,Clean,False,9.7,Track 6,Inducted,210,0,0,3
2025-06-12,5,162944,74,130,218,Closed,Medium,Clean,False,0.8,Track 9,Standby,422,0,0,3
2025-06-12,6,207614,21,69,52,Closed,Medium,Clean,False,11.6,Track 3,Inducted,142,0,0,3
2025-06-12,7,134423,73,158,38,Closed,High,Clean,False,1.2,Track 15,Standby,269,0,0,3
2025-06-12,8,204052,60,33,210,Open,High,Clean,False,0.0,Track 15,Maintenance,303,0,1,3
2025-06-12,9,192209,41,83,66,Closed,Medium,Clean,False,12.2,Track 13,Inducted,190,0,0,3
2025-06-12,10,195920,53,118,150,Closed,High,Clean,False,0.9,Track 9,Standby,321,0,0,3
2025-06-12,11,170612,75,60,84,Closed,Low,Clean,False,1.1,Track 12,Standby,219,0,0,3
2025-06-12,12,99370,54,53,132,Closed,Medium,Clean,False,0.7,Track 13,Standby,239,0,0,3
2025-06-12,13,148870,25,21,100,Closed,Low,Clean,False,1.0,Track 6,Standby,146,0,0,3
2025-06-12,14,196903,30,99,154,Closed,Low,Clean,False,1.0,Track 5,Standby,283,0,0,3
2025-06-12,15,66280,77,67,13,Closed,High,Clean,False,0.7,Track 13,Standby,157,0,0,3
2025-06-12,16,94370,55,147,293,Closed,Medium,Clean,False,11.7,Track 2,Inducted,495,0,0,3
2025-06-12,17,187830,76,147,226,Closed,Medium,Clean,False,12.5,Track 14,Inducted,449,0,0,3
2025-06-12,18,66747,43,119,135,Open,Medium,Clean,False,0.0,Track 1,Maintenance,297,0,1,3
2025-06-12,19,200202,84,99,72,Closed,High,Clean,False,9.5,Track 9,Inducted,255,0,0,3
2025-06-12,20,152546,66,2,148,Closed,Low,Clean,False,1.1,Track 10,Standby,216,1,0,3
2025-06-12,21,76983,22,60,290,Open,Medium,Clean,False,0.0,Track 3,Maintenance,372,0,1,3
2025-06-12,22,130026,8,19,193,Closed,High,Clean,False,13.7,Track 12,Inducted,220,0,0,3
2025-06-12,23,160969,55,64,3,Closed,High,Clean,False,1.1,Track 6,Standby,122,1,0,3
2025-06-12,24,136284,49,123,252,Closed,Medium,Clean,False,9.4,Track 15,Inducted,424,0,0,3
2025-06-12,25,80617,82,136,72,Closed,Low,Clean,False,0.6,Track 2,Standby,290,0,0,3
2025-06-13,1,139515,9,131,121,Closed,Low,Clean,False,8.5,Track 14,Inducted,261,0,0,4
2025-06-13,2,107988,32,146,128,Closed,Low,Clean,False,12.3,Track 14,Inducted,306,0,0,4
2025-06-13,3,105653,64,63,192,Closed,Low,Clean,False,9.1,Track 12,Inducted,319,0,0,4
2025-06-13,4,119849,23,138,46,Open,High,Clean,False,0.0,Track 11,Maintenance,207,0,1,4
2025-06-13,5,162944,73,129,217,Open,Medium,Clean,False,0.0,Track 15,Maintenance,419,0,1,4
2025-06-13,6,207664,20,68,51,Closed,Medium,Clean,False,0.8,Track 9,Standby,139,0,0,4
2025-06-13,7,134471,72,157,37,Closed,High,Clean,False,1.3,Track 9,Standby,266,0,0,4
2025-06-13,8,204083,59,32,209,Closed,High,Clean,False,0.5,Track 9,Standby,300,0,0,4
2025-06-13,9,192713,40,82,65,Closed,Medium,Clean,False,11.2,Track 6,Inducted,187,0,0,4
2025-06-13,10,195920,52,117,149,Open,High,Clean,False,0.0,Track 9,Maintenance,318,0,1,4
2025-06-13,11,170612,74,59,83,Open,Low,Clean,False,0.0,Track 9,Maintenance,216,0,1,4
2025-06-13,12,99402,53,52,131,Closed,Medium,Clean,False,1.4,Track 14,Standby,236,0,0,4
2025-06-13,13,148914,24,20,99,Closed,Low,Clean,False,1.3,Track 2,Standby,143,0,0,4
2025-06-13,14,196949,29,98,153,Closed,Low,Clean,False,1.0,Track 15,Standby,280,0,0,4
2025-06-13,15,66303,76,66,12,Closed,High,Clean,False,1.2,Track 10,Standby,154,0,0,4
2025-06-13,16,94370,54,146,292,Open,Medium,Scheduled,True,0.0,Track 8,Maintenance,492,0,1,4
2025-06-13,17,188351,75,146,225,Closed,Medium,Clean,False,11.1,Track 7,Inducted,446,0,0,4
2025-06-13,18,66793,42,118,134,Closed,Medium,Clean,False,0.8,Track 6,Standby,294,0,0,4
2025-06-13,19,200250,83,98,71,Closed,High,Clean,False,0.9,Track 14,Standby,252,0,0,4
2025-06-13,20,153011,65,1,147,Closed,Low,Clean,False,11.8,Track 6,Inducted,213,1,0,4
2025-06-13,21,77009,21,59,289,Closed,Medium,Clean,False,0.9,Track 11,Standby,369,0,0,4
2025-06-13,22,130048,7,18,192,Closed,High,Clean,False,0.9,Track 1,Standby,217,1,0,4
2025-06-13,23,160969,54,63,2,Open,High,Clean,False,0.0,Track 3,Maintenance,119,1,1,4
2025-06-13,24,136302,48,122,251,Closed,Medium,Scheduled,True,1.4,Track 7,Standby,421,0,0,4
2025-06-13,25,80617,81,135,71,Open,Low,Clean,True,0.0,Track 13,Maintenance,287,0,1,4
2025-06-14,1,139515,8,130,120,Open,Low,Clean,False,0.0,Track 12,Maintenance,258,0,1,5
2025-06-14,2,107988,31,145,127,Open,Low,Clean,False,0.0,Track 6,Maintenance,303,0,1,5
2025-06-14,3,106222,63,62,191,Closed,Low,Clean,False,13.9,Track 3,Inducted,316,0,0,5
2025-06-14,4,119849,22,137,45,Open,High,Clean,False,0.0,Track 2,Maintenance,204,0,1,5
2025-06-14,5,162952,72,128,216,Closed,Medium,Clean,False,1.2,Track 15,Standby,416,0,0,5
2025-06-14,6,208090,19,67,50,Closed,Medium,Clean,False,11.1,Track 4,Inducted,136,0,0,5
2025-06-14,7,134819,71,156,36,Closed,High,Clean,False,13.9,Track 2,Inducted,263,0,0,5
2025-06-14,8,204573,58,31,208,Closed,High,Clean,False,14.0,Track 4,Inducted,297,0,0,5
2025-06-14,9,193131,39,81,64,Closed,Medium,Clean,False,13.9,Track 3,Inducted,184,0,0,5
2025-06-14,10,195955,51,116,148,Closed,High,Clean,False,0.9,Track 10,Standby,315,0,0,5
2025-06-14,11,170648,73,58,82,Closed,Low,Clean,False,0.7,Track 3,Standby,213,0,0,5
2025-06-14,12,99415,52,51,130,Closed,Medium,Clean,False,0.9,Track 3,Standby,233,0,0,5
2025-06-14,13,149247,23,19,98,Closed,Low,Clean,False,12.9,Track 11,Inducted,140,0,0,5
2025-06-14,14,196949,28,97,152,Open,Low,Clean,False,0.0,Track 12,Maintenance,277,0,1,5
2025-06-14,15,66304,75,65,11,Closed,High,Clean,False,1.0,Track 6,Standby,151,0,0,5
2025-06-14,16,94370,53,145,291,Open,Medium,Clean,True,0.0,Track 3,Maintenance,489,0,1,5
2025-06-14,17,188376,74,145,224,Closed,Medium,Clean,False,1.3,Track 4,Standby,443,0,0,5
2025-06-14,18,66824,41,117,133,Closed,Medium,Clean,False,1.1,Track 1,Standby,291,0,0,5
2025-06-14,19,200560,82,97,70,Closed,High,Clean,False,8.7,Track 6,Inducted,249,0,0,5
2025-06-14,20,153019,64,180,146,Closed,Low,Clean,False,0.7,Track 3,Standby,390,0,0,5
2025-06-14,21,77487,20,58,288,Closed,Medium,Clean,False,11.5,Track 1,Inducted,366,0,0,5
2025-06-14,22,130551,6,17,191,Closed,High,Clean,False,10.4,Track 12,Inducted,214,1,0,5
2025-06-14,23,161454,53,62,1,Closed,High,Clean,False,11.4,Track 1,Inducted,116,1,0,5
2025-06-14,24,136819,47,121,250,Closed,Medium,Clean,False,11.0,Track 13,Inducted,418,0,0,5
2025-06-14,25,80642,80,134,70,Closed,Low,Scheduled,True,0.6,Track 6,Standby,284,0,0,5
2025-06-15,1,139525,7,129,119,Closed,Low,Clean,False,1.0,Track 2,Standby,255,1,0,6
2025-06-15,2,108345,30,144,126,Closed,Low,Clean,False,12.6,Track 9,Inducted,300,0,0,6
2025-06-15,3,106263,62,61,190,Closed,Low,Clean,False,0.6,Track 1,Standby,313,0,0,6
2025-06-15,4,119849,21,136,44,Open,High,Clean,False,0.0,Track 15,Maintenance,201,0,1,6
2025-06-15,5,163486,71,127,215,Closed,Medium,Clean,False,8.5,Track 10,Inducted,413,0,0,6
2025-06-15,6,208122,18,66,49,Closed,Medium,Clean,False,1.4,Track 6,Standby,133,0,0,6
2025-06-15,7,134869,70,155,35,Closed,High,Clean,False,1.1,Track 15,Standby,260,0,0,6
2025-06-15,8,204907,57,30,207,Closed,High,Clean,False,9.0,Track 2,Inducted,294,0,0,6
2025-06-15,9,193131,38,80,63,Open,Medium,Clean,False,0.0,Track 13,Maintenance,181,0,1,6
2025-06-15,10,196004,50,115,147,Closed,High,Clean,False,0.6,Track 9,Standby,312,0,0,6
2025-06-15,11,170648,72,57,81,Open,Low,Clean,False,0.0,Track 7,Maintenance,210,0,1,6
2025-06-15,12,99415,51,50,129,Open,Medium,Clean,False,0.0,Track 12,Maintenance,230,0,1,6
2025-06-15,13,149247,22,18,97,Open,Low,Clean,False,0.0,Track 11,Maintenance,137,0,1,6
2025-06-15,14,197278,27,96,151,Closed,Low,Clean,False,10.3,Track 14,Inducted,274,0,0,6
2025-06-15,15,66304,74,64,10,Open,High,Clean,False,0.0,Track 12,Maintenance,148,0,1,6
2025-06-15,16,94415,52,144,290,Closed,Medium,Scheduled,True,1.1,Track 14,Standby,486,0,0,6
2025-06-15,17,188424,73,144,223,Closed,Medium,Clean,False,1.3,Track 15,Standby,440,0,0,6
2025-06-15,18,67174,40,116,132,Closed,Medium,Clean,False,11.9,Track 15,Inducted,288,0,0,6
2025-06-15,19,200583,81,96,69,Closed,High,Clean,False,0.9,Track 12,Standby,246,0,0,6
2025-06-15,20,153436,63,179,145,Closed,Low,Clean,False,13.6,Track 7,Inducted,387,0,0,6
2025-06-15,21,77918,19,57,287,Closed,Medium,Clean,False,12.6,Track 13,Inducted,363,0,0,6
2025-06-15,22,131041,5,16,190,Closed,High,Clean,False,9.5,Track 13,Inducted,211,1,0,6
2025-06-15,23,161963,52,61,365,Closed,High,Clean,True,11.8,Track 7,Inducted,478,0,0,6
2025-06-15,24,136869,46,120,249,Closed,Medium,Clean,False,0.7,Track 9,Standby,415,0,0,6
2025-06-15,25,81046,79,133,69,Closed,Low,Clean,False,13.2,Track 8,Inducted,281,0,0,6
2025-06-16,1,139929,6,128,118,Closed,Low,Clean,False,9.5,Track 13,Inducted,252,1,0,0
2025-06-16,2,108352,29,143,125,Closed,Low,Clean,False,1.3,Track 6,Standby,297,0,0,0
2025-06-16,3,106661,61,60,189,Closed,Low,Clean,False,11.1,Track 11,Inducted,310,0,0,0
2025-06-16,4,119849,20,135,43,Open,High,Clean,False,0.0,Track 9,Maintenance,198,0,1,0
2025-06-16,5,163992,70,126,214,Closed,Medium,Clean,False,11.6,Track 14,Inducted,410,0,0,0
2025-06-16,6,208690,17,65,48,Closed,Medium,Clean,False,9.0,Track 13,Inducted,130,0,0,0
2025-06-16,7,134903,69,154,34,Closed,High,Scheduled,True,1.4,Track 6,Standby,257,0,0,0
2025-06-16,8,205467,56,29,206,Closed,High,Clean,False,13.1,Track 8,Inducted,291,0,0,0
2025-06-16,9,193131,37,79,62,Open,Medium,Clean,False,0.0,Track 4,Maintenance,178,0,1,0
2025-06-16,10,196362,49,114,146,Closed,High,Clean,False,12.9,Track 14,Inducted,309,0,0,0
2025-06-16,11,171022,71,56,80,Closed,Low,Clean,False,13.1,Track 5,Inducted,207,0,0,0
2025-06-16,12,99415,50,49,128,Open,Medium,Clean,False,0.0,Track 1,Maintenance,227,0,1,0
2025-06-16,13,149247,21,17,96,Open,Low,Clean,False,0.0,Track 13,Maintenance,134,0,1,0
2025-06-16,14,197692,26,95,150,Closed,Low,Clean,False,8.3,Track 10,Inducted,271,0,0,0
2025-06-16,15,66637,73,63,9,Closed,High,Clean,False,10.0,Track 5,Inducted,145,0,0,0
2025-06-16,16,94432,51,143,289,Closed,Medium,Clean,False,1.2,Track 9,Standby,483,0,0,0
2025-06-16,17,188457,72,143,222,Closed,Medium,Clean,False,1.4,Track 4,Standby,437,0,0,0
2025-06-16,18,67186,39,115,131,Closed,Medium,Clean,False,0.9,Track 10,Standby,285,0,0,0
2025-06-16,19,201033,80,95,68,Closed,High,Clean,False,9.2,Track 11,Inducted,243,0,0,0
2025-06-16,20,153886,62,178,144,Closed,Low,Clean,False,11.0,Track 10,Inducted,384,0,0,0
2025-06-16,21,77918,18,56,286,Open,Medium,Clean,False,0.0,Track 10,Maintenance,360,0,1,0
2025-06-16,22,131041,4,15,189,Open,High,Scheduled,True,0.0,Track 8,Maintenance,208,1,1,0
2025-06-16,23,161986,51,60,364,Closed,High,Scheduled,True,1.2,Track 11,Standby,475,0,0,0
2025-06-16,24,136869,45,119,248,Open,Medium,Clean,False,0.0,Track 6,Maintenance,412,0,1,0
2025-06-16,25,81053,78,132,68,Closed,Low,Clean,False,1.3,Track 5,Standby,278,0,0,0
2025-06-17,1,139956,5,127,117,Closed,Low,Clean,False,1.2,Track 13,Standby,249,1,0,1
2025-06-17,2,108388,28,142,124,Closed,Low,Clean,False,1.4,Track 9,Standby,294,0,0,1
2025-06-17,3,106661,60,59,188,Open,Low,Clean,False,0.0,Track 3,Maintenance,307,0,1,1
2025-06-17,4,119858,19,134,42,Closed,High,Clean,False,0.6,Track 8,Standby,195,0,0,1
2025-06-17,5,164327,69,125,213,Closed,Medium,Clean,False,10.0,Track 6,Inducted,407,0,0,1
2025-06-17,6,208690,16,64,47,Open,Medium,Clean,False,0.0,Track 15,Maintenance,127,0,1,1
2025-06-17,7,135424,68,153,33,Closed,High,Clean,False,11.1,Track 10,Inducted,254,0,0,1
2025-06-17,8,205484,55,28,205,Closed,High,Clean,False,1.2,Track 4,Standby,288,0,0,1
2025-06-17,9,193174,36,78,61,Closed,Medium,Clean,False,0.6,Track 14,Standby,175,0,0,1
2025-06-17,10,196362,48,113,145,Open,High,Clean,True,0.0,Track 7,Maintenance,306,0,1,1
2025-06-17,11,171022,70,55,79,Open,Low,Clean,False,0.0,Track 5,Maintenance,204,0,1,1
2025-06-17,12,99806,49,48,127,Closed,Medium,Clean,False,9.2,Track 2,Inducted,224,0,0,1
2025-06-17,13,149247,20,16,95,Open,Low,Clean,False,0.0,Track 6,Maintenance,131,0,1,1
2025-06-17,14,198248,25,94,149,Closed,Low,Clean,True,10.1,Track 6,Inducted,268,0,0,1
2025-06-17,15,66653,72,62,8,Closed,High,Clean,False,0.7,Track 9,Standby,142,0,0,1
2025-06-17,16,94475,50,142,288,Closed,Medium,Clean,False,1.5,Track 11,Standby,480,0,0,1
2025-06-17,17,188465,71,142,221,Closed,Medium,Clean,False,1.4,Track 3,Standby,434,0,0,1
2025-06-17,18,67207,38,114,130,Closed,Medium,Clean,False,1.4,Track 6,Standby,282,0,0,1
2025-06-17,19,201033,79,94,67,Open,High,Clean,False,0.0,Track 10,Maintenance,240,0,1,1
2025-06-17,20,153932,61,177,143,Closed,Low,Clean,False,0.7,Track 11,Standby,381,0,0,1
2025-06-17,21,77940,17,55,285,Closed,Medium,Clean,False,1.0,Track 5,Standby,357,0,0,1
2025-06-17,22,131047,3,14,188,Closed,High,Scheduled,True,0.8,Track 15,Standby,205,1,0,1
2025-06-17,23,162007,50,59,363,Closed,High,Clean,False,1.1,Track 1,Standby,472,0,0,1
2025-06-17,24,136909,44,118,247,Closed,Medium,Clean,False,0.8,Track 4,Standby,409,0,0,1
2025-06-17,25,81053,77,131,67,Open,Low,Clean,False,0.0,Track 13,Maintenance,275,0,1,1
2025-06-18,1,140471,4,126,116,Closed,Low,Clean,False,12.8,Track 13,Inducted,246,1,0,2
2025-06-18,2,108388,27,141,123,Open,Low,Clean,False,0.0,Track 13,Maintenance,291,0,1,2
2025-06-18,3,107248,59,58,187,Closed,Low,Clean,False,13.3,Track 6,Inducted,304,0,0,2
2025-06-18,4,119858,18,133,41,Open,High,Clean,False,0.0,Track 8,Maintenance,192,0,1,2
2025-06-18,5,164804,68,124,212,Closed,Medium,Clean,False,14.0,Track 13,Inducted,404,0,0,2
2025-06-18,6,208690,15,63,46,Open,Medium,Clean,False,0.0,Track 10,Maintenance,124,0,1,2
2025-06-18,7,135983,67,152,32,Closed,High,Clean,False,8.4,Track 4,Inducted,251,0,0,2
2025-06-18,8,205484,54,27,204,Open,High,Clean,False,0.0,Track 12,Maintenance,285,0,1,2
2025-06-18,9,193176,35,77,60,Closed,Medium,Clean,False,0.7,Track 4,Standby,172,0,0,2
2025-06-18,10,196366,47,112,144,Closed,High,Scheduled,True,1.1,Track 3,Standby,303,0,0,2
2025-06-18,11,171036,69,54,78,Closed,Low,Clean,False,1.0,Track 8,Standby,201,0,0,2
2025-06-18,12,99806,48,47,126,Open,Medium,Clean,False,0.0,Track 2,Maintenance,221,0,1,2
2025-06-18,13,149258,19,15,94,Closed,Low,Clean,False,0.6,Track 5,Standby,128,0,0,2
2025-06-18,14,198288,24,93,148,Closed,Low,Clean,True,1.3,Track 4,Standby,265,0,0,2
2025-06-18,15,66653,71,61,7,Open,High,Clean,False,0.0,Track 9,Maintenance,139,1,1,2
2025-06-18,16,94969,49,141,287,Closed,Medium,Clean,False,13.7,Track 3,Inducted,477,0,0,2
2025-06-18,17,188892,70,141,220,Closed,Medium,Clean,False,8.8,Track 4,Inducted,431,0,0,2
2025-06-18,18,67787,37,113,129,Closed,Medium,Clean,False,10.2,Track 1,Inducted,279,0,0,2
2025-06-18,19,201545,78,93,66,Closed,High,Clean,False,12.0,Track 14,Inducted,237,0,0,2
2025-06-18,20,154294,60,176,142,Closed,Low,Clean,False,10.7,Track 2,Inducted,378,0,0,2
2025-06-18,21,77940,16,54,284,Open,Medium,Clean,False,0.0,Track 14,Maintenance,354,0,1,2
2025-06-18,22,131355,2,13,187,Closed,High,Clean,False,9.5,Track 4,Inducted,202,1,0,2
2025-06-18,23,162451,49,58,362,Closed,High,Clean,False,11.7,Track 14,Inducted,469,0,0,2
2025-06-18,24,136909,43,117,246,Open,Medium,Clean,False,0.0,Track 6,Maintenance,406,0,1,2
2025-06-18,25,81617,76,130,66,Closed,Low,Clean,False,10.9,Track 11,Inducted,272,0,0,2
2025-06-19,1,140519,3,125,115,Closed,Low,Clean,False,1.2,Track 6,Standby,243,1,0,3
2025-06-19,2,108388,26,140,122,Open,Low,Clean,False,0.0,Track 7,Maintenance,288,0,1,3
2025-06-19,3,107779,58,57,186,Closed,Low,Clean,False,9.3,Track 3,Inducted,301,0,0,3
2025-06-19,4,119878,17,132,40,Closed,High,Clean,False,0.9,Track 2,Standby,189,0,0,3
2025-06-19,5,165143,67,123,211,Closed,Medium,Clean,False,9.9,Track 8,Inducted,401,0,0,3
2025-06-19,6,209211,14,62,45,Closed,Medium,Clean,False,10.9,Track 5,Inducted,121,0,0,3
2025-06-19,7,136411,66,151,31,Closed,High,Clean,False,8.1,Track 11,Inducted,248,0,0,3
2025-06-19,8,206001,53,26,203,Closed,High,Clean,False,13.5,Track 1,Inducted,282,0,0,3
2025-06-19,9,193206,34,76,59,Closed,Medium,Clean,False,0.6,Track 11,Standby,169,0,0,3
2025-06-19,10,196366,46,111,143,Open,High,Clean,False,0.0,Track 12,Maintenance,300,0,1,3
2025-06-19,11,171052,68,53,77,Closed,Low,Clean,False,1.5,Track 9,Standby,198,0,0,3
2025-06-19,12,99806,47,46,125,Open,Medium,Clean,False,0.0,Track 12,Maintenance,218,0,1,3
2025-06-19,13,149742,18,14,93,Closed,Low,Clean,False,8.6,Track 12,Inducted,125,0,0,3
2025-06-19,14,198336,23,92,147,Closed,Low,Scheduled,True,0.6,Track 1,Standby,262,0,0,3
2025-06-19,15,66653,70,60,6,Open,High,Clean,False,0.0,Track 10,Maintenance,136,1,1,3
2025-06-19,16,94969,48,140,286,Open,Medium,Clean,False,0.0,Track 3,Maintenance,474,0,1,3
2025-06-19,17,188925,69,140,219,Closed,Medium,Clean,False,1.2,Track 3,Standby,428,0,0,3
2025-06-19,18,67806,36,112,128,Closed,Medium,Clean,False,1.3,Track 3,Standby,276,0,0,3
2025-06-19,19,202090,77,92,65,Closed,High,Clean,False,8.3,Track 10,Inducted,234,0,0,3
2025-06-19,20,154329,59,175,141,Closed,Low,Clean,False,0.7,Track 6,Standby,375,0,0,3
2025-06-19,21,77946,15,53,283,Closed,Medium,Clean,False,0.9,Track 10,Standby,351,0,0,3
2025-06-19,22,131368,1,12,186,Closed,High,Clean,False,1.2,Track 4,Standby,199,1,0,3
2025-06-19,23,162997,48,57,361,Closed,High,Clean,False,13.2,Track 10,Inducted,466,0,0,3
2025-06-19,24,137230,42,116,245,Closed,Medium,Clean,False,8.6,Track 12,Inducted,403,0,0,3
2025-06-19,25,81641,75,129,65,Closed,Low,Clean,False,0.5,Track 7,Standby,269,0,0,3
2025-06-20,1,140975,2,124,114,Closed,Low,Clean,False,8.4,Track 1,Inducted,240,1,0,4
2025-06-20,2,108388,25,139,121,Open,Low,Clean,False,0.0,Track 13,Maintenance,285,0,1,4
2025-06-20,3,107799,57,56,185,Closed,Low,Clean,False,0.5,Track 4,Standby,298,0,0,4
2025-06-20,4,120455,16,131,39,Closed,High,Clean,False,11.3,Track 14,Inducted,186,0,0,4
2025-06-20,5,165193,66,122,210,Closed,Medium,Clean,False,0.9,Track 9,Standby,398,0,0,4
2025-06-20,6,209211,13,61,44,Open,Medium,Clean,False,0.0,Track 12,Maintenance,118,0,1,4
2025-06-20,7,136433,65,150,30,Closed,High,Clean,False,1.2,Track 4,Standby,245,0,0,4
2025-06-20,8,206415,52,25,202,Closed,High,Clean,False,12.6,Track 8,Inducted,279,0,0,4
2025-06-20,9,193740,33,75,58,Closed,Medium,Clean,False,9.5,Track 3,Inducted,166,0,0,4
2025-06-20,10,196846,45,110,142,Closed,High,Clean,False,12.4,Track 13,Inducted,297,0,0,4
2025-06-20,11,171511,67,52,76,Closed,Low,Clean,False,9.4,Track 7,Inducted,195,0,0,4
2025-06-20,12,99806,46,45,124,Open,Medium,Clean,False,0.0,Track 8,Maintenance,215,0,1,4
2025-06-20,13,149742,17,13,92,Open,Low,Clean,False,0.0,Track 3,Maintenance,122,0,1,4
2025-06-20,14,198378,22,91,146,Closed,Low,Clean,False,0.6,Track 15,Standby,259,0,0,4
2025-06-20,15,66653,69,59,5,Open,High,Clean,False,0.0,Track 1,Maintenance,133,1,1,4
2025-06-20,16,94969,47,139,285,Open,Medium,Clean,False,0.0,Track 11,Maintenance,471,0,1,4
2025-06-20,17,188940,68,139,218,Closed,Medium,Clean,False,0.8,Track 10,Standby,425,0,0,4
2025-06-20,18,68146,35,111,127,Closed,Medium,Clean,False,9.4,Track 13,Inducted,273,0,0,4
2025-06-20,19,202135,76,91,64,Closed,High,Clean,False,1.3,Track 1,Standby,231,0,0,4
2025-06-20,20,154723,58,174,140,Closed,Low,Clean,False,12.1,Track 13,Inducted,372,0,0,4
2025-06-20,21,77946,14,52,282,Open,Medium,Clean,False,0.0,Track 9,Maintenance,348,0,1,4
2025-06-20,22,131689,90,11,185,Closed,High,Clean,False,12.7,Track 5,Inducted,286,0,0,4
2025-06-20,23,163425,47,56,360,Closed,High,Clean,False,13.1,Track 15,Inducted,463,0,0,4
2025-06-20,24,137826,41,115,244,Closed,Medium,Clean,False,13.8,Track 5,Inducted,400,0,0,4
2025-06-20,25,81688,74,128,64,Closed,Low,Clean,False,0.9,Track 1,Standby,266,0,0,4
2025-06-21,1,141017,1,123,113,Closed,Low,Clean,False,1.5,Track 15,Standby,237,1,0,5
2025-06-21,2,108388,24,138,120,Open,Low,Clean,False,0.0,Track 14,Maintenance,282,0,1,5
2025-06-21,3,107799,56,55,184,Open,Low,Clean,False,0.0,Track 1,Maintenance,295,0,1,5
2025-06-21,4,120455,15,130,38,Open,High,Clean,False,0.0,Track 8,Maintenance,183,0,1,5
2025-06-21,5,165767,65,121,209,Closed,Medium,Clean,False,8.4,Track 13,Inducted,395,0,0,5
2025-06-21,6,209211,12,60,43,Open,Medium,Clean,False,0.0,Track 12,Maintenance,115,0,1,5
2025-06-21,7,136467,64,149,29,Closed,High,Clean,False,1.0,Track 1,Standby,242,0,0,5
2025-06-21,8,206415,51,24,201,Open,High,Clean,False,0.0,Track 5,Maintenance,276,0,1,5
2025-06-21,9,193742,32,74,57,Closed,Medium,Clean,False,0.6,Track 3,Standby,163,0,0,5
2025-06-21,10,196846,44,109,141,Open,High,Clean,False,0.0,Track 13,Maintenance,294,0,1,5
2025-06-21,11,171511,66,51,75,Open,Low,Clean,False,0.0,Track 5,Maintenance,192,0,1,5
2025-06-21,12,99806,45,44,123,Open,Medium,Scheduled,True,0.0,Track 2,Maintenance,212,0,1,5
2025-06-21,13,149742,16,12,91,Open,Low,Clean,False,0.0,Track 15,Maintenance,119,0,1,5
2025-06-21,14,198426,21,90,145,Closed,Low,Clean,False,1.0,Track 9,Standby,256,0,0,5
2025-06-21,15,66702,68,58,4,Closed,High,Clean,False,1.1,Track 6,Standby,130,1,0,5
2025-06-21,16,94975,46,138,284,Closed,Medium,Clean,False,0.5,Track 6,Standby,468,0,0,5
2025-06-21,17,188988,67,138,217,Closed,Medium,Clean,False,1.1,Track 14,Standby,422,0,0,5
2025-06-21,18,68601,34,110,126,Closed,Medium,Clean,False,12.1,Track 15,Inducted,270,0,0,5
2025-06-21,19,202661,75,90,63,Closed,High,Clean,False,8.5,Track 1,Inducted,228,0,0,5
2025-06-21,20,154740,57,173,139,Closed,Low,Clean,False,1.0,Track 5,Standby,369,0,0,5
2025-06-21,21,77946,13,51,281,Open,Medium,Clean,False,0.0,Track 2,Maintenance,345,0,1,5
2025-06-21,22,132017,89,10,184,Closed,High,Clean,False,8.8,Track 3,Inducted,283,0,0,5
2025-06-21,23,163425,46,55,359,Open,High,Clean,False,0.0,Track 13,Maintenance,460,0,1,5
2025-06-21,24,137826,40,114,243,Open,Medium,Clean,False,0.0,Track 13,Maintenance,397,0,1,5
2025-06-21,25,82140,73,127,63,Closed,Low,Clean,False,13.6,Track 11,Inducted,263,0,0,5
2025-06-22,1,141017,90,122,112,Open,Low,Clean,False,0.0,Track 6,Maintenance,324,0,1,6
2025-06-22,2,108880,23,137,119,Closed,Low,Clean,False,9.9,Track 7,Inducted,279,0,0,6
2025-06-22,3,107799,55,54,183,Open,Low,Clean,False,0.0,Track 9,Maintenance,292,0,1,6
2025-06-22,4,120455,14,129,37,Open,High,Clean,False,0.0,Track 9,Maintenance,180,0,1,6
2025-06-22,5,165767,64,120,208,Open,Medium,Clean,False,0.0,Track 5,Maintenance,392,0,1,6
2025-06-22,6,209211,11,59,42,Open,Medium,Clean,False,0.0,Track 12,Maintenance,112,0,1,6
2025-06-22,7,136467,63,148,28,Open,High,Clean,False,0.0,Track 1,Maintenance,239,0,1,6
2025-06-22,8,206462,50,23,200,Closed,High,Scheduled,True,1.0,Track 4,Standby,273,0,0,6
2025-06-22,9,193742,31,73,56,Open,Medium,Clean,False,0.0,Track 15,Maintenance,160,0,1,6
2025-06-22,10,197354,43,108,140,Closed,High,Clean,False,11.5,Track 5,Inducted,291,0,0,6
2025-06-22,11,171861,65,50,74,Closed,Low,Clean,False,12.8,Track 1,Inducted,189,0,0,6
2025-06-22,12,99831,44,43,122,Closed,Medium,Scheduled,True,0.5,Track 15,Standby,209,0,0,6
2025-06-22,13,149763,15,11,90,Closed,Low,Clean,False,1.2,Track 10,Standby,116,0,0,6
2025-06-22,14,198426,20,89,144,Open,Low,Clean,False,0.0,Track 1,Maintenance,253,0,1,6
2025-06-22,15,66716,67,57,3,Closed,High,Clean,False,0.9,Track 4,Standby,127,1,0,6
2025-06-22,16,95293,45,137,283,Closed,Medium,Clean,False,8.5,Track 6,Inducted,465,0,0,6
2025-06-22,17,189309,66,137,216,Closed,Medium,Clean,False,8.0,Track 6,Inducted,419,0,0,6
2025-06-22,18,69191,33,109,125,Closed,Medium,Clean,False,10.6,Track 8,Inducted,267,0,0,6
2025-06-22,19,202668,74,89,62,Closed,High,Clean,False,1.2,Track 3,Standby,225,0,0,6
2025-06-22,20,155162,56,172,138,Closed,Low,Clean,False,10.7,Track 9,Inducted,366,0,0,6
2025-06-22,21,77947,12,50,280,Closed,Medium,Clean,False,0.8,Track 11,Standby,342,0,0,6
2025-06-22,22,132600,88,9,183,Closed,High,Clean,False,13.9,Track 6,Inducted,280,0,0,6
2025-06-22,23,163425,45,54,358,Open,High,Clean,False,0.0,Track 2,Maintenance,457,0,1,6
2025-06-22,24,138384,39,113,242,Closed,Medium,Clean,False,8.8,Track 11,Inducted,394,0,0,6
2025-06-22,25,82550,72,126,62,Closed,Low,Clean,False,8.1,Track 1,Inducted,260,0,0,6
2025-06-23,1,141017,89,121,111,Open,Low,Clean,False,0.0,Track 4,Maintenance,321,0,1,0
2025-06-23,2,108897,22,136,118,Closed,Low,Clean,False,1.3,Track 9,Standby,276,0,0,0
2025-06-23,3,107816,54,53,182,Closed,Low,Clean,False,0.7,Track 11,Standby,289,0,0,0
2025-06-23,4,120505,13,128,36,Closed,High,Clean,False,0.8,Track 1,Standby,177,0,0,0
2025-06-23,5,166089,63,119,207,Closed,Medium,Clean,False,11.5,Track 15,Inducted,389,0,0,0
2025-06-23,6,209565,10,58,41,Closed,Medium,Clean,False,11.8,Track 13,Inducted,109,0,0,0
2025-06-23,7,137055,62,147,27,Closed,High,Clean,False,9.2,Track 1,Inducted,236,0,0,0
2025-06-23,8,206475,49,22,199,Closed,High,Clean,False,1.5,Track 14,Standby,270,0,0,0
2025-06-23,9,194159,30,72,55,Closed,Medium,Clean,False,11.2,Track 14,Inducted,157,0,0,0
2025-06-23,10,197373,42,107,139,Closed,High,Clean,False,1.0,Track 13,Standby,288,0,0,0
2025-06-23,11,172205,64,49,73,Closed,Low,Clean,False,9.2,Track 12,Inducted,186,0,0,0
2025-06-23,12,99831,43,42,121,Open,Medium,Clean,False,0.0,Track 6,Maintenance,206,0,1,0
2025-06-23,13,150353,14,10,89,Closed,Low,Clean,True,12.1,Track 13,Inducted,113,0,0,0
2025-06-23,14,198861,19,88,143,Closed,Low,Clean,False,13.3,Track 9,Inducted,250,0,0,0
2025-06-23,15,66716,66,56,2,Open,High,Clean,False,0.0,Track 14,Maintenance,124,1,1,0
2025-06-23,16,95293,44,136,282,Open,Medium,Clean,False,0.0,Track 13,Maintenance,462,0,1,0
2025-06-23,17,189789,65,136,215,Closed,Medium,Clean,False,10.9,Track 9,Inducted,416,0,0,0
2025-06-23,18,69492,32,108,124,Closed,Medium,Clean,False,14.0,Track 6,Inducted,264,0,0,0
2025-06-23,19,202693,73,88,61,Closed,High,Clean,False,0.5,Track 15,Standby,222,0,0,0
2025-06-23,20,155534,55,171,137,Closed,Low,Clean,False,12.2,Track 3,Inducted,363,0,0,0
2025-06-23,21,77947,11,49,279,Open,Medium,Clean,False,0.0,Track 4,Maintenance,339,0,1,0
2025-06-23,22,132636,87,8,182,Closed,High,Clean,False,0.6,Track 6,Standby,277,0,0,0
2025-06-23,23,163425,44,53,357,Open,High,Clean,False,0.0,Track 11,Maintenance,454,0,1,0
2025-06-23,24,138420,38,112,241,Closed,Medium,Clean,False,1.2,Track 10,Standby,391,0,0,0
2025-06-23,25,82558,71,125,61,Closed,Low,Clean,False,1.3,Track 1,Standby,257,0,0,0
2025-06-24,1,141403,88,120,110,Closed,Low,Clean,False,11.1,Track 9,Inducted,318,0,0,1
2025-06-24,2,108898,21,135,117,Closed,Low,Clean,False,0.6,Track 12,Standby,273,0,0,1
2025-06-24,3,108156,53,52,181,Closed,Low,Clean,False,8.3,Track 14,Inducted,286,0,0,1
2025-06-24,4,120844,12,127,35,Closed,High,Clean,False,11.4,Track 9,Inducted,174,0,0,1
2025-06-24,5,166398,62,118,206,Closed,Medium,Clean,False,9.6,Track 15,Inducted,386,0,0,1
2025-06-24,6,209584,9,57,40,Closed,Medium,Clean,True,0.5,Track 2,Standby,106,0,0,1
2025-06-24,7,137080,61,146,26,Closed,High,Clean,False,1.4,Track 1,Standby,233,0,0,1
2025-06-24,8,206516,48,21,198,Closed,High,Clean,False,1.4,Track 9,Standby,267,0,0,1
2025-06-24,9,194191,29,71,54,Closed,Medium,Clean,False,1.2,Track 3,Standby,154,0,0,1
2025-06-24,10,197398,41,106,138,Closed,High,Clean,False,1.2,Track 11,Standby,285,0,0,1
2025-06-24,11,172205,63,48,72,Open,Low,Clean,False,0.0,Track 12,Maintenance,183,0,1,1
2025-06-24,12,100309,42,41,120,Closed,Medium,Clean,False,9.4,Track 15,Inducted,203,0,0,1
2025-06-24,13,150353,13,9,88,Open,Low,Clean,True,0.0,Track 8,Maintenance,110,0,1,1
2025-06-24,14,198861,18,87,142,Open,Low,Clean,False,0.0,Track 13,Maintenance,247,0,1,1
2025-06-24,15,66729,65,55,1,Closed,High,Scheduled,True,1.3,Track 6,Standby,121,1,0,1
2025-06-24,16,95624,43,135,281,Closed,Medium,Clean,False,9.6,Track 9,Inducted,459,0,0,1
2025-06-24,17,189833,64,135,214,Closed,Medium,Clean,False,0.6,Track 1,Standby,413,0,0,1
2025-06-24,18,69820,31,107,123,Closed,Medium,Clean,False,10.3,Track 13,Inducted,261,0,0,1
2025-06-24,19,202723,72,87,60,Closed,High,Clean,False,0.9,Track 11,Standby,219,0,0,1
2025-06-24,20,155922,54,170,136,Closed,Low,Clean,False,11.1,Track 4,Inducted,360,0,0,1
2025-06-24,21,77947,10,48,278,Open,Medium,Clean,False,0.0,Track 6,Maintenance,336,0,1,1
2025-06-24,22,132980,86,7,181,Closed,High,Clean,False,9.7,Track 9,Inducted,274,1,0,1
2025-06-24,23,163448,43,52,356,Closed,High,Clean,False,1.2,Track 12,Standby,451,0,0,1
2025-06-24,24,138830,37,111,240,Closed,Medium,Clean,False,12.7,Track 15,Inducted,388,0,0,1
2025-06-24,25,83127,70,124,60,Closed,Low,Clean,False,11.9,Track 7,Inducted,254,0,0,1
2025-06-25,1,141405,87,119,109,Closed,Low,Clean,False,0.5,Track 11,Standby,315,0,0,2
2025-06-25,2,109233,20,134,116,Closed,Low,Clean,False,10.3,Track 9,Inducted,270,0,0,2
2025-06-25,3,108533,52,51,180,Closed,Low,Clean,False,12.8,Track 9,Inducted,283,0,0,2
2025-06-25,4,121258,11,126,34,Closed,High,Clean,False,12.8,Track 7,Inducted,171,0,0,2
2025-06-25,5,166431,61,117,205,Closed,Medium,Clean,False,0.6,Track 5,Standby,383,0,0,2
2025-06-25,6,209613,8,56,39,Closed,Medium,Clean,True,0.5,Track 4,Standby,103,0,0,2
2025-06-25,7,137102,60,145,25,Closed,High,Clean,False,0.7,Track 9,Standby,230,0,0,2
2025-06-25,8,206555,47,20,197,Closed,High,Clean,False,0.5,Track 15,Standby,264,0,0,2
2025-06-25,9,194226,28,70,53,Closed,Medium,Clean,False,0.6,Track 4,Standby,151,0,0,2
2025-06-25,10,197398,40,105,137,Open,High,Clean,False,0.0,Track 11,Maintenance,282,0,1,2
2025-06-25,11,172205,62,47,71,Open,Low,Clean,False,0.0,Track 6,Maintenance,180,0,1,2
2025-06-25,12,100359,41,40,119,Closed,Medium,Clean,False,0.8,Track 12,Standby,200,0,0,2
2025-06-25,13,150374,12,8,87,Closed,Low,Scheduled,True,0.7,Track 6,Standby,107,0,0,2
2025-06-25,14,199388,17,86,141,Closed,Low,Clean,False,9.4,Track 4,Inducted,244,0,0,2
2025-06-25,15,67161,64,54,365,Closed,High,Clean,False,12.5,Track 9,Inducted,483,0,0,2
2025-06-25,16,95674,42,134,280,Closed,Medium,Clean,False,1.0,Track 11,Standby,456,0,0,2
2025-06-25,17,190197,63,134,213,Closed,Medium,Clean,False,9.8,Track 14,Inducted,410,0,0,2
2025-06-25,18,69854,30,106,122,Closed,Medium,Clean,False,1.0,Track 7,Standby,258,0,0,2
2025-06-25,19,202723,71,86,59,Open,High,Clean,False,0.0,Track 14,Maintenance,216,0,1,2
2025-06-25,20,155965,53,169,135,Closed,Low,Clean,False,0.9,Track 8,Standby,357,0,0,2
2025-06-25,21,77997,9,47,277,Closed,Medium,Clean,False,1.1,Track 2,Standby,333,0,0,2
2025-06-25,22,133289,85,6,180,Closed,High,Clean,False,10.8,Track 8,Inducted,271,1,0,2
2025-06-25,23,163963,42,51,355,Closed,High,Clean,False,12.9,Track 8,Inducted,448,0,0,2
2025-06-25,24,139316,36,110,239,Closed,Medium,Clean,False,9.6,Track 9,Inducted,385,0,0,2
2025-06-25,25,83603,69,123,59,Closed,Low,Clean,False,11.5,Track 5,Inducted,251,0,0,2
2025-06-26,1,141734,86,118,108,Closed,Low,Clean,False,10.5,Track 6,Inducted,312,0,0,3
2025-06-26,2,109233,19,133,115,Open,Low,Clean,False,0.0,Track 14,Maintenance,267,0,1,3
2025-06-26,3,108533,51,50,179,Open,Low,Clean,False,0.0,Track 11,Maintenance,280,0,1,3
2025-06-26,4,121649,10,125,33,Closed,High,Clean,False,8.7,Track 4,Inducted,168,0,0,3
2025-06-26,5,166431,60,116,204,Open,Medium,Scheduled,True,0.0,Track 2,Maintenance,380,0,1,3
2025-06-26,6,209613,7,55,38,Open,Medium,Scheduled,True,0.0,Track 8,Maintenance,100,1,1,3
2025-06-26,7,137102,59,144,24,Open,High,Clean,False,0.0,Track 1,Maintenance,227,0,1,3
2025-06-26,8,207134,46,19,196,Closed,High,Clean,False,8.5,Track 14,Inducted,261,0,0,3
2025-06-26,9,194242,27,69,52,Closed,Medium,Clean,False,1.2,Track 12,Standby,148,0,0,3
2025-06-26,10,197850,39,104,136,Closed,High,Clean,False,13.9,Track 12,Inducted,279,0,0,3
2025-06-26,11,172785,61,46,70,Closed,Low,Clean,False,13.0,Track 5,Inducted,177,0,0,3
2025-06-26,12,100690,40,39,118,Closed,Medium,Clean,False,12.8,Track 13,Inducted,197,0,0,3
2025-06-26,13,150419,11,7,86,Closed,Low,Clean,False,0.9,Track 10,Standby,104,1,0,3
2025-06-26,14,199981,16,85,140,Closed,Low,Clean,False,8.9,Track 6,Inducted,241,0,0,3
2025-06-26,15,67176,63,53,364,Closed,High,Clean,False,0.7,Track 10,Standby,480,0,0,3
2025-06-26,16,95674,41,133,279,Open,Medium,Clean,False,0.0,Track 15,Maintenance,453,0,1,3
2025-06-26,17,190213,62,133,212,Closed,Medium,Clean,False,0.7,Track 13,Standby,407,0,0,3
2025-06-26,18,69879,29,105,121,Closed,Medium,Clean,False,0.6,Track 9,Standby,255,0,0,3
2025-06-26,19,202723,70,85,58,Open,High,Clean,False,0.0,Track 15,Maintenance,213,0,1,3
2025-06-26,20,155965,52,168,134,Open,Low,Clean,False,0.0,Track 2,Maintenance,354,0,1,3
2025-06-26,21,78378,8,46,276,Closed,Medium,Clean,False,12.6,Track 11,Inducted,330,0,0,3
2025-06-26,22,133289,84,5,179,Open,High,Clean,False,0.0,Track 2,Maintenance,268,1,1,3
2025-06-26,23,163963,41,50,354,Open,High,Clean,False,0.0,Track 5,Maintenance,445,0,1,3
2025-06-26,24,139338,35,109,238,Closed,Medium,Clean,False,1.3,Track 13,Standby,382,0,0,3
2025-06-26,25,84111,68,122,58,Closed,Low,Clean,False,12.4,Track 9,Inducted,248,0,0,3
2025-06-27,1,142103,85,117,107,Closed,Low,Clean,False,11.3,Track 8,Inducted,309,0,0,4
2025-06-27,2,109728,18,132,114,Closed,Low,Clean,False,8.1,Track 1,Inducted,264,0,0,4
2025-06-27,3,108533,50,49,178,Open,Low,Clean,False,0.0,Track 2,Maintenance,277,0,1,4
2025-06-27,4,121649,9,124,32,Open,High,Clean,False,0.0,Track 5,Maintenance,165,0,1,4
2025-06-27,5,166452,59,115,203,Closed,Medium,Scheduled,True,0.8,Track 9,Standby,377,0,0,4
2025-06-27,6,209656,6,54,37,Closed,Medium,Scheduled,True,0.7,Track 8,Standby,97,1,0,4
2025-06-27,7,137564,58,143,23,Closed,High,Clean,False,8.3,Track 12,Inducted,224,0,0,4
2025-06-27,8,207145,45,18,195,Closed,High,Clean,False,1.4,Track 9,Standby,258,0,0,4
2025-06-27,9,194609,26,68,51,Closed,Medium,Clean,False,12.7,Track 12,Inducted,145,0,0,4
2025-06-27,10,198359,38,103,135,Closed,High,Clean,False,11.2,Track 7,Inducted,276,0,0,4
2025-06-27,11,172817,60,45,69,Closed,Low,Clean,False,1.2,Track 3,Standby,174,0,0,4
2025-06-27,12,100713,39,38,117,Closed,Medium,Clean,False,0.5,Track 10,Standby,194,0,0,4
2025-06-27,13,150963,10,6,85,Closed,Low,Clean,False,10.6,Track 4,Inducted,101,1,0,4
2025-06-27,14,200011,15,84,139,Closed,Low,Clean,False,0.9,Track 4,Standby,238,0,0,4
2025-06-27,15,67176,62,52,363,Open,High,Clean,False,0.0,Track 10,Maintenance,477,0,1,4
2025-06-27,16,96133,40,132,278,Closed,Medium,Clean,False,10.5,Track 11,Inducted,450,0,0,4
2025-06-27,17,190247,61,132,211,Closed,Medium,Clean,False,1.0,Track 10,Standby,404,0,0,4
2025-06-27,18,69881,28,104,120,Closed,Medium,Clean,False,0.7,Track 2,Standby,252,0,0,4
2025-06-27,19,202748,69,84,57,Closed,High,Clean,False,0.9,Track 3,Standby,210,0,0,4
2025-06-27,20,156455,51,167,133,Closed,Low,Clean,False,9.9,Track 1,Inducted,351,0,0,4
2025-06-27,21,78408,7,45,275,Closed,Medium,Clean,False,0.8,Track 15,Standby,327,1,0,4
2025-06-27,22,133289,83,4,178,Open,High,Clean,False,0.0,Track 6,Maintenance,265,1,1,4
2025-06-27,23,163963,40,49,353,Open,High,Clean,False,0.0,Track 11,Maintenance,442,0,1,4
2025-06-27,24,139338,34,108,237,Open,Medium,Clean,False,0.0,Track 5,Maintenance,379,0,1,4
2025-06-27,25,84153,67,121,57,Closed,Low,Clean,False,0.6,Track 15,Standby,245,0,0,4
2025-06-28,1,142545,84,116,106,Closed,Low,Clean,False,12.3,Track 14,Inducted,306,0,0,5
2025-06-28,2,109728,17,131,113,Open,Low,Clean,False,0.0,Track 11,Maintenance,261,0,1,5
2025-06-28,3,108541,49,48,177,Closed,Low,Clean,False,0.6,Track 11,Standby,274,0,0,5
2025-06-28,4,121999,8,123,31,Closed,High,Clean,False,13.2,Track 13,Inducted,162,0,0,5
2025-06-28,5,166806,58,114,202,Closed,Medium,Clean,False,13.5,Track 12,Inducted,374,0,0,5
2025-06-28,6,210081,5,53,36,Closed,Medium,Clean,False,11.3,Track 6,Inducted,94,1,0,5
2025-06-28,7,137564,57,142,22,Open,High,Clean,False,0.0,Track 7,Maintenance,221,0,1,5
2025-06-28,8,207145,44,17,194,Open,High,Clean,False,0.0,Track 7,Maintenance,255,0,1,5
2025-06-28,9,194632,25,67,50,Closed,Medium,Clean,False,0.8,Track 3,Standby,142,0,0,5
2025-06-28,10,198388,37,102,134,Closed,High,Clean,False,0.5,Track 5,Standby,273,0,0,5
2025-06-28,11,172866,59,44,68,Closed,Low,Scheduled,True,0.8,Track 10,Standby,171,0,0,5
2025-06-28,12,101223,38,37,116,Closed,Medium,Clean,False,13.3,Track 15,Inducted,191,0,0,5
2025-06-28,13,150963,9,5,84,Closed,Low,Clean,False,0.9,Track 9,Standby,98,1,0,5
2025-06-28,14,200376,14,83,138,Closed,Low,Clean,False,9.7,Track 13,Inducted,235,0,0,5
2025-06-28,15,67214,61,51,362,Closed,High,Clean,False,1.1,Track 12,Standby,474,0,0,5
2025-06-28,16,96139,39,131,277,Closed,Medium,Clean,False,1.2,Track 5,Standby,447,0,0,5
2025-06-28,17,190272,60,131,210,Closed,Medium,Clean,False,0.6,Track 6,Standby,401,0,0,5
2025-06-28,18,69881,27,103,119,Open,Medium,Clean,False,0.0,Track 5,Maintenance,249,0,1,5
2025-06-28,19,202768,68,83,56,Closed,High,Clean,False,1.2,Track 2,Standby,207,0,0,5
2025-06-28,20,156489,50,166,132,Closed,Low,Clean,False,1.1,Track 8,Standby,348,0,0,5
2025-06-28,21,78448,6,44,274,Closed,Medium,Clean,False,1.1,Track 10,Standby,324,1,0,5
2025-06-28,22,133289,82,3,177,Open,High,Clean,False,0.0,Track 6,Maintenance,262,1,1,5
2025-06-28,23,164557,39,48,352,Closed,High,Clean,False,12.9,Track 8,Inducted,439,0,0,5
2025-06-28,24,139811,33,107,236,Closed,Medium,Clean,False,12.5,Track 4,Inducted,376,0,0,5
2025-06-28,25,84153,66,120,56,Open,Low,Clean,False,0.0,Track 15,Maintenance,242,0,1,5
2025-06-29,1,142559,83,115,105,Closed,Low,Clean,False,1.0,Track 5,Standby,303,0,0,6
2025-06-29,2,109728,16,130,112,Open,Low,Clean,False,0.0,Track 9,Maintenance,258,0,1,6
2025-06-29,3,108900,48,47,176,Closed,Low,Clean,False,8.8,Track 2,Inducted,271,0,0,6
2025-06-29,4,121999,7,122,30,Open,High,Clean,False,0.0,Track 9,Maintenance,159,1,1,6
2025-06-29,5,166833,57,113,201,Closed,Medium,Clean,False,0.9,Track 5,Standby,371,0,0,6
2025-06-29,6,210081,4,52,35,Open,Medium,Clean,False,0.0,Track 4,Maintenance,91,1,1,6
2025-06-29,7,137942,56,141,21,Closed,High,Clean,False,11.6,Track 6,Inducted,218,0,0,6
2025-06-29,8,207193,43,16,193,Closed,High,Clean,False,1.3,Track 15,Standby,252,0,0,6
2025-06-29,9,194632,24,66,49,Open,Medium,Clean,False,0.0,Track 2,Maintenance,139,0,1,6
2025-06-29,10,198760,36,101,133,Closed,High,Clean,False,13.2,Track 9,Inducted,270,0,0,6
2025-06-29,11,172871,58,43,67,Closed,Low,Clean,False,1.0,Track 7,Standby,168,0,0,6
2025-06-29,12,101641,37,36,115,Closed,Medium,Clean,False,9.0,Track 11,Inducted,188,0,0,6
2025-06-29,13,151011,8,4,83,Closed,Low,Clean,False,0.6,Track 9,Standby,95,1,0,6
2025-06-29,14,200712,13,82,137,Closed,Low,Clean,False,11.0,Track 10,Inducted,232,0,0,6
2025-06-29,15,67575,60,50,361,Closed,High,Clean,False,10.7,Track 6,Inducted,471,0,0,6
2025-06-29,16,96153,38,130,276,Closed,Medium,Clean,False,1.3,Track 4,Standby,444,0,0,6
2025-06-29,17,190272,59,130,209,Open,Medium,Clean,False,0.0,Track 13,Maintenance,398,0,1,6
2025-06-29,18,69881,26,102,118,Open,Medium,Clean,False,0.0,Track 4,Maintenance,246,0,1,6
2025-06-29,19,203264,67,82,55,Closed,High,Clean,False,11.5,Track 13,Inducted,204,0,0,6
2025-06-29,20,156499,49,165,131,Closed,Low,Clean,False,1.0,Track 15,Standby,345,0,0,6
2025-06-29,21,78895,5,43,273,Closed,Medium,Clean,False,11.1,Track 10,Inducted,321,1,0,6
2025-06-29,22,133329,81,2,176,Closed,High,Clean,False,1.5,Track 7,Standby,259,1,0,6
2025-06-29,23,164877,38,47,351,Closed,High,Clean,False,9.0,Track 4,Inducted,436,0,0,6
2025-06-29,24,139853,32,106,235,Closed,Medium,Clean,False,1.2,Track 9,Standby,373,0,0,6
2025-06-29,25,84162,65,119,55,Closed,Low,Clean,False,1.1,Track 12,Standby,239,0,0,6
2025-06-30,1,142559,82,114,104,Open,Low,Clean,False,0.0,Track 3,Maintenance,300,0,1,0
2025-06-30,2,110091,15,129,111,Closed,Low,Clean,False,9.8,Track 12,Inducted,255,0,0,0
2025-06-30,3,108904,47,46,175,Closed,Low,Clean,False,1.1,Track 13,Standby,268,0,0,0
2025-06-30,4,122024,6,121,29,Closed,High,Clean,False,0.6,Track 2,Standby,156,1,0,0
2025-06-30,5,166875,56,112,200,Closed,Medium,Clean,False,0.9,Track 2,Standby,368,0,0,0
2025-06-30,6,210081,3,51,34,Open,Medium,Clean,False,0.0,Track 6,Maintenance,88,1,1,0
2025-06-30,7,137942,55,140,20,Open,High,Clean,False,0.0,Track 9,Maintenance,215,0,1,0
2025-06-30,8,207201,42,15,192,Closed,High,Clean,False,1.2,Track 14,Standby,249,0,0,0
2025-06-30,9,194632,23,65,48,Open,Medium,Clean,True,0.0,Track 6,Maintenance,136,0,1,0
2025-06-30,10,199163,35,100,132,Closed,High,Clean,False,9.4,Track 13,Inducted,267,0,0,0
2025-06-30,11,172871,57,42,66,Open,Low,Clean,False,0.0,Track 2,Maintenance,165,0,1,0
2025-06-30,12,101641,36,35,114,Open,Medium,Clean,False,0.0,Track 5,Maintenance,185,0,1,0
2025-06-30,13,151011,7,3,82,Open,Low,Clean,False,0.0,Track 3,Maintenance,92,1,1,0
2025-06-30,14,200740,12,81,136,Closed,Low,Clean,False,0.9,Track 3,Standby,229,0,0,0
2025-06-30,15,67979,59,49,360,Closed,High,Clean,False,8.5,Track 6,Inducted,468,0,0,0
2025-06-30,16,96182,37,129,275,Closed,Medium,Clean,False,0.9,Track 15,Standby,441,0,0,0
2025-06-30,17,190648,58,129,208,Closed,Medium,Clean,False,13.3,Track 4,Inducted,395,0,0,0
2025-06-30,18,69907,25,101,117,Closed,Medium,Clean,False,0.7,Track 2,Standby,243,0,0,0
2025-06-30,19,203724,66,81,54,Closed,High,Clean,False,10.9,Track 8,Inducted,201,0,0,0
2025-06-30,20,156509,48,164,130,Closed,Low,Clean,False,1.0,Track 3,Standby,342,0,0,0
2025-06-30,21,78939,4,42,272,Closed,Medium,Clean,False,0.8,Track 14,Standby,318,1,0,0
2025-06-30,22,133337,80,1,175,Closed,High,Clean,False,1.2,Track 15,Standby,256,1,0,0
2025-06-30,23,165365,37,46,350,Closed,High,Clean,False,11.6,Track 1,Inducted,433,0,0,0
2025-06-30,24,140388,31,105,234,Closed,Medium,Clean,False,10.7,Track 14,Inducted,370,0,0,0
2025-06-30,25,84163,64,118,54,Closed,Low,Clean,False,1.3,Track 3,Standby,236,0,0,0
2025-07-01,1,143053,81,113,103,Closed,Low,Clean,False,8.8,Track 12,Inducted,297,0,0,1
2025-07-01,2,110091,14,128,110,Open,Low,Clean,True,0.0,Track 14,Maintenance,252,0,1,1
2025-07-01,3,109255,46,45,174,Closed,Low,Clean,False,11.1,Track 1,Inducted,265,0,0,1
2025-07-01,4,122041,5,120,28,Closed,High,Clean,False,0.8,Track 1,Standby,153,1,0,1
2025-07-01,5,166875,55,111,199,Open,Medium,Clean,False,0.0,Track 11,Maintenance,365,0,1,1
2025-07-01,6,210118,2,50,33,Closed,Medium,Clean,False,1.3,Track 15,Standby,85,1,0,1
2025-07-01,7,138414,54,139,19,Closed,High,Clean,False,11.8,Track 7,Inducted,212,0,0,1
2025-07-01,8,207203,41,14,191,Closed,High,Clean,False,1.2,Track 11,Standby,246,0,0,1
2025-07-01,9,194665,22,64,47,Closed,Medium,Scheduled,True,1.3,Track 8,Standby,133,0,0,1
2025-07-01,10,199670,34,99,131,Closed,High,Clean,False,9.4,Track 8,Inducted,264,0,0,1
2025-07-01,11,172871,56,41,65,Open,Low,Clean,False,0.0,Track 6,Maintenance,162,0,1,1
2025-07-01,12,102238,35,34,113,Closed,Medium,Clean,False,11.1,Track 15,Inducted,182,0,0,1
2025-07-01,13,151373,6,2,81,Closed,Low,Clean,False,13.7,Track 10,Inducted,89,1,0,1
2025-07-01,14,201135,11,80,135,Closed,Low,Clean,False,10.0,Track 5,Inducted,226,0,0,1
2025-07-01,15,68457,58,48,359,Closed,High,Clean,False,11.1,Track 13,Inducted,465,0,0,1
2025-07-01,16,96559,36,128,274,Closed,Medium,Clean,False,12.2,Track 4,Inducted,438,0,0,1
2025-07-01,17,190684,57,128,207,Closed,Medium,Scheduled,True,1.1,Track 5,Standby,392,0,0,1
2025-07-01,18,69948,24,100,116,Closed,Medium,Clean,False,1.2,Track 1,Standby,240,0,0,1
2025-07-01,19,203724,65,80,53,Open,High,Clean,False,0.0,Track 13,Maintenance,198,0,1,1
2025-07-01,20,156557,47,163,129,Closed,Low,Scheduled,True,0.6,Track 2,Standby,339,0,0,1
2025-07-01,21,79483,3,41,271,Closed,Medium,Clean,False,10.9,Track 1,Inducted,315,1,0,1
2025-07-01,22,133346,79,180,174,Closed,High,Clean,False,0.5,Track 7,Standby,433,0,0,1
2025-07-01,23,165381,36,45,349,Closed,High,Clean,False,0.8,Track 5,Standby,430,0,0,1
2025-07-01,24,140401,30,104,233,Closed,Medium,Clean,False,1.0,Track 10,Standby,367,0,0,1
2025-07-01,25,84163,63,117,53,Open,Low,Clean,False,0.0,Track 4,Maintenance,233,0,1,1
2025-07-02,1,143053,80,112,102,Open,Low,Clean,False,0.0,Track 13,Maintenance,294,0,1,2
2025-07-02,2,110124,13,127,109,Closed,Low,Scheduled,True,1.4,Track 2,Standby,249,0,0,2
2025-07-02,3,109278,45,44,173,Closed,Low,Clean,False,0.9,Track 9,Standby,262,0,0,2
2025-07-02,4,122043,4,119,27,Closed,High,Clean,False,0.7,Track 3,Standby,150,1,0,2
2025-07-02,5,166888,54,110,198,Closed,Medium,Clean,False,0.7,Track 13,Standby,362,0,0,2
2025-07-02,6,210122,1,49,32,Closed,Medium,Clean,False,1.3,Track 11,Standby,82,1,0,2
2025-07-02,7,138759,53,138,18,Closed,High,Clean,False,9.7,Track 13,Inducted,209,0,0,2
2025-07-02,8,207551,40,13,190,Closed,High,Clean,False,9.8,Track 14,Inducted,243,0,0,2
2025-07-02,9,194665,21,63,46,Open,Medium,Clean,False,0.0,Track 3,Maintenance,130,0,1,2
2025-07-02,10,199677,33,98,130,Closed,High,Clean,False,0.5,Track 12,Standby,261,0,0,2
2025-07-02,11,173258,55,40,64,Closed,Low,Clean,False,9.3,Track 9,Inducted,159,0,0,2
2025-07-02,12,102242,34,33,112,Closed,Medium,Clean,False,0.8,Track 7,Standby,179,0,0,2
2025-07-02,13,151373,5,1,80,Open,Low,Clean,False,0.0,Track 5,Maintenance,86,1,1,2
2025-07-02,14,201151,10,79,134,Closed,Low,Clean,False,0.5,Track 15,Standby,223,0,0,2
2025-07-02,15,68457,57,47,358,Open,High,Clean,False,0.0,Track 11,Maintenance,462,0,1,2
2025-07-02,16,96976,35,127,273,Closed,Medium,Clean,False,10.0,Track 9,Inducted,435,0,0,2
2025-07-02,17,191167,56,127,206,Closed,Medium,Clean,False,9.7,Track 7,Inducted,389,0,0,2
2025-07-02,18,69989,23,99,115,Closed,Medium,Clean,False,0.9,Track 3,Standby,237,0,0,2
2025-07-02,19,203747,64,79,52,Closed,High,Scheduled,True,1.4,Track 10,Standby,195,0,0,2
2025-07-02,20,156575,46,162,128,Closed,Low,Clean,False,0.8,Track 14,Standby,336,0,0,2
2025-07-02,21,79514,2,40,270,Closed,Medium,Clean,False,1.2,Track 6,Standby,312,1,0,2
2025-07-02,22,133389,78,179,173,Closed,High,Clean,False,1.0,Track 14,Standby,430,0,0,2
2025-07-02,23,165386,35,44,348,Closed,High,Clean,False,1.0,Track 8,Standby,427,0,0,2
2025-07-02,24,140401,29,103,232,Open,Medium,Clean,False,0.0,Track 15,Maintenance,364,0,1,2
2025-07-02,25,84163,62,116,52,Open,Low,Clean,False,0.0,Track 11,Maintenance,230,0,1,2
2025-07-03,1,143476,79,111,101,Closed,Low,Clean,False,11.0,Track 7,Inducted,291,0,0,3
2025-07-03,2,110124,12,126,108,Open,Low,Clean,False,0.0,Track 12,Maintenance,246,0,1,3
2025-07-03,3,109602,44,43,172,Closed,Low,Clean,False,12.7,Track 3,Inducted,259,0,0,3
2025-07-03,4,122043,3,118,26,Open,High,Scheduled,True,0.0,Track 4,Maintenance,147,1,1,3
2025-07-03,5,166894,53,109,197,Closed,Medium,Clean,False,0.9,Track 13,Standby,359,0,0,3
2025-07-03,6,210158,90,48,31,Closed,Medium,Clean,False,1.4,Track 14,Standby,169,0,0,3
2025-07-03,7,139165,52,137,17,Closed,High,Clean,False,13.9,Track 4,Inducted,206,0,0,3
2025-07-03,8,207992,39,12,189,Closed,High,Clean,False,10.4,Track 7,Inducted,240,0,0,3
2025-07-03,9,195212,20,62,45,Closed,Medium,Clean,False,8.6,Track 14,Inducted,127,0,0,3
2025-07-03,10,199690,32,97,129,Closed,High,Clean,False,1.3,Track 4,Standby,258,0,0,3
2025-07-03,11,173836,54,39,63,Closed,Low,Clean,False,10.5,Track 4,Inducted,156,0,0,3
2025-07-03,12,102281,33,32,111,Closed,Medium,Clean,False,1.5,Track 6,Standby,176,0,0,3
2025-07-03,13,151694,4,180,79,Closed,Low,Clean,False,12.8,Track 4,Inducted,263,1,0,3
2025-07-03,14,201474,9,78,133,Closed,Low,Clean,False,10.1,Track 12,Inducted,220,0,0,3
2025-07-03,15,68480,56,46,357,Closed,High,Clean,False,1.2,Track 14,Standby,459,0,0,3
2025-07-03,16,97431,34,126,272,Closed,Medium,Clean,False,11.9,Track 3,Inducted,432,0,0,3
2025-07-03,17,191190,55,126,205,Closed,Medium,Clean,False,1.4,Track 12,Standby,386,0,0,3
2025-07-03,18,69992,22,98,114,Closed,Medium,Clean,False,1.1,Track 8,Standby,234,0,0,3
2025-07-03,19,203747,63,78,51,Open,High,Clean,False,0.0,Track 1,Maintenance,192,0,1,3
2025-07-03,20,157125,45,161,127,Closed,Low,Clean,False,11.9,Track 11,Inducted,333,0,0,3
2025-07-03,21,79514,1,39,269,Open,Medium,Clean,False,0.0,Track 3,Maintenance,309,1,1,3
2025-07-03,22,133915,77,178,172,Closed,High,Clean,False,8.5,Track 4,Inducted,427,0,0,3
2025-07-03,23,165386,34,43,347,Open,High,Clean,False,0.0,Track 1,Maintenance,424,0,1,3
2025-07-03,24,140429,28,102,231,Closed,Medium,Clean,False,1.0,Track 12,Standby,361,0,0,3
2025-07-03,25,84713,61,115,51,Closed,Low,Clean,False,8.9,Track 6,Inducted,227,0,0,3
2025-07-04,1,143476,78,110,100,Open,Low,Clean,False,0.0,Track 13,Maintenance,288,0,1,4
2025-07-04,2,110569,11,125,107,Closed,Low,Clean,False,9.9,Track 12,Inducted,243,0,0,4
2025-07-04,3,109631,43,42,171,Closed,Low,Clean,False,1.1,Track 8,Standby,256,0,0,4
2025-07-04,4,122045,2,117,25,Closed,High,Scheduled,True,0.6,Track 9,Standby,144,1,0,4
2025-07-04,5,166894,52,108,196,Open,Medium,Clean,False,0.0,Track 4,Maintenance,356,0,1,4
2025-07-04,6,210663,89,47,30,Closed,Medium,Clean,False,12.3,Track 13,Inducted,166,0,0,4
2025-07-04,7,139646,51,136,16,Closed,High,Clean,False,11.1,Track 12,Inducted,203,0,0,4
2025-07-04,8,208520,38,11,188,Closed,High,Clean,False,9.9,Track 15,Inducted,237,0,0,4
2025-07-04,9,195811,19,61,44,Closed,Medium,Clean,False,10.1,Track 9,Inducted,124,0,0,4
2025-07-04,10,200183,31,96,128,Closed,High,Clean,False,13.2,Track 10,Inducted,255,0,0,4
2025-07-04,11,174416,53,38,62,Closed,Low,Clean,False,12.3,Track 9,Inducted,153,0,0,4
2025-07-04,12,102286,32,31,110,Closed,Medium,Clean,False,0.9,Track 4,Standby,173,0,0,4
2025-07-04,13,152071,3,179,78,Closed,Low,Clean,False,8.2,Track 13,Inducted,260,1,0,4
2025-07-04,14,201474,8,77,132,Open,Low,Clean,False,0.0,Track 15,Maintenance,217,0,1,4
2025-07-04,15,69047,55,45,356,Closed,High,Clean,False,9.1,Track 8,Inducted,456,0,0,4
2025-07-04,16,97821,33,125,271,Closed,Medium,Clean,False,9.0,Track 4,Inducted,429,0,0,4
2025-07-04,17,191502,54,125,204,Closed,Medium,Clean,False,12.9,Track 6,Inducted,383,0,0,4
2025-07-04,18,69992,21,97,113,Open,Medium,Clean,False,0.0,Track 10,Maintenance,231,0,1,4
2025-07-04,19,203792,62,77,50,Closed,High,Clean,False,1.3,Track 5,Standby,189,0,0,4
2025-07-04,20,157125,44,160,126,Open,Low,Clean,False,0.0,Track 3,Maintenance,330,0,1,4
2025-07-04,21,79514,90,38,268,Open,Medium,Clean,False,0.0,Track 10,Maintenance,396,0,1,4
2025-07-04,22,133946,76,177,171,Closed,High,Clean,False,0.6,Track 6,Standby,424,0,0,4
2025-07-04,23,165417,33,42,346,Closed,High,Clean,False,1.3,Track 8,Standby,421,0,0,4
2025-07-04,24,140474,27,101,230,Closed,Medium,Clean,False,1.4,Track 14,Standby,358,0,0,4
2025-07-04,25,85013,60,114,50,Closed,Low,Clean,False,12.2,Track 12,Inducted,224,0,0,4
2025-07-05,1,143513,77,109,99,Closed,Low,Clean,False,0.9,Track 11,Standby,285,0,0,5
2025-07-05,2,110607,10,124,106,Closed,Low,Clean,False,0.8,Track 6,Standby,240,0,0,5
2025-07-05,3,109676,42,41,170,Closed,Low,Clean,False,1.5,Track 5,Standby,253,0,0,5
2025-07-05,4,122076,1,116,24,Closed,High,Clean,False,0.9,Track 13,Standby,141,1,0,5
2025-07-05,5,166894,51,107,195,Open,Medium,Clean,False,0.0,Track 5,Maintenance,353,0,1,5
2025-07-05,6,210663,88,46,29,Closed,Medium,Clean,False,1.2,Track 7,Standby,163,0,0,5
2025-07-05,7,139659,50,135,15,Closed,High,Clean,False,0.7,Track 5,Standby,200,0,0,5
2025-07-05,8,208937,37,10,187,Closed,High,Clean,False,13.8,Track 11,Inducted,234,0,0,5
2025-07-05,9,196375,18,60,43,Closed,Medium,Clean,False,11.7,Track 5,Inducted,121,0,0,5
2025-07-05,10,200183,30,95,127,Open,High,Clean,False,0.0,Track 7,Maintenance,252,0,1,5
2025-07-05,11,174438,52,37,61,Closed,Low,Clean,False,0.8,Track 14,Standby,150,0,0,5
2025-07-05,12,102286,31,30,109,Open,Medium,Clean,False,0.0,Track 15,Maintenance,170,0,1,5
2025-07-05,13,152091,2,178,77,Closed,Low,Clean,False,0.6,Track 12,Standby,257,1,0,5
2025-07-05,14,201474,7,76,131,Open,Low,Clean,False,0.0,Track 3,Maintenance,214,1,1,5
2025-07-05,15,69485,54,44,355,Closed,High,Clean,False,10.3,Track 6,Inducted,453,0,0,5
2025-07-05,16,97865,32,124,270,Closed,Medium,Clean,False,0.9,Track 15,Standby,426,0,0,5
2025-07-05,17,191530,53,124,203,Closed,Medium,Clean,False,0.7,Track 3,Standby,380,0,0,5
2025-07-05,18,69992,20,96,112,Open,Medium,Clean,False,0.0,Track 5,Maintenance,228,0,1,5
2025-07-05,19,204364,61,76,49,Closed,High,Clean,False,8.2,Track 12,Inducted,186,0,0,5
2025-07-05,20,157125,43,159,125,Open,Low,Clean,False,0.0,Track 15,Maintenance,327,0,1,5
2025-07-05,21,79514,89,37,267,Open,Medium,Clean,False,0.0,Track 9,Maintenance,393,0,1,5
2025-07-05,22,133982,75,176,170,Closed,High,Clean,False,1.3,Track 2,Standby,421,0,0,5
2025-07-05,23,165417,32,41,345,Open,High,Clean,False,0.0,Track 6,Maintenance,418,0,1,5
2025-07-05,24,140513,26,100,229,Closed,Medium,Clean,False,1.3,Track 9,Standby,355,0,0,5
2025-07-05,25,85013,59,113,49,Open,Low,Clean,False,0.0,Track 13,Maintenance,221,0,1,5
2025-07-06,1,143513,76,108,98,Open,Low,Clean,False,0.0,Track 12,Maintenance,282,0,1,6
2025-07-06,2,111102,9,123,105,Closed,Low,Clean,False,10.8,Track 13,Inducted,237,0,0,6
2025-07-06,3,110264,41,40,169,Closed,Low,Clean,False,12.9,Track 2,Inducted,250,0,0,6
2025-07-06,4,122097,90,115,23,Closed,High,Clean,False,1.0,Track 5,Standby,228,0,0,6
2025-07-06,5,167354,50,106,194,Closed,Medium,Clean,False,8.3,Track 5,Inducted,350,0,0,6
2025-07-06,6,210663,87,45,28,Open,Medium,Clean,False,0.0,Track 4,Maintenance,160,0,1,6
2025-07-06,7,140213,49,134,14,Closed,High,Clean,False,9.0,Track 7,Inducted,197,0,0,6
2025-07-06,8,208937,36,9,186,Open,High,Clean,False,0.0,Track 8,Maintenance,231,0,1,6
2025-07-06,9,196938,17,59,42,Closed,Medium,Clean,False,8.5,Track 8,Inducted,118,0,0,6
2025-07-06,10,200220,29,94,126,Closed,High,Clean,False,0.6,Track 11,Standby,249,0,0,6
2025-07-06,11,174468,51,36,60,Closed,Low,Clean,False,0.6,Track 1,Standby,147,0,0,6
2025-07-06,12,102651,30,29,108,Closed,Medium,Clean,False,8.4,Track 14,Inducted,167,0,0,6
2025-07-06,13,152488,1,177,76,Closed,Low,Clean,False,10.3,Track 15,Inducted,254,1,0,6
2025-07-06,14,201841,6,75,130,Closed,Low,Clean,False,10.5,Track 9,Inducted,211,1,0,6
2025-07-06,15,69513,53,43,354,Closed,High,Clean,False,1.3,Track 12,Standby,450,0,0,6
2025-07-06,16,98297,31,123,269,Closed,Medium,Clean,False,10.0,Track 3,Inducted,423,0,0,6
2025-07-06,17,191573,52,123,202,Closed,Medium,Clean,False,1.2,Track 3,Standby,377,0,0,6
2025-07-06,18,69992,19,95,111,Open,Medium,Clean,False,0.0,Track 1,Maintenance,225,0,1,6
2025-07-06,19,204364,60,75,48,Open,High,Clean,False,0.0,Track 1,Maintenance,183,0,1,6
2025-07-06,20,157125,42,158,124,Open,Low,Clean,False,0.0,Track 5,Maintenance,324,0,1,6
2025-07-06,21,79906,88,36,266,Closed,Medium,Clean,False,11.2,Track 8,Inducted,390,0,0,6
2025-07-06,22,134531,74,175,169,Closed,High,Clean,False,9.5,Track 15,Inducted,418,0,0,6
2025-07-06,23,165467,31,40,344,Closed,High,Clean,False,1.2,Track 2,Standby,415,0,0,6
2025-07-06,24,140516,25,99,228,Closed,Medium,Clean,False,1.5,Track 6,Standby,352,0,0,6
2025-07-06,25,85445,58,112,48,Closed,Low,Clean,False,8.8,Track 8,Inducted,218,0,0,6
2025-07-07,1,143513,75,107,97,Open,Low,Scheduled,True,0.0,Track 1,Maintenance,279,0,1,0
2025-07-07,2,111102,8,122,104,Open,Low,Clean,False,0.0,Track 12,Maintenance,234,0,1,0
2025-07-07,3,110776,40,39,168,Closed,Low,Clean,False,8.8,Track 14,Inducted,247,0,0,0
2025-07-07,4,122110,89,114,22,Closed,High,Clean,False,0.8,Track 10,Standby,225,0,0,0
2025-07-07,5,167354,49,105,193,Open,Medium,Clean,False,0.0,Track 14,Maintenance,347,0,1,0
2025-07-07,6,210663,86,44,27,Open,Medium,Clean,False,0.0,Track 8,Maintenance,157,0,1,0
2025-07-07,7,140720,48,133,13,Closed,High,Clean,False,9.7,Track 3,Inducted,194,0,0,0
2025-07-07,8,208937,35,8,185,Open,High,Clean,False,0.0,Track 3,Maintenance,228,0,1,0
2025-07-07,9,196938,16,58,41,Open,Medium,Clean,False,0.0,Track 7,Maintenance,115,0,1,0
2025-07-07,10,200737,28,93,125,Closed,High,Clean,False,8.7,Track 9,Inducted,246,0,0,0
2025-07-07,11,174468,50,35,59,Open,Low,Clean,False,0.0,Track 10,Maintenance,144,0,1,0
2025-07-07,12,102651,29,28,107,Open,Medium,Clean,False,0.0,Track 9,Maintenance,164,0,1,0
2025-07-07,13,152935,90,176,75,Closed,Low,Clean,False,13.4,Track 9,Inducted,341,0,0,0
2025-07-07,14,202338,5,74,129,Closed,Low,Clean,False,11.8,Track 7,Inducted,208,1,0,0
2025-07-07,15,69539,52,42,353,Closed,High,Clean,False,1.0,Track 11,Standby,447,0,0,0
2025-07-07,16,98618,30,122,268,Closed,Medium,Clean,False,13.3,Track 6,Inducted,420,0,0,0
2025-07-07,17,191573,51,122,201,Open,Medium,Clean,False,0.0,Track 4,Maintenance,374,0,1,0
2025-07-07,18,69992,18,94,110,Open,Medium,Clean,False,0.0,Track 2,Maintenance,222,0,1,0
2025-07-07,19,204376,59,74,47,Closed,High,Clean,False,1.3,Track 6,Standby,180,0,0,0
2025-07-07,20,157602,41,157,123,Closed,Low,Clean,False,8.9,Track 14,Inducted,321,0,0,0
2025-07-07,21,79906,87,35,265,Open,Medium,Clean,False,0.0,Track 8,Maintenance,387,0,1,0
2025-07-07,22,134541,73,174,168,Closed,High,Clean,False,0.7,Track 2,Standby,415,0,0,0
2025-07-07,23,165499,30,39,343,Closed,High,Clean,False,0.8,Track 10,Standby,412,0,0,0
2025-07-07,24,140537,24,98,227,Closed,Medium,Clean,False,1.5,Track 2,Standby,349,0,0,0
2025-07-07,25,85975,57,111,47,Closed,Low,Clean,False,12.2,Track 15,Inducted,215,0,0,0
2025-07-08,1,143513,74,106,96,Open,Low,Scheduled,True,0.0,Track 15,Maintenance,276,0,1,1
2025-07-08,2,111412,7,121,103,Closed,Low,Clean,False,10.4,Track 3,Inducted,231,1,0,1
2025-07-08,3,110824,39,38,167,Closed,Low,Clean,False,0.5,Track 11,Standby,244,0,0,1
2025-07-08,4,122550,88,113,21,Closed,High,Clean,False,9.7,Track 2,Inducted,222,0,0,1
2025-07-08,5,167832,48,104,192,Closed,Medium,Clean,False,9.4,Track 15,Inducted,344,0,0,1
2025-07-08,6,210663,85,43,26,Open,Medium,Clean,False,0.0,Track 7,Maintenance,154,0,1,1
2025-07-08,7,141277,47,132,12,Closed,High,Clean,False,8.4,Track 11,Inducted,191,0,0,1
2025-07-08,8,209255,34,7,184,Closed,High,Clean,False,10.1,Track 14,Inducted,225,1,0,1
2025-07-08,9,197356,15,57,40,Closed,Medium,Clean,False,9.7,Track 10,Inducted,112,0,0,1
2025-07-08,10,200737,27,92,124,Open,High,Clean,False,0.0,Track 7,Maintenance,243,0,1,1
2025-07-08,11,174472,49,34,58,Closed,Low,Clean,False,1.1,Track 12,Standby,141,0,0,1
2025-07-08,12,102651,28,27,106,Closed,Medium,Clean,False,0.7,Track 10,Standby,161,0,0,1
2025-07-08,13,153437,89,175,74,Closed,Low,Clean,False,10.4,Track 1,Inducted,338,0,0,1
2025-07-08,14,202387,4,73,128,Closed,Low,Clean,False,0.7,Track 3,Standby,205,1,0,1
2025-07-08,15,69973,51,41,352,Closed,High,Clean,False,10.9,Track 10,Inducted,444,0,0,1
2025-07-08,16,98666,29,121,267,Closed,Medium,Clean,False,1.2,Track 2,Standby,417,0,0,1
2025-07-08,17,191936,50,121,200,Closed,Medium,Clean,False,9.9,Track 15,Inducted,371,0,0,1
2025-07-08,18,70498,17,93,109,Closed,Medium,Clean,False,10.8,Track 13,Inducted,219,0,0,1
2025-07-08,19,204399,58,73,46,Closed,High,Clean,False,0.9,Track 2,Standby,177,0,0,1
2025-07-08,20,157632,40,156,122,Closed,Low,Clean,False,0.7,Track 9,Standby,318,0,0,1
2025-07-08,21,79916,86,34,264,Closed,Medium,Clean,False,1.2,Track 12,Standby,384,0,0,1
2025-07-08,22,134991,72,173,167,Closed,High,Clean,False,11.6,Track 13,Inducted,412,0,0,1
2025-07-08,23,165506,29,38,342,Closed,High,Clean,False,1.2,Track 9,Standby,409,0,0,1
2025-07-08,24,140537,23,97,226,Open,Medium,Clean,False,0.0,Track 14,Maintenance,346,0,1,1
2025-07-08,25,85978,56,110,46,Closed,Low,Clean,False,0.8,Track 14,Standby,212,0,0,1
2025-07-09,1,144106,73,105,95,Closed,Low,Clean,True,11.0,Track 9,Inducted,273,0,0,2
2025-07-09,2,111802,6,120,102,Closed,Low,Clean,False,13.5,Track 7,Inducted,228,1,0,2
2025-07-09,3,111358,38,37,166,Closed,Low,Clean,False,10.1,Track 11,Inducted,241,0,0,2
2025-07-09,4,122589,87,112,20,Closed,High,Clean,False,0.7,Track 7,Standby,219,0,0,2
2025-07-09,5,167867,47,103,191,Closed,Medium,Clean,False,1.3,Track 15,Standby,341,0,0,2
2025-07-09,6,211122,84,42,25,Closed,Medium,Clean,False,10.4,Track 11,Inducted,151,0,0,2
2025-07-09,7,141277,46,131,11,Open,High,Clean,False,0.0,Track 3,Maintenance,188,0,1,2
2025-07-09,8,209569,33,6,183,Closed,High,Clean,False,9.5,Track 3,Inducted,222,1,0,2
2025-07-09,9,197378,14,56,39,Closed,Medium,Clean,False,1.1,Track 11,Standby,109,0,0,2
2025-07-09,10,200742,26,91,123,Closed,High,Clean,False,0.5,Track 9,Standby,240,0,0,2
2025-07-09,11,174993,48,33,57,Closed,Low,Clean,False,11.5,Track 15,Inducted,138,0,0,2
2025-07-09,12,102683,27,26,105,Closed,Medium,Clean,False,0.8,Track 8,Standby,158,0,0,2
2025-07-09,13,153466,88,174,73,Closed,Low,Clean,False,0.7,Track 11,Standby,335,0,0,2
2025-07-09,14,202747,3,72,127,Closed,Low,Clean,False,10.2,Track 3,Inducted,202,1,0,2
2025-07-09,15,70380,50,40,351,Closed,High,Clean,False,12.8,Track 9,Inducted,441,0,0,2
2025-07-09,16,98667,28,120,266,Closed,Medium,Clean,False,1.1,Track 5,Standby,414,0,0,2
2025-07-09,17,191972,49,120,199,Closed,Medium,Clean,False,0.7,Track 5,Standby,368,0,0,2
2025-07-09,18,70524,16,92,108,Closed,Medium,Scheduled,True,0.9,Track 1,Standby,216,0,0,2
2025-07-09,19,204399,57,72,45,Open,High,Clean,False,0.0,Track 12,Maintenance,174,0,1,2
2025-07-09,20,157632,39,155,121,Open,Low,Clean,False,0.0,Track 12,Maintenance,315,0,1,2
2025-07-09,21,79937,85,33,263,Closed,Medium,Clean,False,0.8,Track 4,Standby,381,0,0,2
2025-07-09,22,134991,71,172,166,Open,High,Clean,False,0.0,Track 12,Maintenance,409,0,1,2
2025-07-09,23,166084,28,37,341,Closed,High,Clean,False,13.1,Track 13,Inducted,406,0,0,2
2025-07-09,24,140537,22,96,225,Open,Medium,Clean,False,0.0,Track 11,Maintenance,343,0,1,2
2025-07-09,25,86003,55,109,45,Closed,Low,Clean,False,1.0,Track 14,Standby,209,0,0,2
2025-07-10,1,144106,72,104,94,Open,Low,Scheduled,True,0.0,Track 3,Maintenance,270,0,1,3
2025-07-10,2,112189,5,119,101,Closed,Low,Clean,False,11.3,Track 9,Inducted,225,1,0,3
2025-07-10,3,111358,37,36,165,Open,Low,Clean,False,0.0,Track 14,Maintenance,238,0,1,3
2025-07-10,4,122589,86,111,19,Open,High,Clean,False,0.0,Track 7,Maintenance,216,0,1,3
2025-07-10,5,167868,46,102,190,Closed,Medium,Clean,False,1.1,Track 1,Standby,338,0,0,3
2025-07-10,6,211167,83,41,24,Closed,Medium,Clean,False,0.9,Track 6,Standby,148,0,0,3
2025-07-10,7,141877,45,130,10,Closed,High,Clean,False,12.0,Track 11,Inducted,185,0,0,3
2025-07-10,8,209586,32,5,182,Closed,High,Clean,False,0.8,Track 4,Standby,219,1,0,3
2025-07-10,9,197378,13,55,38,Open,Medium,Clean,False,0.0,Track 11,Maintenance,106,0,1,3
2025-07-10,10,200774,25,90,122,Closed,High,Clean,False,0.9,Track 5,Standby,237,0,0,3
2025-07-10,11,175034,47,32,56,Closed,Low,Clean,False,0.9,Track 10,Standby,135,0,0,3
2025-07-10,12,103083,26,25,104,Closed,Medium,Clean,False,13.1,Track 12,Inducted,155,0,0,3
2025-07-10,13,153478,87,173,72,Closed,Low,Clean,False,0.8,Track 2,Standby,332,0,0,3
2025-07-10,14,203327,2,71,126,Closed,Low,Clean,False,13.5,Track 10,Inducted,199,1,0,3
2025-07-10,15,70380,49,39,350,Open,High,Clean,False,0.0,Track 13,Maintenance,438,0,1,3
2025-07-10,16,98667,27,119,265,Open,Medium,Clean,False,0.0,Track 4,Maintenance,411,0,1,3
2025-07-10,17,191983,48,119,198,Closed,Medium,Clean,False,1.3,Track 8,Standby,365,0,0,3
2025-07-10,18,71025,15,91,107,Closed,Medium,Clean,False,13.9,Track 10,Inducted,213,0,0,3
2025-07-10,19,204992,56,71,44,Closed,High,Clean,False,11.4,Track 4,Inducted,171,0,0,3
2025-07-10,20,157980,38,154,120,Closed,Low,Clean,False,10.9,Track 14,Inducted,312,0,0,3
2025-07-10,21,79958,84,32,262,Closed,Medium,Clean,False,0.9,Track 12,Standby,378,0,0,3
2025-07-10,22,135494,70,171,165,Closed,High,Clean,False,13.1,Track 11,Inducted,406,0,0,3
2025-07-10,23,166400,27,36,340,Closed,High,Clean,False,11.3,Track 2,Inducted,403,0,0,3
2025-07-10,24,140562,21,95,224,Closed,Medium,Clean,False,1.5,Track 8,Standby,340,0,0,3
2025-07-10,25,86047,54,108,44,Closed,Low,Clean,False,1.0,Track 6,Standby,206,0,0,3
2025-07-11,1,144122,71,103,93,Closed,Low,Scheduled,True,0.9,Track 2,Standby,267,0,0,4
2025-07-11,2,112203,4,118,100,Closed,Low,Clean,False,0.8,Track 1,Standby,222,1,0,4
2025-07-11,3,111364,36,35,164,Closed,Low,Clean,False,1.1,Track 15,Standby,235,0,0,4
2025-07-11,4,122635,85,110,18,Closed,High,Clean,False,0.5,Track 4,Standby,213,0,0,4
2025-07-11,5,168440,45,101,189,Closed,Medium,Clean,False,8.6,Track 11,Inducted,335,0,0,4
2025-07-11,6,211167,82,40,23,Open,Medium,Clean,False,0.0,Track 6,Maintenance,145,0,1,4
2025-07-11,7,141877,44,129,9,Open,High,Clean,False,0.0,Track 9,Maintenance,182,0,1,4
2025-07-11,8,210179,31,4,181,Closed,High,Clean,False,11.2,Track 3,Inducted,216,1,0,4
2025-07-11,9,197378,12,54,37,Open,Medium,Clean,False,0.0,Track 13,Maintenance,103,0,1,4
2025-07-11,10,201311,24,89,121,Closed,High,Clean,False,13.4,Track 4,Inducted,234,0,0,4
2025-07-11,11,175471,46,31,55,Closed,Low,Clean,False,8.2,Track 3,Inducted,132,0,0,4
2025-07-11,12,103115,25,24,103,Closed,Medium,Clean,False,0.8,Track 1,Standby,152,0,0,4
2025-07-11,13,153487,86,172,71,Closed,Low,Clean,False,1.4,Track 1,Standby,329,0,0,4
2025-07-11,14,203642,1,70,125,Closed,Low,Clean,False,8.2,Track 10,Inducted,196,1,0,4
2025-07-11,15,70752,48,38,349,Closed,High,Clean,False,8.7,Track 11,Inducted,435,0,0,4
2025-07-11,16,98667,26,118,264,Open,Medium,Clean,False,0.0,Track 5,Maintenance,408,0,1,4
2025-07-11,17,191983,47,118,197,Open,Medium,Clean,False,0.0,Track 3,Maintenance,362,0,1,4
2025-07-11,18,71025,14,90,106,Open,Medium,Clean,False,0.0,Track 6,Maintenance,210,0,1,4
2025-07-11,19,205012,55,70,43,Closed,High,Clean,False,0.8,Track 3,Standby,168,0,0,4
2025-07-11,20,157995,37,153,119,Closed,Low,Clean,False,0.6,Track 8,Standby,309,0,0,4
2025-07-11,21,79978,83,31,261,Closed,Medium,Scheduled,True,0.9,Track 11,Standby,375,0,0,4
2025-07-11,22,135532,69,170,164,Closed,High,Clean,False,0.9,Track 4,Standby,403,0,0,4
2025-07-11,23,166877,26,35,339,Closed,High,Clean,False,13.6,Track 8,Inducted,400,0,0,4
2025-07-11,24,140562,20,94,223,Open,Medium,Clean,False,0.0,Track 14,Maintenance,337,0,1,4
2025-07-11,25,86064,53,107,43,Closed,Low,Clean,False,0.9,Track 8,Standby,203,0,0,4
2025-07-12,1,144497,70,102,92,Closed,Low,Clean,False,13.0,Track 8,Inducted,264,0,0,5
2025-07-12,2,112781,3,117,99,Closed,Low,Clean,False,8.0,Track 10,Inducted,219,1,0,5
2025-07-12,3,111413,35,34,163,Closed,Low,Clean,True,1.1,Track 2,Standby,232,0,0,5
2025-07-12,4,123189,84,109,17,Closed,High,Clean,False,13.6,Track 15,Inducted,210,0,0,5
2025-07-12,5,168442,44,100,188,Closed,Medium,Clean,False,1.0,Track 14,Standby,332,0,0,5
2025-07-12,6,211717,81,39,22,Closed,Medium,Clean,False,13.0,Track 11,Inducted,142,0,0,5
2025-07-12,7,141886,43,128,8,Closed,High,Clean,False,1.3,Track 1,Standby,179,0,0,5
2025-07-12,8,210671,30,3,180,Closed,High,Clean,False,9.1,Track 6,Inducted,213,1,0,5
2025-07-12,9,197744,11,53,36,Closed,Medium,Clean,False,9.4,Track 4,Inducted,100,0,0,5
2025-07-12,10,201340,23,88,120,Closed,High,Clean,False,1.1,Track 12,Standby,231,0,0,5
2025-07-12,11,176000,45,30,54,Closed,Low,Clean,False,13.1,Track 12,Inducted,129,0,0,5
2025-07-12,12,103152,24,23,102,Closed,Medium,Clean,False,0.5,Track 10,Standby,149,0,0,5
2025-07-12,13,153524,85,171,70,Closed,Low,Clean,False,0.5,Track 7,Standby,326,0,0,5
2025-07-12,14,204106,90,69,124,Closed,Low,Clean,False,11.9,Track 1,Inducted,283,0,0,5
2025-07-12,15,71264,47,37,348,Closed,High,Clean,False,11.9,Track 6,Inducted,432,0,0,5
2025-07-12,16,99101,25,117,263,Closed,Medium,Clean,False,8.2,Track 10,Inducted,405,0,0,5
2025-07-12,17,192025,46,117,196,Closed,Medium,Clean,False,0.8,Track 4,Standby,359,0,0,5
2025-07-12,18,71025,13,89,105,Open,Medium,Clean,False,0.0,Track 12,Maintenance,207,0,1,5
2025-07-12,19,205042,54,69,42,Closed,High,Clean,False,1.0,Track 14,Standby,165,0,0,5
2025-07-12,20,158431,36,152,118,Closed,Low,Clean,False,13.4,Track 1,Inducted,306,0,0,5
2025-07-12,21,79978,82,30,260,Open,Medium,Clean,False,0.0,Track 2,Maintenance,372,0,1,5
2025-07-12,22,135562,68,169,163,Closed,High,Clean,False,1.3,Track 2,Standby,400,0,0,5
2025-07-12,23,167218,25,34,338,Closed,High,Clean,False,10.9,Track 10,Inducted,397,0,0,5
2025-07-12,24,140953,19,93,222,Closed,Medium,Clean,False,13.4,Track 14,Inducted,334,0,0,5
2025-07-12,25,86064,52,106,42,Open,Low,Clean,False,0.0,Track 12,Maintenance,200,0,1,5
2025-07-13,1,144514,69,101,91,Closed,Low,Clean,False,1.2,Track 15,Standby,261,0,0,6
2025-07-13,2,112781,2,116,98,Open,Low,Clean,False,0.0,Track 12,Maintenance,216,1,1,6
2025-07-13,3,111417,34,33,162,Closed,Low,Scheduled,True,1.1,Track 13,Standby,229,0,0,6
2025-07-13,4,123192,83,108,16,Closed,High,Clean,False,1.0,Track 6,Standby,207,0,0,6
2025-07-13,5,168896,43,99,187,Closed,Medium,Clean,False,13.6,Track 3,Inducted,329,0,0,6
2025-07-13,6,211756,80,38,21,Closed,Medium,Clean,False,1.0,Track 7,Standby,139,0,0,6
2025-07-13,7,142459,42,127,7,Closed,High,Clean,False,8.4,Track 10,Inducted,176,1,0,6
2025-07-13,8,210972,29,2,179,Closed,High,Clean,False,8.2,Track 13,Inducted,210,1,0,6
2025-07-13,9,197789,10,52,35,Closed,Medium,Clean,False,0.6,Track 1,Standby,97,0,0,6
2025-07-13,10,201351,22,87,119,Closed,High,Clean,False,1.5,Track 12,Standby,228,0,0,6
2025-07-13,11,176000,44,29,53,Open,Low,Clean,False,0.0,Track 8,Maintenance,126,0,1,6
2025-07-13,12,103190,23,22,101,Closed,Medium,Clean,False,1.5,Track 13,Standby,146,0,0,6
2025-07-13,13,153524,84,170,69,Open,Low,Clean,False,0.0,Track 9,Maintenance,323,0,1,6
2025-07-13,14,204146,89,68,123,Closed,Low,Clean,False,0.6,Track 7,Standby,280,0,0,6
2025-07-13,15,71278,46,36,347,Closed,High,Clean,False,1.1,Track 1,Standby,429,0,0,6
2025-07-13,16,99101,24,116,262,Open,Medium,Clean,False,0.0,Track 9,Maintenance,402,0,1,6
2025-07-13,17,192025,45,116,195,Open,Medium,Clean,False,0.0,Track 2,Maintenance,356,0,1,6
2025-07-13,18,71059,12,88,104,Closed,Medium,Clean,False,1.0,Track 7,Standby,204,0,0,6
2025-07-13,19,205042,53,68,41,Open,High,Clean,False,0.0,Track 1,Maintenance,162,0,1,6
2025-07-13,20,158456,35,151,117,Closed,Low,Clean,False,1.1,Track 6,Standby,303,0,0,6
2025-07-13,21,80483,81,29,259,Closed,Medium,Clean,False,12.0,Track 8,Inducted,369,0,0,6
2025-07-13,22,135606,67,168,162,Closed,High,Clean,False,1.1,Track 14,Standby,397,0,0,6
2025-07-13,23,167218,24,33,337,Open,High,Clean,False,0.0,Track 1,Maintenance,394,0,1,6
2025-07-13,24,141303,18,92,221,Closed,Medium,Clean,False,13.1,Track 6,Inducted,331,0,0,6
2025-07-13,25,86573,51,105,41,Closed,Low,Clean,False,11.8,Track 5,Inducted,197,0,0,6
2025-07-14,1,144514,68,100,90,Open,Low,Clean,False,0.0,Track 12,Maintenance,258,0,1,0
2025-07-14,2,112809,1,115,97,Closed,Low,Clean,False,1.1,Track 12,Standby,213,1,0,0
2025-07-14,3,111853,33,32,161,Closed,Low,Clean,False,9.0,Track 10,Inducted,226,0,0,0
2025-07-14,4,123706,82,107,15,Closed,High,Clean,False,10.2,Track 8,Inducted,204,0,0,0
2025-07-14,5,169462,42,98,186,Closed,Medium,Clean,False,8.7,Track 12,Inducted,326,0,0,0
2025-07-14,6,211757,79,37,20,Closed,Medium,Clean,False,0.6,Track 5,Standby,136,0,0,0
2025-07-14,7,142477,41,126,6,Closed,High,Clean,False,1.1,Track 7,Standby,173,1,0,0
2025-07-14,8,210993,28,1,178,Closed,High,Clean,False,0.8,Track 9,Standby,207,1,0,0
2025-07-14,9,197817,9,51,34,Closed,Medium,Clean,False,1.2,Track 7,Standby,94,0,0,0
2025-07-14,10,201367,21,86,118,Closed,High,Clean,False,1.4,Track 2,Standby,225,0,0,0
2025-07-14,11,176004,43,28,52,Closed,Low,Clean,False,1.1,Track 4,Standby,123,0,0,0
2025-07-14,12,103234,22,21,100,Closed,Medium,Clean,False,0.9,Track 4,Standby,143,0,0,0
2025-07-14,13,154033,83,169,68,Closed,Low,Clean,False,8.8,Track 10,Inducted,320,0,0,0
2025-07-14,14,204195,88,67,122,Closed,Low,Clean,False,1.4,Track 3,Standby,277,0,0,0
2025-07-14,15,71321,45,35,346,Closed,High,Clean,False,0.6,Track 9,Standby,426,0,0,0
2025-07-14,16,99520,23,115,261,Closed,Medium,Clean,False,10.8,Track 12,Inducted,399,0,0,0
2025-07-14,17,192025,44,115,194,Open,Medium,Clean,False,0.0,Track 9,Maintenance,353,0,1,0
2025-07-14,18,71074,11,87,103,Closed,Medium,Clean,False,1.0,Track 13,Standby,201,0,0,0
2025-07-14,19,205042,52,67,40,Open,High,Clean,False,0.0,Track 2,Maintenance,159,0,1,0
2025-07-14,20,158802,34,150,116,Closed,Low,Clean,False,8.2,Track 13,Inducted,300,0,0,0
2025-07-14,21,80510,80,28,258,Closed,Medium,Clean,False,1.3,Track 8,Standby,366,0,0,0
2025-07-14,22,135621,66,167,161,Closed,High,Clean,False,0.9,Track 2,Standby,394,0,0,0
2025-07-14,23,167591,23,32,336,Closed,High,Clean,False,13.5,Track 7,Inducted,391,0,0,0
2025-07-14,24,141345,17,91,220,Closed,Medium,Clean,True,1.0,Track 7,Standby,328,0,0,0
2025-07-14,25,86602,50,104,40,Closed,Low,Clean,False,0.7,Track 1,Standby,194,0,0,0
2025-07-15,1,144514,67,99,89,Open,Low,Clean,False,0.0,Track 14,Maintenance,255,0,1,1
2025-07-15,2,113201,90,114,96,Closed,Low,Clean,False,12.4,Track 10,Inducted,300,0,0,1
2025-07-15,3,111853,32,31,160,Open,Low,Clean,False,0.0,Track 5,Maintenance,223,0,1,1
2025-07-15,4,123706,81,106,14,Closed,High,Clean,False,1.1,Track 13,Standby,201,0,0,1
2025-07-15,5,169775,41,97,185,Closed,Medium,Clean,False,8.3,Track 15,Inducted,323,0,0,1
2025-07-15,6,211757,78,36,19,Open,Medium,Clean,False,0.0,Track 1,Maintenance,133,0,1,1
2025-07-15,7,142517,40,125,5,Closed,High,Clean,False,1.1,Track 6,Standby,170,1,0,1
2025-07-15,8,211017,27,180,177,Closed,High,Clean,False,0.7,Track 3,Standby,384,0,0,1
2025-07-15,9,197817,8,50,33,Open,Medium,Clean,False,0.0,Track 13,Maintenance,91,0,1,1
2025-07-15,10,201367,20,85,117,Open,High,Clean,False,0.0,Track 2,Maintenance,222,0,1,1
2025-07-15,11,176004,42,27,51,Open,Low,Clean,False,0.0,Track 11,Maintenance,120,0,1,1
2025-07-15,12,103235,21,20,99,Closed,Medium,Clean,False,1.2,Track 7,Standby,140,0,0,1
2025-07-15,13,154033,82,168,67,Open,Low,Clean,False,0.0,Track 2,Maintenance,317,0,1,1
2025-07-15,14,204207,87,66,121,Closed,Low,Clean,False,1.3,Track 12,Standby,274,0,0,1
2025-07-15,15,71353,44,34,345,Closed,High,Clean,False,1.0,Track 6,Standby,423,0,0,1
2025-07-15,16,100027,22,114,260,Closed,Medium,Clean,False,12.0,Track 13,Inducted,396,0,0,1
2025-07-15,17,192025,43,114,193,Open,Medium,Clean,False,0.0,Track 9,Maintenance,350,0,1,1
2025-07-15,18,71085,10,86,102,Closed,Medium,Clean,False,1.0,Track 5,Standby,198,0,0,1
2025-07-15,19,205420,51,66,39,Closed,High,Clean,False,8.2,Track 4,Inducted,156,0,0,1
2025-07-15,20,158802,33,149,115,Open,Low,Clean,False,0.0,Track 3,Maintenance,297,0,1,1
2025-07-15,21,80510,79,27,257,Open,Medium,Clean,False,0.0,Track 4,Maintenance,363,0,1,1
2025-07-15,22,135661,65,166,160,Closed,High,Clean,False,1.1,Track 8,Standby,391,0,0,1
2025-07-15,23,168098,22,31,335,Closed,High,Clean,False,9.9,Track 7,Inducted,388,0,0,1
2025-07-15,24,141359,16,90,219,Closed,Medium,Clean,True,1.0,Track 12,Standby,325,0,0,1
2025-07-15,25,86624,49,103,39,Closed,Low,Scheduled,True,0.8,Track 6,Standby,191,0,0,1
2025-07-16,1,144514,66,98,88,Open,Low,Clean,False,0.0,Track 4,Maintenance,252,0,1,2
2025-07-16,2,113201,89,113,95,Open,Low,Clean,False,0.0,Track 14,Maintenance,297,0,1,2
2025-07-16,3,111887,31,30,159,Closed,Low,Clean,False,1.3,Track 9,Standby,220,0,0,2
2025-07-16,4,123715,80,105,13,Closed,High,Clean,False,1.2,Track 14,Standby,198,0,0,2
2025-07-16,5,169805,40,96,184,Closed,Medium,Clean,False,0.7,Track 9,Standby,320,0,0,2
2025-07-16,6,211768,77,35,18,Closed,Medium,Clean,False,1.5,Track 9,Standby,130,0,0,2
2025-07-16,7,142537,39,124,4,Closed,High,Clean,False,1.1,Track 10,Standby,167,1,0,2
2025-07-16,8,211597,26,179,176,Closed,High,Clean,False,9.5,Track 5,Inducted,381,0,0,2
2025-07-16,9,197817,7,49,32,Open,Medium,Clean,False,0.0,Track 10,Maintenance,88,1,1,2
2025-07-16,10,201406,19,84,116,Closed,High,Clean,False,1.2,Track 10,Standby,219,0,0,2
2025-07-16,11,176004,41,26,50,Open,Low,Clean,False,0.0,Track 13,Maintenance,117,0,1,2
2025-07-16,12,103235,20,19,98,Open,Medium,Clean,False,0.0,Track 15,Maintenance,137,0,1,2
2025-07-16,13,154033,81,167,66,Open,Low,Clean,False,0.0,Track 3,Maintenance,314,0,1,2
2025-07-16,14,204207,86,65,120,Open,Low,Clean,False,0.0,Track 15,Maintenance,271,0,1,2
2025-07-16,15,71385,43,33,344,Closed,High,Clean,False,1.0,Track 3,Standby,420,0,0,2
2025-07-16,16,100027,21,113,259,Open,Medium,Scheduled,True,0.0,Track 14,Maintenance,393,0,1,2
2025-07-16,17,192028,42,113,192,Closed,Medium,Clean,False,1.2,Track 11,Standby,347,0,0,2
2025-07-16,18,71085,9,85,101,Open,Medium,Clean,False,0.0,Track 5,Maintenance,195,0,1,2
2025-07-16,19,205428,50,65,38,Closed,High,Clean,False,1.2,Track 6,Standby,153,0,0,2
2025-07-16,20,159310,32,148,114,Closed,Low,Clean,False,8.0,Track 4,Inducted,294,0,0,2
2025-07-16,21,80519,78,26,256,Closed,Medium,Clean,False,0.5,Track 6,Standby,360,0,0,2
2025-07-16,22,135680,64,165,159,Closed,High,Clean,False,1.0,Track 7,Standby,388,0,0,2
2025-07-16,23,168459,21,30,334,Closed,High,Clean,False,9.1,Track 5,Inducted,385,0,0,2
2025-07-16,24,141381,15,89,218,Closed,Medium,Clean,True,1.0,Track 3,Standby,322,0,0,2
2025-07-16,25,86624,48,102,38,Open,Low,Clean,False,0.0,Track 9,Maintenance,188,0,1,2
2025-07-17,1,144530,65,97,87,Closed,Low,Clean,False,1.4,Track 8,Standby,249,0,0,3
2025-07-17,2,113692,88,112,94,Closed,Low,Clean,False,8.8,Track 3,Inducted,294,0,0,3
2025-07-17,3,112439,30,29,158,Closed,Low,Clean,False,8.7,Track 11,Inducted,217,0,0,3
2025-07-17,4,123715,79,104,12,Open,High,Clean,False,0.0,Track 13,Maintenance,195,0,1,3
2025-07-17,5,170395,39,95,183,Closed,Medium,Clean,False,11.8,Track 13,Inducted,317,0,0,3
2025-07-17,6,211812,76,34,17,Closed,Medium,Clean,False,1.1,Track 6,Standby,127,0,0,3
2025-07-17,7,142585,38,123,3,Closed,High,Clean,True,0.7,Track 5,Standby,164,1,0,3
2025-07-17,8,211629,25,178,175,Closed,High,Clean,False,1.2,Track 2,Standby,378,0,0,3
2025-07-17,9,197863,6,48,31,Closed,Medium,Clean,False,0.8,Track 13,Standby,85,1,0,3
2025-07-17,10,201423,18,83,115,Closed,High,Clean,False,0.8,Track 7,Standby,216,0,0,3
2025-07-17,11,176046,40,25,49,Closed,Low,Clean,False,1.5,Track 13,Standby,114,0,0,3
2025-07-17,12,103235,19,18,97,Open,Medium,Clean,False,0.0,Track 12,Maintenance,134,0,1,3
2025-07-17,13,154342,80,166,65,Closed,Low,Clean,False,8.9,Track 9,Inducted,311,0,0,3
2025-07-17,14,204590,85,64,119,Closed,Low,Clean,False,12.7,Track 6,Inducted,268,0,0,3
2025-07-17,15,71385,42,32,343,Open,High,Clean,False,0.0,Track 11,Maintenance,417,0,1,3
2025-07-17,16,100027,20,112,258,Open,Medium,Scheduled,True,0.0,Track 8,Maintenance,390,0,1,3
2025-07-17,17,192062,41,112,191,Closed,Medium,Clean,False,0.8,Track 4,Standby,344,0,0,3
2025-07-17,18,71128,8,84,100,Closed,Medium,Clean,False,0.8,Track 4,Standby,192,0,0,3
2025-07-17,19,205770,49,64,37,Closed,High,Clean,False,10.6,Track 9,Inducted,150,0,0,3
2025-07-17,20,159360,31,147,113,Closed,Low,Clean,False,1.3,Track 6,Standby,291,0,0,3
2025-07-17,21,81093,77,25,255,Closed,Medium,Clean,False,11.7,Track 15,Inducted,357,0,0,3
2025-07-17,22,135680,63,164,158,Open,High,Clean,False,0.0,Track 12,Maintenance,385,0,1,3
2025-07-17,23,168904,20,29,333,Closed,High,Clean,True,13.6,Track 6,Inducted,382,0,0,3
2025-07-17,24,141404,14,88,217,Closed,Medium,Scheduled,True,1.2,Track 1,Standby,319,0,0,3
2025-07-17,25,86634,47,101,37,Closed,Low,Clean,False,1.1,Track 2,Standby,185,0,0,3
2025-07-18,1,144996,64,96,86,Closed,Low,Clean,False,12.1,Track 8,Inducted,246,0,0,4
2025-07-18,2,114185,87,111,93,Closed,Low,Clean,False,9.5,Track 1,Inducted,291,0,0,4
2025-07-18,3,112488,29,28,157,Closed,Low,Clean,False,1.1,Track 15,Standby,214,0,0,4
2025-07-18,4,123738,78,103,11,Closed,High,Clean,False,0.7,Track 4,Standby,192,0,0,4
2025-07-18,5,170902,38,94,182,Closed,Medium,Clean,False,10.3,Track 4,Inducted,314,0,0,4
2025-07-18,6,211812,75,33,16,Open,Medium,Clean,False,0.0,Track 13,Maintenance,124,0,1,4
2025-07-18,7,142585,37,122,2,Open,High,Scheduled,True,0.0,Track 3,Maintenance,161,1,1,4
2025-07-18,8,211650,24,177,174,Closed,High,Clean,False,1.0,Track 2,Standby,375,0,0,4
2025-07-18,9,197876,5,47,30,Closed,Medium,Clean,False,0.6,Track 4,Standby,82,1,0,4
2025-07-18,10,201927,17,82,114,Closed,High,Clean,False,8.5,Track 11,Inducted,213,0,0,4
2025-07-18,11,176622,39,24,48,Closed,Low,Clean,False,13.8,Track 12,Inducted,111,0,0,4
2025-07-18,12,103240,18,17,96,Closed,Medium,Clean,False,1.0,Track 4,Standby,131,0,0,4
2025-07-18,13,154857,79,165,64,Closed,Low,Clean,False,10.9,Track 14,Inducted,308,0,0,4
2025-07-18,14,205065,84,63,118,Closed,Low,Clean,False,9.0,Track 8,Inducted,265,0,0,4
2025-07-18,15,71696,41,31,342,Closed,High,Clean,False,8.1,Track 8,Inducted,414,0,0,4
2025-07-18,16,100027,19,111,257,Open,Medium,Scheduled,True,0.0,Track 15,Maintenance,387,0,1,4
2025-07-18,17,192626,40,111,190,Closed,Medium,Clean,False,10.2,Track 4,Inducted,341,0,0,4
2025-07-18,18,71165,7,83,99,Closed,Medium,Clean,False,0.8,Track 2,Standby,189,1,0,4
2025-07-18,19,205792,48,63,36,Closed,High,Clean,False,1.2,Track 2,Standby,147,0,0,4
2025-07-18,20,159806,30,146,112,Closed,Low,Clean,False,8.7,Track 5,Inducted,288,0,0,4
2025-07-18,21,81093,76,24,254,Open,Medium,Clean,False,0.0,Track 9,Maintenance,354,0,1,4
2025-07-18,22,135680,62,163,157,Open,High,Scheduled,True,0.0,Track 8,Maintenance,382,0,1,4
2025-07-18,23,168936,19,28,332,Closed,High,Scheduled,True,0.9,Track 6,Standby,379,0,0,4
2025-07-18,24,141404,13,87,216,Open,Medium,Clean,False,0.0,Track 15,Maintenance,316,0,1,4
2025-07-18,25,86634,46,100,36,Open,Low,Clean,False,0.0,Track 2,Maintenance,182,0,1,4
2025-07-19,1,145019,63,95,85,Closed,Low,Clean,False,0.7,Track 15,Standby,243,0,0,5
2025-07-19,2,114718,86,110,92,Closed,Low,Clean,False,13.7,Track 2,Inducted,288,0,0,5
2025-07-19,3,113045,28,27,156,Closed,Low,Clean,False,10.3,Track 11,Inducted,211,0,0,5
2025-07-19,4,123738,77,102,10,Open,High,Clean,False,0.0,Track 9,Maintenance,189,0,1,5
2025-07-19,5,170907,37,93,181,Closed,Medium,Clean,False,0.6,Track 3,Standby,311,0,0,5
2025-07-19,6,211839,74,32,15,Closed,Medium,Clean,False,1.3,Track 13,Standby,121,0,0,5
2025-07-19,7,142600,36,121,1,Closed,High,Scheduled,True,0.5,Track 3,Standby,158,1,0,5
2025-07-19,8,211650,23,176,173,Open,High,Clean,False,0.0,Track 9,Maintenance,372,0,1,5
2025-07-19,9,198235,4,46,29,Closed,Medium,Clean,False,10.3,Track 10,Inducted,79,1,0,5
2025-07-19,10,201927,16,81,113,Open,High,Scheduled,True,0.0,Track 13,Maintenance,210,0,1,5
2025-07-19,11,176631,38,23,47,Closed,Low,Clean,False,1.4,Track 13,Standby,108,0,0,5
2025-07-19,12,103250,17,16,95,Closed,Medium,Clean,False,1.5,Track 7,Standby,128,0,0,5
2025-07-19,13,154888,78,164,63,Closed,Low,Clean,False,1.4,Track 12,Standby,305,0,0,5
2025-07-19,14,205065,83,62,117,Closed,Low,Clean,False,1.1,Track 10,Standby,262,0,0,5
2025-07-19,15,72252,40,30,341,Closed,High,Clean,False,13.8,Track 3,Inducted,411,0,0,5
2025-07-19,16,100066,18,110,256,Closed,Medium,Scheduled,True,0.5,Track 9,Standby,384,0,0,5
2025-07-19,17,192626,39,110,189,Closed,Medium,Clean,False,1.0,Track 8,Standby,338,0,0,5
2025-07-19,18,71165,6,82,98,Open,Medium,Clean,False,0.0,Track 14,Maintenance,186,1,1,5
2025-07-19,19,206219,47,62,35,Closed,High,Clean,False,9.4,Track 2,Inducted,144,0,0,5
2025-07-19,20,160137,29,145,111,Closed,Low,Clean,False,12.8,Track 9,Inducted,285,0,0,5
2025-07-19,21,81141,75,23,253,Closed,Medium,Clean,False,1.0,Track 10,Standby,351,0,0,5
2025-07-19,22,135702,61,162,156,Closed,High,Scheduled,True,1.2,Track 13,Standby,379,0,0,5
2025-07-19,23,168936,18,27,331,Open,High,Clean,False,0.0,Track 15,Maintenance,376,0,1,5
2025-07-19,24,141781,12,86,215,Closed,Medium,Clean,False,12.9,Track 2,Inducted,313,0,0,5
2025-07-19,25,86669,45,99,35,Closed,Low,Clean,False,0.8,Track 9,Standby,179,0,0,5
2025-07-20,1,145473,62,94,84,Closed,Low,Clean,False,12.9,Track 2,Inducted,240,0,0,6
2025-07-20,2,114728,85,109,91,Closed,Low,Clean,False,0.5,Track 2,Standby,285,0,0,6
2025-07-20,3,113443,27,26,155,Closed,Low,Clean,False,12.9,Track 4,Inducted,208,0,0,6
2025-07-20,4,124237,76,101,9,Closed,High,Clean,False,11.6,Track 7,Inducted,186,0,0,6
2025-07-20,5,170907,36,92,180,Open,Medium,Clean,False,0.0,Track 12,Maintenance,308,0,1,6
2025-07-20,6,212304,73,31,14,Closed,Medium,Clean,False,11.3,Track 8,Inducted,118,0,0,6
2025-07-20,7,142600,35,120,365,Open,High,Clean,False,0.0,Track 13,Maintenance,520,0,1,6
2025-07-20,8,212101,22,175,172,Closed,High,Clean,False,9.9,Track 6,Inducted,369,0,0,6
2025-07-20,9,198831,3,45,28,Closed,Medium,Clean,False,8.5,Track 6,Inducted,76,1,0,6
2025-07-20,10,201944,15,80,112,Closed,High,Scheduled,True,1.5,Track 2,Standby,207,0,0,6
2025-07-20,11,176971,37,22,46,Closed,Low,Clean,False,13.6,Track 6,Inducted,105,0,0,6
2025-07-20,12,103711,16,15,94,Closed,Medium,Clean,False,13.3,Track 3,Inducted,125,0,0,6
2025-07-20,13,154888,77,163,62,Open,Low,Clean,False,0.0,Track 9,Maintenance,302,0,1,6
2025-07-20,14,205102,82,61,116,Closed,Low,Scheduled,True,1.5,Track 3,Standby,259,0,0,6
2025-07-20,15,72653,39,29,340,Closed,High,Clean,False,11.5,Track 13,Inducted,408,0,0,6
2025-07-20,16,100069,17,109,255,Closed,Medium,Clean,False,1.5,Track 15,Standby,381,0,0,6
2025-07-20,17,192626,38,109,188,Open,Medium,Clean,False,0.0,Track 4,Maintenance,335,0,1,6
2025-07-20,18,71476,5,81,97,Closed,Medium,Clean,False,8.5,Track 9,Inducted,183,1,0,6
2025-07-20,19,206219,46,61,34,Open,High,Clean,False,0.0,Track 14,Maintenance,141,0,1,6
2025-07-20,20,160169,28,144,110,Closed,Low,Clean,False,1.2,Track 2,Standby,282,0,0,6
2025-07-20,21,81560,74,22,252,Closed,Medium,Clean,False,11.4,Track 12,Inducted,348,0,0,6
2025-07-20,22,135720,60,161,155,Closed,High,Clean,False,0.7,Track 11,Standby,376,0,0,6
2025-07-20,23,169487,17,26,330,Closed,High,Clean,False,11.8,Track 12,Inducted,373,0,0,6
2025-07-20,24,142263,11,85,214,Closed,Medium,Clean,False,11.1,Track 10,Inducted,310,0,0,6
2025-07-20,25,86681,44,98,34,Closed,Low,Clean,False,1.3,Track 5,Standby,176,0,0,6
2025-07-21,1,145473,61,93,83,Open,Low,Clean,False,0.0,Track 15,Maintenance,237,0,1,0
2025-07-21,2,114764,84,108,90,Closed,Low,Clean,False,0.7,Track 9,Standby,282,0,0,0
2025-07-21,3,113772,26,25,154,Closed,Low,Clean,False,13.6,Track 11,Inducted,205,0,0,0
2025-07-21,4,124268,75,100,8,Closed,High,Clean,False,1.2,Track 11,Standby,183,0,0,0
2025-07-21,5,171451,35,91,179,Closed,Medium,Clean,False,9.7,Track 7,Inducted,305,0,0,0
2025-07-21,6,212333,72,30,13,Closed,Medium,Clean,False,0.8,Track 11,Standby,115,0,0,0
2025-07-21,7,142940,34,119,364,Closed,High,Clean,False,11.2,Track 6,Inducted,517,0,0,0
2025-07-21,8,212511,21,174,171,Closed,High,Clean,False,13.6,Track 9,Inducted,366,0,0,0
2025-07-21,9,198835,2,44,27,Closed,Medium,Clean,False,0.5,Track 14,Standby,73,1,0,0
2025-07-21,10,202501,14,79,111,Closed,High,Clean,False,10.1,Track 5,Inducted,204,0,0,0
2025-07-21,11,176971,36,21,45,Open,Low,Clean,False,0.0,Track 11,Maintenance,102,0,1,0
2025-07-21,12,103751,15,14,93,Closed,Medium,Clean,False,0.9,Track 5,Standby,122,0,0,0
2025-07-21,13,155350,76,162,61,Closed,Low,Clean,False,10.1,Track 14,Inducted,299,0,0,0
2025-07-21,14,205102,81,60,115,Open,Low,Clean,False,0.0,Track 9,Maintenance,256,0,1,0
2025-07-21,15,72654,38,28,339,Closed,High,Clean,False,0.8,Track 13,Standby,405,0,0,0
2025-07-21,16,100094,16,108,254,Closed,Medium,Clean,False,1.2,Track 5,Standby,378,0,0,0
2025-07-21,17,192674,37,108,187,Closed,Medium,Clean,False,0.7,Track 7,Standby,332,0,0,0
2025-07-21,18,71496,4,80,96,Closed,Medium,Clean,False,1.1,Track 13,Standby,180,1,0,0
2025-07-21,19,206589,45,60,33,Closed,High,Clean,False,9.2,Track 5,Inducted,138,0,0,0
2025-07-21,20,160685,27,143,109,Closed,Low,Clean,False,11.3,Track 6,Inducted,279,0,0,0
2025-07-21,21,81573,73,21,251,Closed,Medium,Clean,False,1.4,Track 11,Standby,345,0,0,0
2025-07-21,22,135745,59,160,154,Closed,High,Clean,False,0.7,Track 10,Standby,373,0,0,0
2025-07-21,23,169830,16,25,329,Closed,High,Clean,False,12.5,Track 8,Inducted,370,0,0,0
2025-07-21,24,142287,10,84,213,Closed,Medium,Clean,False,1.2,Track 4,Standby,307,0,0,0
2025-07-21,25,87064,43,97,33,Closed,Low,Clean,False,8.8,Track 5,Inducted,173,0,0,0
2025-07-22,1,145490,60,92,82,Closed,Low,Clean,False,1.2,Track 14,Standby,234,0,0,1
2025-07-22,2,114764,83,107,89,Open,Low,Clean,False,0.0,Track 9,Maintenance,279,0,1,1
2025-07-22,3,113772,25,24,153,Open,Low,Clean,False,0.0,Track 9,Maintenance,202,0,1,1
2025-07-22,4,124751,74,99,7,Closed,High,Clean,False,12.2,Track 13,Inducted,180,1,0,1
2025-07-22,5,171451,34,90,178,Open,Medium,Clean,False,0.0,Track 7,Maintenance,302,0,1,1
2025-07-22,6,212341,71,29,12,Closed,Medium,Clean,False,0.6,Track 15,Standby,112,0,0,1
2025-07-22,7,142940,33,118,363,Open,High,Clean,False,0.0,Track 5,Maintenance,514,0,1,1
2025-07-22,8,212523,20,173,170,Closed,High,Clean,False,0.8,Track 5,Standby,363,0,0,1
2025-07-22,9,198863,1,43,26,Closed,Medium,Clean,False,1.2,Track 3,Standby,70,1,0,1
2025-07-22,10,202869,13,78,110,Closed,High,Clean,False,8.8,Track 14,Inducted,201,0,0,1
2025-07-22,11,176971,35,20,44,Open,Low,Clean,False,0.0,Track 10,Maintenance,99,0,1,1
2025-07-22,12,103751,14,13,92,Open,Medium,Clean,False,0.0,Track 3,Maintenance,119,0,1,1
2025-07-22,13,155929,75,161,60,Closed,Low,Clean,False,9.7,Track 9,Inducted,296,0,0,1
2025-07-22,14,205102,80,59,114,Open,Low,Clean,False,0.0,Track 14,Maintenance,253,0,1,1
2025-07-22,15,73162,37,27,338,Closed,High,Clean,False,10.3,Track 10,Inducted,402,0,0,1
2025-07-22,16,100495,15,107,253,Closed,Medium,Clean,False,10.0,Track 2,Inducted,375,0,0,1
2025-07-22,17,192674,36,107,186,Closed,Medium,Clean,False,1.5,Track 9,Standby,329,0,0,1
2025-07-22,18,71496,3,79,95,Open,Medium,Clean,False,0.0,Track 15,Maintenance,177,1,1,1
2025-07-22,19,206617,44,59,32,Closed,High,Clean,False,0.8,Track 4,Standby,135,0,0,1
2025-07-22,20,161104,26,142,108,Closed,Low,Clean,False,13.3,Track 11,Inducted,276,0,0,1
2025-07-22,21,81921,72,20,250,Closed,Medium,Clean,False,10.4,Track 9,Inducted,342,0,0,1
2025-07-22,22,135747,58,159,153,Closed,High,Clean,False,1.3,Track 9,Standby,370,0,0,1
2025-07-22,23,170202,15,24,328,Closed,High,Clean,False,9.8,Track 15,Inducted,367,0,0,1
2025-07-22,24,142883,9,83,212,Closed,Medium,Clean,False,8.2,Track 13,Inducted,304,0,0,1
2025-07-22,25,87064,42,96,32,Open,Low,Clean,False,0.0,Track 11,Maintenance,170,0,1,1
2025-07-23,1,145490,59,91,81,Open,Low,Clean,False,0.0,Track 4,Maintenance,231,0,1,2
2025-07-23,2,115271,82,106,88,Closed,Low,Clean,False,9.5,Track 5,Inducted,276,0,0,2
2025-07-23,3,113788,24,23,152,Closed,Low,Clean,False,1.2,Track 15,Standby,199,0,0,2
2025-07-23,4,125165,73,98,6,Closed,High,Clean,False,12.4,Track 12,Inducted,177,1,0,2
2025-07-23,5,171471,33,89,177,Closed,Medium,Clean,False,1.0,Track 15,Standby,299,0,0,2
2025-07-23,6,212823,70,28,11,Closed,Medium,Clean,False,9.8,Track 4,Inducted,109,0,0,2
2025-07-23,7,142940,32,117,362,Open,High,Clean,False,0.0,Track 9,Maintenance,511,0,1,2
2025-07-23,8,212532,19,172,169,Closed,High,Scheduled,True,1.3,Track 3,Standby,360,0,0,2
2025-07-23,9,199199,90,42,25,Closed,Medium,Clean,False,12.3,Track 3,Inducted,157,0,0,2
2025-07-23,10,202872,12,77,109,Closed,High,Clean,False,0.6,Track 11,Standby,198,0,0,2
2025-07-23,11,177348,34,19,43,Closed,Low,Clean,False,9.3,Track 15,Inducted,96,0,0,2
2025-07-23,12,103773,13,12,91,Closed,Medium,Scheduled,True,0.8,Track 10,Standby,116,0,0,2
2025-07-23,13,155942,74,160,59,Closed,Low,Clean,False,1.3,Track 6,Standby,293,0,0,2
2025-07-23,14,205114,79,58,113,Closed,Low,Clean,False,1.1,Track 6,Standby,250,0,0,2
2025-07-23,15,73162,36,26,337,Open,High,Clean,False,0.0,Track 6,Maintenance,399,0,1,2
2025-07-23,16,100495,14,106,252,Open,Medium,Clean,False,0.0,Track 3,Maintenance,372,0,1,2
2025-07-23,17,193193,35,106,185,Closed,Medium,Clean,False,11.5,Track 12,Inducted,326,0,0,2
2025-07-23,18,71526,2,78,94,Closed,Medium,Clean,False,0.8,Track 12,Standby,174,1,0,2
2025-07-23,19,206617,43,58,31,Open,High,Clean,False,0.0,Track 13,Maintenance,132,0,1,2
2025-07-23,20,161127,25,141,107,Closed,Low,Clean,False,0.8,Track 7,Standby,273,0,0,2
2025-07-23,21,81921,71,19,249,Open,Medium,Clean,False,0.0,Track 2,Maintenance,339,0,1,2
2025-07-23,22,135787,57,158,152,Closed,High,Clean,False,1.1,Track 3,Standby,367,0,0,2
2025-07-23,23,170202,14,23,327,Open,High,Clean,False,0.0,Track 13,Maintenance,364,0,1,2
2025-07-23,24,142883,8,82,211,Open,Medium,Clean,False,0.0,Track 13,Maintenance,301,0,1,2
2025-07-23,25,87086,41,95,31,Closed,Low,Clean,False,0.8,Track 13,Standby,167,0,0,2
2025-07-24,1,145490,58,90,80,Open,Low,Clean,False,0.0,Track 4,Maintenance,228,0,1,3
2025-07-24,2,115271,81,105,87,Open,Low,Clean,False,0.0,Track 4,Maintenance,273,0,1,3
2025-07-24,3,113788,23,22,151,Open,Low,Clean,False,0.0,Track 9,Maintenance,196,0,1,3
2025-07-24,4,125575,72,97,5,Closed,High,Clean,False,13.9,Track 1,Inducted,174,1,0,3
2025-07-24,5,171471,32,88,176,Open,Medium,Clean,False,0.0,Track 6,Maintenance,296,0,1,3
2025-07-24,6,213348,69,27,10,Closed,Medium,Clean,False,9.9,Track 4,Inducted,106,0,0,3
2025-07-24,7,142965,31,116,361,Closed,High,Clean,False,0.7,Track 1,Standby,508,0,0,3
2025-07-24,8,212532,18,171,168,Open,High,Clean,False,0.0,Track 4,Maintenance,357,0,1,3
2025-07-24,9,199244,89,41,24,Closed,Medium,Clean,False,1.3,Track 7,Standby,154,0,0,3
2025-07-24,10,203263,11,76,108,Closed,High,Clean,False,10.8,Track 7,Inducted,195,0,0,3
2025-07-24,11,177766,33,18,42,Closed,Low,Clean,False,9.8,Track 12,Inducted,93,0,0,3
2025-07-24,12,103781,12,11,90,Closed,Medium,Clean,False,1.1,Track 8,Standby,113,0,0,3
2025-07-24,13,156483,73,159,58,Closed,Low,Clean,False,13.4,Track 7,Inducted,290,0,0,3
2025-07-24,14,205150,78,57,112,Closed,Low,Clean,False,1.4,Track 5,Standby,247,0,0,3
2025-07-24,15,73629,35,25,336,Closed,High,Clean,False,9.5,Track 5,Inducted,396,0,0,3
2025-07-24,16,100802,13,105,251,Closed,Medium,Clean,False,9.1,Track 9,Inducted,369,0,0,3
2025-07-24,17,193660,34,105,184,Closed,Medium,Clean,False,8.7,Track 8,Inducted,323,0,0,3
2025-07-24,18,71546,1,77,93,Closed,Medium,Clean,False,1.1,Track 8,Standby,171,1,0,3
2025-07-24,19,206617,42,57,30,Open,High,Clean,False,0.0,Track 2,Maintenance,129,0,1,3
2025-07-24,20,161127,24,140,106,Open,Low,Clean,False,0.0,Track 1,Maintenance,270,0,1,3
2025-07-24,21,81921,70,18,248,Open,Medium,Clean,False,0.0,Track 11,Maintenance,336,0,1,3
2025-07-24,22,135787,56,157,151,Open,High,Clean,False,0.0,Track 14,Maintenance,364,0,1,3
2025-07-24,23,170229,13,22,326,Closed,High,Clean,False,0.6,Track 15,Standby,361,0,0,3
2025-07-24,24,142883,7,81,210,Open,Medium,Clean,False,0.0,Track 13,Maintenance,298,1,1,3
2025-07-24,25,87588,40,94,30,Closed,Low,Clean,False,11.6,Track 2,Inducted,164,0,0,3
2025-07-25,1,145490,57,89,79,Open,Low,Clean,False,0.0,Track 1,Maintenance,225,0,1,4
2025-07-25,2,115271,80,104,86,Closed,Low,Clean,False,1.4,Track 9,Standby,270,0,0,4
2025-07-25,3,113808,22,21,150,Closed,Low,Clean,False,1.2,Track 1,Standby,193,0,0,4
2025-07-25,4,125892,71,96,4,Closed,High,Clean,False,10.5,Track 14,Inducted,171,1,0,4
2025-07-25,5,171508,31,87,175,Closed,Medium,Clean,False,1.0,Track 10,Standby,293,0,0,4
2025-07-25,6,213366,68,26,9,Closed,Medium,Clean,False,1.5,Track 5,Standby,103,0,0,4
2025-07-25,7,142965,30,115,360,Open,High,Clean,False,0.0,Track 13,Maintenance,505,0,1,4
2025-07-25,8,212532,17,170,167,Open,High,Clean,False,0.0,Track 12,Maintenance,354,0,1,4
2025-07-25,9,199826,88,40,23,Closed,Medium,Clean,False,13.1,Track 12,Inducted,151,0,0,4
2025-07-25,10,203618,10,75,107,Closed,High,Clean,False,9.7,Track 1,Inducted,192,0,0,4
2025-07-25,11,177766,32,17,41,Open,Low,Clean,False,0.0,Track 11,Maintenance,90,0,1,4
2025-07-25,12,104206,11,10,89,Closed,Medium,Clean,False,8.8,Track 11,Inducted,110,0,0,4
2025-07-25,13,156483,72,158,57,Open,Low,Clean,False,0.0,Track 4,Maintenance,287,0,1,4
2025-07-25,14,205151,77,56,111,Closed,Low,Clean,False,0.6,Track 2,Standby,244,0,0,4
2025-07-25,15,73629,34,24,335,Open,High,Scheduled,True,0.0,Track 14,Maintenance,393,0,1,4
2025-07-25,16,100809,12,104,250,Closed,Medium,Clean,False,0.7,Track 12,Standby,366,0,0,4
2025-07-25,17,193660,33,104,183,Open,Medium,Clean,False,0.0,Track 14,Maintenance,320,0,1,4
2025-07-25,18,71566,90,76,92,Closed,Medium,Clean,False,0.9,Track 4,Standby,258,0,0,4
2025-07-25,19,207141,41,56,29,Closed,High,Clean,False,12.0,Track 13,Inducted,126,0,0,4
2025-07-25,20,161533,23,139,105,Closed,Low,Clean,False,9.3,Track 7,Inducted,267,0,0,4
2025-07-25,21,81921,69,17,247,Open,Medium,Clean,False,0.0,Track 4,Maintenance,333,0,1,4
2025-07-25,22,135804,55,156,150,Closed,High,Clean,False,1.0,Track 12,Standby,361,0,0,4
2025-07-25,23,170562,12,21,325,Closed,High,Clean,False,12.0,Track 15,Inducted,358,0,0,4
2025-07-25,24,142902,6,80,209,Closed,Medium,Clean,False,1.4,Track 5,Standby,295,1,0,4
2025-07-25,25,87588,39,93,29,Open,Low,Clean,False,0.0,Track 2,Maintenance,161,0,1,4
2025-07-26,1,145490,56,88,78,Open,Low,Clean,False,0.0,Track 3,Maintenance,222,0,1,5
2025-07-26,2,115284,79,103,85,Closed,Low,Clean,False,1.2,Track 12,Standby,267,0,0,5
2025-07-26,3,114266,21,20,149,Closed,Low,Clean,False,13.1,Track 9,Inducted,190,0,0,5
2025-07-26,4,125893,70,95,3,Closed,High,Clean,False,1.5,Track 12,Standby,168,1,0,5
2025-07-26,5,172032,30,86,174,Closed,Medium,Clean,False,10.4,Track 9,Inducted,290,0,0,5
2025-07-26,6,213383,67,25,8,Closed,Medium,Clean,False,0.6,Track 13,Standby,100,0,0,5
2025-07-26,7,143354,29,114,359,Closed,High,Clean,False,11.1,Track 6,Inducted,502,0,0,5
2025-07-26,8,212532,16,169,166,Open,High,Clean,False,0.0,Track 7,Maintenance,351,0,1,5
2025-07-26,9,199826,87,39,22,Open,Medium,Clean,False,0.0,Track 9,Maintenance,148,0,1,5
2025-07-26,10,204127,9,74,106,Closed,High,Clean,False,12.4,Track 2,Inducted,189,0,0,5
2025-07-26,11,178156,31,16,40,Closed,Low,Clean,False,8.7,Track 13,Inducted,87,0,0,5
2025-07-26,12,104206,10,9,88,Open,Medium,Clean,False,0.0,Track 15,Maintenance,107,0,1,5
2025-07-26,13,156532,71,157,56,Closed,Low,Scheduled,True,0.5,Track 9,Standby,284,0,0,5
2025-07-26,14,205579,76,55,110,Closed,Low,Clean,False,12.2,Track 8,Inducted,241,0,0,5
2025-07-26,15,73630,33,23,334,Closed,High,Scheduled,True,1.3,Track 12,Standby,390,0,0,5
2025-07-26,16,101382,11,103,249,Closed,Medium,Clean,False,8.2,Track 12,Inducted,363,0,0,5
2025-07-26,17,193706,32,103,182,Closed,Medium,Clean,False,0.9,Track 8,Standby,317,0,0,5
2025-07-26,18,71571,89,75,91,Closed,Medium,Clean,False,1.0,Track 11,Standby,255,0,0,5
2025-07-26,19,207159,40,55,28,Closed,High,Clean,False,1.4,Track 13,Standby,123,0,0,5
2025-07-26,20,161541,22,138,104,Closed,Low,Clean,False,0.5,Track 5,Standby,264,0,0,5
2025-07-26,21,81959,68,16,246,Closed,Medium,Clean,False,1.5,Track 8,Standby,330,0,0,5
2025-07-26,22,136122,54,155,149,Closed,High,Clean,False,12.2,Track 6,Inducted,358,0,0,5
2025-07-26,23,170577,11,20,324,Closed,High,Clean,False,0.7,Track 13,Standby,355,0,0,5
2025-07-26,24,143309,5,79,208,Closed,Medium,Clean,False,13.6,Track 11,Inducted,292,1,0,5
2025-07-26,25,87940,38,92,28,Closed,Low,Clean,False,12.5,Track 13,Inducted,158,0,0,5
2025-07-27,1,145490,55,87,77,Open,Low,Clean,False,0.0,Track 2,Maintenance,219,0,1,6
2025-07-27,2,115284,78,102,84,Open,Low,Clean,False,0.0,Track 8,Maintenance,264,0,1,6
2025-07-27,3,114654,20,19,148,Closed,Low,Clean,False,9.1,Track 3,Inducted,187,0,0,6
2025-07-27,4,125927,69,94,2,Closed,High,Clean,False,0.6,Track 9,Standby,165,1,0,6
2025-07-27,5,172578,29,85,173,Closed,Medium,Clean,False,8.9,Track 12,Inducted,287,0,0,6
2025-07-27,6,213383,66,24,7,Open,Medium,Clean,False,0.0,Track 7,Maintenance,97,1,1,6
2025-07-27,7,143387,28,113,358,Closed,High,Clean,False,0.7,Track 9,Standby,499,0,0,6
2025-07-27,8,212532,15,168,165,Open,High,Clean,False,0.0,Track 11,Maintenance,348,0,1,6
2025-07-27,9,199832,86,38,21,Closed,Medium,Clean,False,0.9,Track 12,Standby,145,0,0,6
2025-07-27,10,204493,8,73,105,Closed,High,Clean,False,10.7,Track 4,Inducted,186,0,0,6
2025-07-27,11,178204,30,15,39,Closed,Low,Clean,False,0.7,Track 11,Standby,84,0,0,6
2025-07-27,12,104206,9,8,87,Open,Medium,Clean,False,0.0,Track 3,Maintenance,104,0,1,6
2025-07-27,13,156563,70,156,55,Closed,Low,Clean,False,1.2,Track 11,Standby,281,0,0,6
2025-07-27,14,205590,75,54,109,Closed,Low,Clean,False,1.3,Track 14,Standby,238,0,0,6
2025-07-27,15,74165,32,22,333,Closed,High,Clean,False,8.0,Track 6,Inducted,387,0,0,6
2025-07-27,16,101739,10,102,248,Closed,Medium,Clean,False,10.0,Track 6,Inducted,360,0,0,6
2025-07-27,17,193721,31,102,181,Closed,Medium,Clean,False,0.5,Track 12,Standby,314,0,0,6
2025-07-27,18,71942,88,74,90,Closed,Medium,Clean,False,11.3,Track 1,Inducted,252,0,0,6
2025-07-27,19,207496,39,54,27,Closed,High,Clean,False,12.3,Track 11,Inducted,120,0,0,6
2025-07-27,20,161589,21,137,103,Closed,Low,Clean,False,1.3,Track 10,Standby,261,0,0,6
2025-07-27,21,81973,67,15,245,Closed,Medium,Clean,False,0.7,Track 5,Standby,327,0,0,6
2025-07-27,22,136447,53,154,148,Closed,High,Clean,False,12.4,Track 14,Inducted,355,0,0,6
2025-07-27,23,170577,10,19,323,Open,High,Clean,False,0.0,Track 8,Maintenance,352,0,1,6
2025-07-27,24,143352,4,78,207,Closed,Medium,Clean,False,1.1,Track 9,Standby,289,1,0,6
2025-07-27,25,87981,37,91,27,Closed,Low,Clean,False,0.7,Track 3,Standby,155,0,0,6
2025-07-28,1,145490,54,86,76,Open,Low,Clean,False,0.0,Track 9,Maintenance,216,0,1,0
2025-07-28,2,115657,77,101,83,Closed,Low,Clean,False,10.7,Track 13,Inducted,261,0,0,0
2025-07-28,3,114654,19,18,147,Open,Low,Clean,False,0.0,Track 1,Maintenance,184,0,1,0
2025-07-28,4,126420,68,93,1,Closed,High,Clean,False,9.4,Track 4,Inducted,162,1,0,0
2025-07-28,5,172591,28,84,172,Closed,Medium,Scheduled,True,1.5,Track 11,Standby,284,0,0,0
2025-07-28,6,213383,65,23,6,Open,Medium,Clean,True,0.0,Track 2,Maintenance,94,1,1,0
2025-07-28,7,143408,27,112,357,Closed,High,Clean,False,1.3,Track 11,Standby,496,0,0,0
2025-07-28,8,213055,14,167,164,Closed,High,Clean,False,8.6,Track 12,Inducted,345,0,0,0
2025-07-28,9,199874,85,37,20,Closed,Medium,Clean,False,0.9,Track 7,Standby,142,0,0,0
2025-07-28,10,204493,7,72,104,Open,High,Clean,False,0.0,Track 14,Maintenance,183,1,1,0
2025-07-28,11,178222,29,14,38,Closed,Low,Clean,False,1.3,Track 12,Standby,81,0,0,0
2025-07-28,12,104206,8,7,86,Open,Medium,Clean,False,0.0,Track 13,Maintenance,101,1,1,0
2025-07-28,13,157043,69,155,54,Closed,Low,Clean,False,11.1,Track 8,Inducted,278,0,0,0
2025-07-28,14,206086,74,53,108,Closed,Low,Clean,False,11.3,Track 12,Inducted,235,0,0,0
2025-07-28,15,74191,31,21,332,Closed,High,Clean,False,0.9,Track 3,Standby,384,0,0,0
2025-07-28,16,102329,9,101,247,Closed,Medium,Clean,False,9.2,Track 14,Inducted,357,0,0,0
2025-07-28,17,193721,30,101,180,Open,Medium,Clean,False,0.0,Track 15,Maintenance,311,0,1,0
2025-07-28,18,72259,87,73,89,Closed,Medium,Clean,False,11.7,Track 7,Inducted,249,0,0,0
2025-07-28,19,207830,38,53,26,Closed,High,Clean,False,8.5,Track 3,Inducted,117,0,0,0
2025-07-28,20,162047,20,136,102,Closed,Low,Clean,False,12.2,Track 7,Inducted,258,0,0,0
2025-07-28,21,81973,66,14,244,Open,Medium,Clean,False,0.0,Track 2,Maintenance,324,0,1,0
2025-07-28,22,136490,52,153,147,Closed,High,Clean,False,0.8,Track 4,Standby,352,0,0,0
2025-07-28,23,171111,9,18,322,Closed,High,Clean,False,10.5,Track 3,Inducted,349,0,0,0
2025-07-28,24,143352,3,77,206,Open,Medium,Clean,False,0.0,Track 6,Maintenance,286,1,1,0
2025-07-28,25,88522,36,90,26,Closed,Low,Clean,False,13.2,Track 2,Inducted,152,0,0,0
2025-07-29,1,146073,53,85,75,Closed,Low,Clean,False,9.4,Track 7,Inducted,213,0,0,1
2025-07-29,2,116235,76,100,82,Closed,Low,Clean,False,11.4,Track 12,Inducted,258,0,0,1
2025-07-29,3,114668,18,17,146,Closed,Low,Clean,False,0.8,Track 8,Standby,181,0,0,1
2025-07-29,4,126460,67,92,365,Closed,High,Clean,False,1.0,Track 13,Standby,524,0,0,1
2025-07-29,5,172910,27,83,171,Closed,Medium,Clean,False,13.1,Track 15,Inducted,281,0,0,1
2025-07-29,6,213863,64,22,5,Closed,Medium,Clean,True,10.5,Track 2,Inducted,91,1,0,1
2025-07-29,7,143408,26,111,356,Open,High,Clean,False,0.0,Track 9,Maintenance,493,0,1,1
2025-07-29,8,213568,13,166,163,Closed,High,Clean,False,11.3,Track 14,Inducted,342,0,0,1
2025-07-29,9,199924,84,36,19,Closed,Medium,Clean,False,1.0,Track 15,Standby,139,0,0,1
2025-07-29,10,204493,6,71,103,Open,High,Clean,False,0.0,Track 14,Maintenance,180,1,1,1
2025-07-29,11,178263,28,13,37,Closed,Low,Scheduled,True,1.5,Track 15,Standby,78,0,0,1
2025-07-29,12,104206,7,6,85,Open,Medium,Clean,False,0.0,Track 7,Maintenance,98,1,1,1
2025-07-29,13,157057,68,154,53,Closed,Low,Clean,False,1.2,Track 14,Standby,275,0,0,1
2025-07-29,14,206096,73,52,107,Closed,Low,Clean,False,0.7,Track 9,Standby,232,0,0,1
2025-07-29,15,74191,30,20,331,Open,High,Clean,False,0.0,Track 10,Maintenance,381,0,1,1
2025-07-29,16,102329,8,100,246,Open,Medium,Clean,False,0.0,Track 2,Maintenance,354,0,1,1
2025-07-29,17,193767,29,100,179,Closed,Medium,Clean,False,1.2,Track 14,Standby,308,0,0,1
2025-07-29,18,72855,86,72,88,Closed,Medium,Clean,False,11.7,Track 10,Inducted,246,0,0,1
2025-07-29,19,207859,37,52,25,Closed,High,Clean,False,1.2,Track 2,Standby,114,0,0,1
2025-07-29,20,162051,19,135,101,Closed,Low,Clean,False,1.3,Track 12,Standby,255,0,0,1
2025-07-29,21,82452,65,13,243,Closed,Medium,Clean,False,8.4,Track 2,Inducted,321,0,0,1
2025-07-29,22,136537,51,152,146,Closed,High,Clean,False,1.2,Track 14,Standby,349,0,0,1
2025-07-29,23,171418,8,17,321,Closed,High,Clean,False,8.6,Track 8,Inducted,346,0,0,1
2025-07-29,24,143734,2,76,205,Closed,Medium,Clean,False,13.1,Track 2,Inducted,283,1,0,1
2025-07-29,25,88536,35,89,25,Closed,Low,Clean,False,0.9,Track 8,Standby,149,0,0,1
2025-07-30,1,146115,52,84,74,Closed,Low,Clean,False,1.3,Track 9,Standby,210,0,0,2
2025-07-30,2,116235,75,99,81,Open,Low,Clean,False,0.0,Track 11,Maintenance,255,0,1,2
2025-07-30,3,114668,17,16,145,Open,Low,Clean,False,0.0,Track 5,Maintenance,178,0,1,2
2025-07-30,4,126460,66,91,364,Open,High,Clean,False,0.0,Track 3,Maintenance,521,0,1,2
2025-07-30,5,172910,26,82,170,Open,Medium,Clean,False,0.0,Track 13,Maintenance,278,0,1,2
2025-07-30,6,213881,63,21,4,Closed,Medium,Scheduled,True,0.7,Track 1,Standby,88,1,0,2
2025-07-30,7,143424,25,110,355,Closed,High,Clean,False,1.3,Track 9,Standby,490,0,0,2
2025-07-30,8,213607,12,165,162,Closed,High,Clean,False,1.4,Track 3,Standby,339,0,0,2
2025-07-30,9,199924,83,35,18,Open,Medium,Clean,False,0.0,Track 11,Maintenance,136,0,1,2
2025-07-30,10,204992,5,70,102,Closed,High,Clean,False,12.6,Track 10,Inducted,177,1,0,2
2025-07-30,11,178668,27,12,36,Closed,Low,Clean,False,13.3,Track 10,Inducted,75,0,0,2
2025-07-30,12,104678,6,5,84,Closed,Medium,Clean,False,10.8,Track 6,Inducted,95,1,0,2
2025-07-30,13,157057,67,153,52,Open,Low,Clean,False,0.0,Track 14,Maintenance,272,0,1,2
2025-07-30,14,206128,72,51,106,Closed,Low,Clean,False,1.0,Track 12,Standby,229,0,0,2
2025-07-30,15,74191,29,19,330,Open,High,Clean,False,0.0,Track 15,Maintenance,378,0,1,2
2025-07-30,16,102329,7,99,245,Open,Medium,Clean,False,0.0,Track 1,Maintenance,351,1,1,2
2025-07-30,17,194318,28,99,178,Closed,Medium,Clean,False,9.8,Track 12,Inducted,305,0,0,2
2025-07-30,18,72855,85,71,87,Open,Medium,Clean,False,0.0,Track 1,Maintenance,243,0,1,2
2025-07-30,19,207859,36,51,24,Open,High,Clean,False,0.0,Track 9,Maintenance,111,0,1,2
2025-07-30,20,162093,18,134,100,Closed,Low,Clean,False,0.7,Track 9,Standby,252,0,0,2
2025-07-30,21,82860,64,12,242,Closed,Medium,Clean,False,13.8,Track 14,Inducted,318,0,0,2
2025-07-30,22,136537,50,151,145,Open,High,Clean,False,0.0,Track 2,Maintenance,346,0,1,2
2025-07-30,23,171418,7,16,320,Open,High,Clean,False,0.0,Track 8,Maintenance,343,1,1,2
2025-07-30,24,143770,1,75,204,Closed,Medium,Clean,False,1.0,Track 13,Standby,280,1,0,2
2025-07-30,25,88546,34,88,24,Closed,Low,Clean,False,1.1,Track 15,Standby,146,0,0,2
2025-07-31,1,146137,51,83,73,Closed,Low,Clean,False,0.6,Track 10,Standby,207,0,0,3
2025-07-31,2,116265,74,98,80,Closed,Low,Clean,False,0.7,Track 11,Standby,252,0,0,3
2025-07-31,3,115149,16,15,144,Closed,Low,Clean,False,8.1,Track 14,Inducted,175,0,0,3
2025-07-31,4,126487,65,90,363,Closed,High,Clean,False,0.7,Track 15,Standby,518,0,0,3
2025-07-31,5,173364,25,81,169,Closed,Medium,Clean,False,8.4,Track 14,Inducted,275,0,0,3
2025-07-31,6,213929,62,20,3,Closed,Medium,Clean,False,0.8,Track 8,Standby,85,1,0,3
2025-07-31,7,143457,24,109,354,Closed,High,Clean,False,1.5,Track 12,Standby,487,0,0,3
2025-07-31,8,213607,11,164,161,Open,High,Clean,False,0.0,Track 6,Maintenance,336,0,1,3
2025-07-31,9,200436,82,34,17,Closed,Medium,Clean,False,11.4,Track 15,Inducted,133,0,0,3
2025-07-31,10,204992,4,69,101,Open,High,Clean,False,0.0,Track 12,Maintenance,174,1,1,3
2025-07-31,11,178971,26,11,35,Closed,Low,Clean,False,10.1,Track 3,Inducted,72,0,0,3
2025-07-31,12,104697,5,4,83,Closed,Medium,Clean,False,0.5,Track 10,Standby,92,1,0,3
2025-07-31,13,157061,66,152,51,Closed,Low,Clean,False,1.5,Track 14,Standby,269,0,0,3
2025-07-31,14,206154,71,50,105,Closed,Low,Clean,False,1.1,Track 9,Standby,226,0,0,3
2025-07-31,15,74191,28,18,329,Open,High,Clean,False,0.0,Track 4,Maintenance,375,0,1,3
2025-07-31,16,102329,6,98,244,Open,Medium,Clean,False,0.0,Track 1,Maintenance,348,1,1,3
2025-07-31,17,194343,27,98,177,Closed,Medium,Clean,False,0.8,Track 11,Standby,302,0,0,3
2025-07-31,18,73236,84,70,86,Closed,Medium,Clean,False,8.1,Track 15,Inducted,240,0,0,3
2025-07-31,19,207864,35,50,23,Closed,High,Clean,False,0.9,Track 12,Standby,108,0,0,3
2025-07-31,20,162093,17,133,99,Open,Low,Clean,False,0.0,Track 13,Maintenance,249,0,1,3
2025-07-31,21,82879,63,11,241,Closed,Medium,Clean,False,1.3,Track 10,Standby,315,0,0,3
2025-07-31,22,136956,49,150,144,Closed,High,Clean,False,10.8,Track 11,Inducted,343,0,0,3
2025-07-31,23,171421,6,15,319,Closed,High,Clean,False,0.9,Track 11,Standby,340,1,0,3
2025-07-31,24,143770,90,74,203,Open,Medium,Clean,False,0.0,Track 1,Maintenance,367,0,1,3
2025-07-31,25,88976,33,87,23,Closed,Low,Clean,False,9.9,Track 9,Inducted,143,0,0,3
2025-08-01,1,146542,50,82,72,Closed,Low,Clean,False,10.3,Track 6,Inducted,204,0,0,4
2025-08-01,2,116651,73,97,79,Closed,Low,Clean,False,9.3,Track 10,Inducted,249,0,0,4
2025-08-01,3,115723,15,14,143,Closed,Low,Clean,False,13.9,Track 11,Inducted,172,0,0,4
2025-08-01,4,126487,64,89,362,Open,High,Clean,False,0.0,Track 11,Maintenance,515,0,1,4
2025-08-01,5,173677,24,80,168,Closed,Medium,Clean,False,10.0,Track 1,Inducted,272,0,0,4
2025-08-01,6,213954,61,19,2,Closed,Medium,Clean,False,1.3,Track 6,Standby,82,1,0,4
2025-08-01,7,143950,23,108,353,Closed,High,Clean,False,13.5,Track 3,Inducted,484,0,0,4
2025-08-01,8,213641,10,163,160,Closed,High,Clean,False,1.4,Track 4,Standby,333,0,0,4
2025-08-01,9,200436,81,33,16,Open,Medium,Scheduled,True,0.0,Track 9,Maintenance,130,0,1,4
2025-08-01,10,205421,3,68,100,Closed,High,Clean,False,9.5,Track 14,Inducted,171,1,0,4
2025-08-01,11,179271,25,10,34,Closed,Low,Clean,False,12.0,Track 3,Inducted,69,0,0,4
2025-08-01,12,104697,4,3,82,Open,Medium,Clean,False,0.0,Track 4,Maintenance,89,1,1,4
2025-08-01,13,157061,65,151,50,Open,Low,Clean,False,0.0,Track 11,Maintenance,266,0,1,4
2025-08-01,14,206168,70,49,104,Closed,Low,Clean,False,0.5,Track 14,Standby,223,0,0,4
2025-08-01,15,74495,27,17,328,Closed,High,Clean,False,8.8,Track 6,Inducted,372,0,0,4
2025-08-01,16,102369,5,97,243,Closed,Medium,Clean,False,1.1,Track 3,Standby,345,1,0,4
2025-08-01,17,194344,26,97,176,Closed,Medium,Clean,True,1.5,Track 12,Standby,299,0,0,4
2025-08-01,18,73242,83,69,85,Closed,Medium,Clean,False,0.8,Track 6,Standby,237,0,0,4
2025-08-01,19,207865,34,49,22,Closed,High,Clean,False,0.5,Track 8,Standby,105,0,0,4
2025-08-01,20,162134,16,132,98,Closed,Low,Scheduled,True,0.6,Track 7,Standby,246,0,0,4
2025-08-01,21,83460,62,10,240,Closed,Medium,Clean,False,10.9,Track 14,Inducted,312,0,0,4
2025-08-01,22,137443,48,149,143,Closed,High,Clean,False,10.4,Track 6,Inducted,340,0,0,4
2025-08-01,23,171996,5,14,318,Closed,High,Clean,False,11.1,Track 4,Inducted,337,1,0,4
2025-08-01,24,144174,89,73,202,Closed,Medium,Clean,False,10.1,Track 14,Inducted,364,0,0,4
2025-08-01,25,89302,32,86,22,Closed,Low,Clean,False,12.4,Track 11,Inducted,140,0,0,4
2025-08-02,1,146548,49,81,71,Closed,Low,Clean,False,0.9,Track 13,Standby,201,0,0,5
2025-08-02,2,116673,72,96,78,Closed,Low,Scheduled,True,1.4,Track 1,Standby,246,0,0,5
2025-08-02,3,115742,14,13,142,Closed,Low,Clean,False,1.2,Track 11,Standby,169,0,0,5
2025-08-02,4,126500,63,88,361,Closed,High,Clean,False,1.3,Track 12,Standby,512,0,0,5
2025-08-02,5,173677,23,79,167,Open,Medium,Clean,False,0.0,Track 2,Maintenance,269,0,1,5
2025-08-02,6,214439,60,18,1,Closed,Medium,Clean,False,12.3,Track 15,Inducted,79,1,0,5
2025-08-02,7,143977,22,107,352,Closed,High,Clean,False,1.3,Track 14,Standby,481,0,0,5
2025-08-02,8,213641,9,162,159,Open,High,Clean,False,0.0,Track 9,Maintenance,330,0,1,5
2025-08-02,9,200448,80,32,15,Closed,Medium,Scheduled,True,1.3,Track 12,Standby,127,0,0,5
2025-08-02,10,205422,2,67,99,Closed,High,Clean,False,1.3,Track 7,Standby,168,1,0,5
2025-08-02,11,179294,24,9,33,Closed,Low,Clean,False,0.8,Track 5,Standby,66,0,0,5
2025-08-02,12,104737,3,2,81,Closed,Medium,Clean,False,0.7,Track 13,Standby,86,1,0,5
2025-08-02,13,157061,64,150,49,Open,Low,Clean,False,0.0,Track 15,Maintenance,263,0,1,5
2025-08-02,14,206168,69,48,103,Open,Low,Clean,False,0.0,Track 13,Maintenance,220,0,1,5
2025-08-02,15,74510,26,16,327,Closed,High,Clean,False,0.9,Track 7,Standby,369,0,0,5
2025-08-02,16,102966,4,96,242,Closed,Medium,Clean,False,8.9,Track 12,Inducted,342,1,0,5
2025-08-02,17,194372,25,96,175,Closed,Medium,Scheduled,True,0.7,Track 7,Standby,296,0,0,5
2025-08-02,18,73263,82,68,84,Closed,Medium,Clean,False,1.3,Track 4,Standby,234,0,0,5
2025-08-02,19,208300,33,48,21,Closed,High,Clean,True,8.6,Track 5,Inducted,102,0,0,5
2025-08-02,20,162607,15,131,97,Closed,Low,Clean,False,8.1,Track 6,Inducted,243,0,0,5
2025-08-02,21,83504,61,9,239,Closed,Medium,Clean,False,1.0,Track 13,Standby,309,0,0,5
2025-08-02,22,137443,47,148,142,Open,High,Clean,False,0.0,Track 8,Maintenance,337,0,1,5
2025-08-02,23,172430,4,13,317,Closed,High,Clean,False,12.1,Track 3,Inducted,334,1,0,5
2025-08-02,24,144205,88,72,201,Closed,Medium,Clean,False,1.1,Track 12,Standby,361,0,0,5
2025-08-02,25,89670,31,85,21,Closed,Low,Clean,False,11.6,Track 3,Inducted,137,0,0,5
2025-08-03,1,146548,48,80,70,Open,Low,Clean,False,0.0,Track 3,Maintenance,198,0,1,6
2025-08-03,2,116700,71,95,77,Closed,Low,Clean,False,1.2,Track 4,Standby,243,0,0,6
2025-08-03,3,116263,13,12,141,Closed,Low,Clean,False,9.3,Track 4,Inducted,166,0,0,6
2025-08-03,4,126500,62,87,360,Open,High,Clean,False,0.0,Track 2,Maintenance,509,0,1,6
2025-08-03,5,174147,22,78,166,Closed,Medium,Clean,False,9.8,Track 9,Inducted,266,0,0,6
2025-08-03,6,214458,59,17,365,Closed,Medium,Clean,False,0.7,Track 3,Standby,441,0,0,6
2025-08-03,7,144322,21,106,351,Closed,High,Clean,False,10.9,Track 14,Inducted,478,0,0,6
2025-08-03,8,213974,8,161,158,Closed,High,Clean,False,9.7,Track 8,Inducted,327,0,0,6
2025-08-03,9,200459,79,31,14,Closed,Medium,Clean,False,0.9,Track 2,Standby,124,0,0,6
2025-08-03,10,206018,1,66,98,Closed,High,Clean,False,12.7,Track 6,Inducted,165,1,0,6
2025-08-03,11,179294,23,8,32,Open,Low,Clean,False,0.0,Track 2,Maintenance,63,0,1,6
2025-08-03,12,104766,2,1,80,Closed,Medium,Clean,False,1.2,Track 10,Standby,83,1,0,6
2025-08-03,13,157090,63,149,48,Closed,Low,Clean,False,1.1,Track 4,Standby,260,0,0,6
2025-08-03,14,206637,68,47,102,Closed,Low,Clean,False,10.4,Track 14,Inducted,217,0,0,6
2025-08-03,15,74522,25,15,326,Closed,High,Clean,False,0.8,Track 3,Standby,366,0,0,6
2025-08-03,16,103467,3,95,241,Closed,Medium,Clean,False,9.9,Track 5,Inducted,339,1,0,6
2025-08-03,17,194405,24,95,174,Closed,Medium,Clean,False,0.7,Track 13,Standby,293,0,0,6
2025-08-03,18,73277,81,67,83,Closed,Medium,Clean,False,0.9,Track 3,Standby,231,0,0,6
2025-08-03,19,208300,32,47,20,Open,High,Scheduled,True,0.0,Track 11,Maintenance,99,0,1,6
2025-08-03,20,162988,14,130,96,Closed,Low,Clean,False,11.2,Track 11,Inducted,240,0,0,6
2025-08-03,21,83878,60,8,238,Closed,Medium,Clean,False,11.6,Track 6,Inducted,306,0,0,6
2025-08-03,22,137763,46,147,141,Closed,High,Clean,False,9.6,Track 14,Inducted,334,0,0,6
2025-08-03,23,173009,3,12,316,Closed,High,Clean,False,13.5,Track 8,Inducted,331,1,0,6
2025-08-03,24,144582,87,71,200,Closed,Medium,Clean,False,8.1,Track 10,Inducted,358,0,0,6
2025-08-03,25,89670,30,84,20,Open,Low,Clean,False,0.0,Track 14,Maintenance,134,0,1,6
2025-08-04,1,146548,47,79,69,Closed,Low,Clean,False,1.0,Track 12,Standby,195,0,0,0
2025-08-04,2,116715,70,94,76,Closed,Low,Clean,False,0.7,Track 2,Standby,240,0,0,0
2025-08-04,3,116279,12,11,140,Closed,Low,Clean,False,0.6,Track 6,Standby,163,0,0,0
2025-08-04,4,126520,61,86,359,Closed,High,Scheduled,True,1.3,Track 13,Standby,506,0,0,0
2025-08-04,5,174584,21,77,165,Closed,Medium,Clean,False,9.7,Track 14,Inducted,263,0,0,0
2025-08-04,6,214458,58,16,364,Open,Medium,Clean,False,0.0,Track 2,Maintenance,438,0,1,0
2025-08-04,7,144362,20,105,350,Closed,High,Clean,False,0.5,Track 12,Standby,475,0,0,0
2025-08-04,8,213990,7,160,157,Closed,High,Clean,False,1.2,Track 10,Standby,324,1,0,0
2025-08-04,9,200860,78,30,13,Closed,Medium,Clean,False,11.2,Track 5,Inducted,121,0,0,0
2025-08-04,10,206038,90,65,97,Closed,High,Clean,False,1.4,Track 14,Standby,252,0,0,0
2025-08-04,11,179339,22,7,31,Closed,Low,Clean,False,0.6,Track 3,Standby,60,1,0,0
2025-08-04,12,105143,1,180,79,Closed,Medium,Clean,False,10.1,Track 1,Inducted,260,1,0,0
2025-08-04,13,157682,62,148,47,Closed,Low,Clean,False,9.9,Track 4,Inducted,257,0,0,0
2025-08-04,14,207162,67,46,101,Closed,Low,Clean,False,11.3,Track 8,Inducted,214,0,0,0
2025-08-04,15,74522,24,14,325,Open,High,Clean,False,0.0,Track 1,Maintenance,363,0,1,0
2025-08-04,16,103992,2,94,240,Closed,Medium,Clean,False,8.8,Track 10,Inducted,336,1,0,0
2025-08-04,17,194406,23,94,173,Closed,Medium,Clean,False,0.6,Track 1,Standby,290,0,0,0
2025-08-04,18,73277,80,66,82,Open,Medium,Clean,False,0.0,Track 15,Maintenance,228,0,1,0
2025-08-04,19,208347,31,46,19,Closed,High,Scheduled,True,0.7,Track 9,Standby,96,0,0,0
2025-08-04,20,162988,13,129,95,Open,Low,Clean,False,0.0,Track 15,Maintenance,237,0,1,0
2025-08-04,21,84202,59,7,237,Closed,Medium,Clean,False,9.2,Track 12,Inducted,303,1,0,0
2025-08-04,22,138105,45,146,140,Closed,High,Clean,False,10.5,Track 8,Inducted,331,0,0,0
2025-08-04,23,173009,2,11,315,Open,High,Clean,False,0.0,Track 1,Maintenance,328,1,1,0
2025-08-04,24,144936,86,70,199,Closed,Medium,Clean,False,8.2,Track 15,Inducted,355,0,0,0
2025-08-04,25,89670,29,83,19,Open,Low,Clean,False,0.0,Track 13,Maintenance,131,0,1,0
2025-08-05,1,147124,46,78,68,Closed,Low,Clean,False,10.3,Track 13,Inducted,192,0,0,1
2025-08-05,2,117156,69,93,75,Closed,Low,Clean,False,8.9,Track 3,Inducted,237,0,0,1
2025-08-05,3,116279,11,10,139,Open,Low,Clean,False,0.0,Track 10,Maintenance,160,0,1,1
2025-08-05,4,126569,60,85,358,Closed,High,Clean,False,1.0,Track 11,Standby,503,0,0,1
2025-08-05,5,174584,20,76,164,Open,Medium,Clean,False,0.0,Track 4,Maintenance,260,0,1,1
2025-08-05,6,214466,57,15,363,Closed,Medium,Clean,False,1.2,Track 11,Standby,435,0,0,1
2025-08-05,7,144362,19,104,349,Open,High,Clean,False,0.0,Track 12,Maintenance,472,0,1,1
2025-08-05,8,213990,6,159,156,Open,High,Clean,False,0.0,Track 4,Maintenance,321,1,1,1
2025-08-05,9,201308,77,29,12,Closed,Medium,Clean,False,9.8,Track 9,Inducted,118,0,0,1
2025-08-05,10,206038,89,64,96,Open,High,Clean,False,0.0,Track 9,Maintenance,249,0,1,1
2025-08-05,11,179651,21,6,30,Closed,Low,Clean,False,12.7,Track 9,Inducted,57,1,0,1
2025-08-05,12,105152,90,179,78,Closed,Medium,Clean,False,0.7,Track 2,Standby,347,0,0,1
2025-08-05,13,157682,61,147,46,Open,Low,Clean,False,0.0,Track 9,Maintenance,254,0,1,1
2025-08-05,14,207162,66,45,100,Open,Low,Clean,False,0.0,Track 6,Maintenance,211,0,1,1
2025-08-05,15,74522,23,13,324,Open,High,Clean,False,0.0,Track 1,Maintenance,360,0,1,1
2025-08-05,16,104017,1,93,239,Closed,Medium,Clean,False,1.5,Track 6,Standby,333,1,0,1
2025-08-05,17,194450,22,93,172,Closed,Medium,Clean,False,1.5,Track 5,Standby,287,0,0,1
2025-08-05,18,73317,79,65,81,Closed,Medium,Clean,False,0.8,Track 9,Standby,225,0,0,1
2025-08-05,19,208903,30,45,18,Closed,High,Clean,False,10.0,Track 13,Inducted,93,0,0,1
2025-08-05,20,163334,12,128,94,Closed,Low,Clean,False,11.1,Track 9,Inducted,234,0,0,1
2025-08-05,21,84202,58,6,236,Open,Medium,Clean,False,0.0,Track 1,Maintenance,300,1,1,1
2025-08-05,22,138121,44,145,139,Closed,High,Clean,False,0.7,Track 8,Standby,328,0,0,1
2025-08-05,23,173546,1,10,314,Closed,High,Clean,False,11.5,Track 2,Inducted,325,1,0,1
2025-08-05,24,144936,85,69,198,Open,Medium,Clean,False,0.0,Track 11,Maintenance,352,0,1,1
2025-08-05,25,89709,28,82,18,Closed,Low,Clean,False,0.9,Track 9,Standby,128,0,0,1
2025-08-06,1,147635,45,77,67,Closed,Low,Clean,False,10.9,Track 3,Inducted,189,0,0,2
2025-08-06,2,117682,68,92,74,Closed,Low,Clean,False,12.7,Track 7,Inducted,234,0,0,2
2025-08-06,3,116774,10,9,138,Closed,Low,Clean,False,13.5,Track 8,Inducted,157,0,0,2
2025-08-06,4,127047,59,84,357,Closed,High,Clean,False,9.2,Track 13,Inducted,500,0,0,2
2025-08-06,5,175108,19,75,163,Closed,Medium,Clean,False,13.1,Track 12,Inducted,257,0,0,2
2025-08-06,6,214487,56,14,362,Closed,Medium,Clean,False,1.2,Track 15,Standby,432,0,0,2
2025-08-06,7,144721,18,103,348,Closed,High,Clean,False,9.6,Track 15,Inducted,469,0,0,2
2025-08-06,8,213990,5,158,155,Open,High,Clean,False,0.0,Track 2,Maintenance,318,1,1,2
2025-08-06,9,201327,76,28,11,Closed,Medium,Clean,False,0.9,Track 9,Standby,115,0,0,2
2025-08-06,10,206054,88,63,95,Closed,High,Clean,False,1.2,Track 12,Standby,246,0,0,2
2025-08-06,11,179651,20,5,29,Open,Low,Clean,False,0.0,Track 6,Maintenance,54,1,1,2
2025-08-06,12,105567,89,178,77,Closed,Medium,Clean,False,13.8,Track 6,Inducted,344,0,0,2
2025-08-06,13,157682,60,146,45,Open,Low,Clean,False,0.0,Track 14,Maintenance,251,0,1,2
2025-08-06,14,207175,65,44,99,Closed,Low,Clean,False,1.3,Track 1,Standby,208,0,0,2
2025-08-06,15,74522,22,12,323,Open,High,Clean,False,0.0,Track 3,Maintenance,357,0,1,2
2025-08-06,16,104017,90,92,238,Open,Medium,Clean,False,0.0,Track 6,Maintenance,420,0,1,2
2025-08-06,17,194491,21,92,171,Closed,Medium,Clean,False,1.5,Track 1,Standby,284,0,0,2
2025-08-06,18,73748,78,64,80,Closed,Medium,Clean,False,9.0,Track 8,Inducted,222,0,0,2
2025-08-06,19,208940,29,44,17,Closed,High,Clean,False,1.1,Track 14,Standby,90,0,0,2
2025-08-06,20,163334,11,127,93,Open,Low,Clean,False,0.0,Track 10,Maintenance,231,0,1,2
2025-08-06,21,84789,57,5,235,Closed,Medium,Clean,False,8.5,Track 15,Inducted,297,1,0,2
2025-08-06,22,138447,43,144,138,Closed,High,Clean,False,9.6,Track 6,Inducted,325,0,0,2
2025-08-06,23,173546,90,9,313,Open,High,Clean,False,0.0,Track 9,Maintenance,412,0,1,2
2025-08-06,24,144981,84,68,197,Closed,Medium,Clean,False,0.6,Track 11,Standby,349,0,0,2
2025-08-06,25,89732,27,81,17,Closed,Low,Clean,False,1.3,Track 2,Standby,125,0,0,2
2025-08-07,1,147635,44,76,66,Open,Low,Clean,False,0.0,Track 3,Maintenance,186,0,1,3
2025-08-07,2,117682,67,91,73,Open,Low,Clean,False,0.0,Track 4,Maintenance,231,0,1,3
2025-08-07,3,117303,9,8,137,Closed,Low,Clean,False,13.9,Track 15,Inducted,154,0,0,3
2025-08-07,4,127047,58,83,356,Open,High,Clean,False,0.0,Track 11,Maintenance,497,0,1,3
2025-08-07,5,175108,18,74,162,Open,Medium,Clean,False,0.0,Track 1,Maintenance,254,0,1,3
2025-08-07,6,214941,55,13,361,Closed,Medium,Clean,False,11.9,Track 10,Inducted,429,0,0,3
2025-08-07,7,145148,17,102,347,Closed,High,Clean,False,12.0,Track 14,Inducted,466,0,0,3
2025-08-07,8,214021,4,157,154,Closed,High,Clean,False,0.7,Track 4,Standby,315,1,0,3
2025-08-07,9,201711,75,27,10,Closed,Medium,Clean,False,11.1,Track 10,Inducted,112,0,0,3
2025-08-07,10,206104,87,62,94,Closed,High,Clean,False,1.5,Track 13,Standby,243,0,0,3
2025-08-07,11,180087,19,4,28,Closed,Low,Clean,False,11.2,Track 4,Inducted,51,1,0,3
2025-08-07,12,105601,88,177,76,Closed,Medium,Clean,False,0.7,Track 4,Standby,341,0,0,3
2025-08-07,13,158084,59,145,44,Closed,Low,Clean,False,8.5,Track 10,Inducted,248,0,0,3
2025-08-07,14,207587,64,43,98,Closed,Low,Clean,False,11.2,Track 9,Inducted,205,0,0,3
2025-08-07,15,74935,21,11,322,Closed,High,Clean,False,12.2,Track 7,Inducted,354,0,0,3
2025-08-07,16,104049,89,91,237,Closed,Medium,Clean,False,1.0,Track 3,Standby,417,0,0,3
2025-08-07,17,194491,20,91,170,Open,Medium,Clean,False,0.0,Track 8,Maintenance,281,0,1,3
2025-08-07,18,73748,77,63,79,Open,Medium,Clean,False,0.0,Track 6,Maintenance,219,0,1,3
2025-08-07,19,208940,28,43,16,Open,High,Clean,False,0.0,Track 5,Maintenance,87,0,1,3
2025-08-07,20,163752,10,126,92,Closed,Low,Clean,False,8.2,Track 1,Inducted,228,0,0,3
2025-08-07,21,85256,56,4,234,Closed,Medium,Clean,False,13.3,Track 8,Inducted,294,1,0,3
2025-08-07,22,138905,42,143,137,Closed,High,Clean,False,9.7,Track 11,Inducted,322,0,0,3
2025-08-07,23,173592,89,8,312,Closed,High,Clean,False,0.8,Track 5,Standby,409,0,0,3
2025-08-07,24,145397,83,67,196,Closed,Medium,Clean,False,12.8,Track 4,Inducted,346,0,0,3
2025-08-07,25,90108,26,80,16,Closed,Low,Clean,False,8.4,Track 8,Inducted,122,0,0,3
2025-08-08,1,147635,43,75,65,Closed,Low,Clean,False,0.7,Track 3,Standby,183,0,0,4
2025-08-08,2,118097,66,90,72,Closed,Low,Clean,False,11.0,Track 8,Inducted,228,0,0,4
2025-08-08,3,117305,8,7,136,Closed,Low,Clean,False,0.7,Track 9,Standby,151,1,0,4
2025-08-08,4,127067,57,82,355,Closed,High,Clean,False,0.6,Track 3,Standby,494,0,0,4
2025-08-08,5,175702,17,73,161,Closed,Medium,Clean,False,12.4,Track 3,Inducted,251,0,0,4
2025-08-08,6,214958,54,12,360,Closed,Medium,Clean,False,1.5,Track 13,Standby,426,0,0,4
2025-08-08,7,145148,16,101,346,Open,High,Clean,False,0.0,Track 9,Maintenance,463,0,1,4
2025-08-08,8,214493,3,156,153,Closed,High,Clean,False,11.5,Track 12,Inducted,312,1,0,4
2025-08-08,9,202079,74,26,9,Closed,Medium,Clean,False,11.0,Track 10,Inducted,109,0,0,4
2025-08-08,10,206543,86,61,93,Closed,High,Clean,False,9.1,Track 11,Inducted,240,0,0,4
2025-08-08,11,180426,18,3,27,Closed,Low,Clean,False,13.3,Track 14,Inducted,48,1,0,4
2025-08-08,12,105965,87,176,75,Closed,Medium,Clean,False,12.2,Track 2,Inducted,338,0,0,4
2025-08-08,13,158084,58,144,43,Open,Low,Clean,False,0.0,Track 10,Maintenance,245,0,1,4
2025-08-08,14,207587,63,42,97,Open,Low,Clean,False,0.0,Track 1,Maintenance,202,0,1,4
2025-08-08,15,74946,20,10,321,Closed,High,Clean,False,1.0,Track 2,Standby,351,0,0,4
2025-08-08,16,104063,88,90,236,Closed,Medium,Clean,False,0.6,Track 14,Standby,414,0,0,4
2025-08-08,17,195010,19,90,169,Closed,Medium,Clean,False,11.5,Track 6,Inducted,278,0,0,4
2025-08-08,18,73760,76,62,78,Closed,Medium,Clean,False,0.6,Track 2,Standby,216,0,0,4
2025-08-08,19,208963,27,42,15,Closed,High,Clean,False,1.5,Track 7,Standby,84,0,0,4
2025-08-08,20,164287,9,125,91,Closed,Low,Clean,False,9.1,Track 5,Inducted,225,0,0,4
2025-08-08,21,85256,55,3,233,Open,Medium,Clean,False,0.0,Track 15,Maintenance,291,1,1,4
2025-08-08,22,138954,41,142,136,Closed,High,Clean,False,1.4,Track 3,Standby,319,0,0,4
2025-08-08,23,173607,88,7,311,Closed,High,Clean,False,1.1,Track 2,Standby,406,1,0,4
2025-08-08,24,145742,82,66,195,Closed,Medium,Clean,False,12.2,Track 4,Inducted,343,0,0,4
2025-08-08,25,90409,25,79,15,Closed,Low,Clean,False,12.4,Track 9,Inducted,119,0,0,4
2025-08-09,1,147680,42,74,64,Closed,Low,Clean,False,0.5,Track 12,Standby,180,0,0,5
2025-08-09,2,118563,65,89,71,Closed,Low,Clean,False,12.5,Track 1,Inducted,225,0,0,5
2025-08-09,3,117341,7,6,135,Closed,Low,Clean,False,0.5,Track 2,Standby,148,1,0,5
2025-08-09,4,127110,56,81,354,Closed,High,Clean,False,1.0,Track 12,Standby,491,0,0,5
2025-08-09,5,175717,16,72,160,Closed,Medium,Clean,False,1.5,Track 5,Standby,248,0,0,5
2025-08-09,6,214985,53,11,359,Closed,Medium,Clean,False,1.4,Track 14,Standby,423,0,0,5
2025-08-09,7,145148,15,100,345,Open,High,Clean,False,0.0,Track 7,Maintenance,460,0,1,5
2025-08-09,8,215021,2,155,152,Closed,High,Clean,False,11.1,Track 2,Inducted,309,1,0,5
2025-08-09,9,202128,73,25,8,Closed,Medium,Clean,False,1.1,Track 1,Standby,106,0,0,5
2025-08-09,10,206589,85,60,92,Closed,High,Clean,False,0.7,Track 5,Standby,237,0,0,5
2025-08-09,11,180430,17,2,26,Closed,Low,Clean,False,1.1,Track 13,Standby,45,1,0,5
2025-08-09,12,106424,86,175,74,Closed,Medium,Clean,False,13.4,Track 1,Inducted,335,0,0,5
2025-08-09,13,158116,57,143,42,Closed,Low,Clean,False,1.1,Track 13,Standby,242,0,0,5
2025-08-09,14,207592,62,41,96,Closed,Low,Clean,False,1.0,Track 14,Standby,199,0,0,5
2025-08-09,15,74980,19,9,320,Closed,High,Clean,False,1.3,Track 8,Standby,348,0,0,5
2025-08-09,16,104095,87,89,235,Closed,Medium,Clean,False,1.0,Track 1,Standby,411,0,0,5
2025-08-09,17,195535,18,89,168,Closed,Medium,Clean,False,10.0,Track 9,Inducted,275,0,0,5
2025-08-09,18,73790,75,61,77,Closed,Medium,Scheduled,True,1.1,Track 1,Standby,213,0,0,5
2025-08-09,19,208963,26,41,14,Open,High,Clean,False,0.0,Track 11,Maintenance,81,0,1,5
2025-08-09,20,164332,8,124,90,Closed,Low,Clean,False,0.8,Track 3,Standby,222,0,0,5
2025-08-09,21,85748,54,2,232,Closed,Medium,Clean,False,11.5,Track 1,Inducted,288,1,0,5
2025-08-09,22,138981,40,141,135,Closed,High,Clean,False,1.0,Track 13,Standby,316,0,0,5
2025-08-09,23,173607,87,6,310,Open,High,Clean,False,0.0,Track 8,Maintenance,403,1,1,5
2025-08-09,24,145770,81,65,194,Closed,Medium,Clean,False,0.9,Track 7,Standby,340,0,0,5
2025-08-09,25,90849,24,78,14,Closed,Low,Clean,False,10.2,Track 3,Inducted,116,0,0,5
2025-08-10,1,147997,41,73,63,Closed,Low,Clean,False,8.0,Track 2,Inducted,177,0,0,6
2025-08-10,2,119090,64,88,70,Closed,Low,Clean,False,9.8,Track 13,Inducted,222,0,0,6
2025-08-10,3,117722,6,5,134,Closed,Low,Clean,False,9.9,Track 10,Inducted,145,1,0,6
2025-08-10,4,127110,55,80,353,Open,High,Clean,False,0.0,Track 3,Maintenance,488,0,1,6
2025-08-10,5,175720,15,71,159,Closed,Medium,Clean,False,0.6,Track 7,Standby,245,0,0,6
2025-08-10,6,214985,52,10,358,Open,Medium,Clean,False,0.0,Track 9,Maintenance,420,0,1,6
2025-08-10,7,145148,14,99,344,Closed,High,Clean,False,0.8,Track 3,Standby,457,0,0,6
2025-08-10,8,215058,1,154,151,Closed,High,Clean,False,0.9,Track 8,Standby,306,1,0,6
2025-08-10,9,202677,72,24,7,Closed,Medium,Clean,False,13.8,Track 12,Inducted,103,1,0,6
2025-08-10,10,206628,84,59,91,Closed,High,Clean,False,0.6,Track 13,Standby,234,0,0,6
2025-08-10,11,180953,16,1,25,Closed,Low,Clean,False,10.8,Track 4,Inducted,42,1,0,6
2025-08-10,12,106424,85,174,73,Open,Medium,Clean,False,0.0,Track 13,Maintenance,332,0,1,6
2025-08-10,13,158144,56,142,41,Closed,Low,Clean,False,0.7,Track 10,Standby,239,0,0,6
2025-08-10,14,207592,61,40,95,Open,Low,Clean,False,0.0,Track 13,Maintenance,196,0,1,6
2025-08-10,15,75552,18,8,319,Closed,High,Clean,False,8.3,Track 8,Inducted,345,0,0,6
2025-08-10,16,104100,86,88,234,Closed,Medium,Clean,False,1.3,Track 13,Standby,408,0,0,6
2025-08-10,17,195577,17,88,167,Closed,Medium,Clean,False,0.7,Track 14,Standby,272,0,0,6
2025-08-10,18,74117,74,60,76,Closed,Medium,Clean,False,12.1,Track 4,Inducted,210,0,0,6
2025-08-10,19,208963,25,40,13,Open,High,Clean,False,0.0,Track 4,Maintenance,78,0,1,6
2025-08-10,20,164798,7,123,89,Closed,Low,Clean,False,10.4,Track 9,Inducted,219,1,0,6
2025-08-10,21,85748,53,1,231,Open,Medium,Clean,False,0.0,Track 4,Maintenance,285,1,1,6
2025-08-10,22,139552,39,140,134,Closed,High,Clean,False,9.7,Track 12,Inducted,313,0,0,6
2025-08-10,23,173646,86,5,309,Closed,High,Clean,False,1.3,Track 9,Standby,400,1,0,6
2025-08-10,24,145774,80,64,193,Closed,Medium,Clean,False,1.2,Track 5,Standby,337,0,0,6
2025-08-10,25,90899,23,77,13,Closed,Low,Clean,False,1.2,Track 7,Standby,113,0,0,6
2025-08-11,1,148023,40,72,62,Closed,Low,Scheduled,True,1.4,Track 2,Standby,174,0,0,0
2025-08-11,2,119090,63,87,69,Open,Low,Clean,False,0.0,Track 13,Maintenance,219,0,1,0
2025-08-11,3,117722,5,4,133,Open,Low,Clean,False,0.0,Track 5,Maintenance,142,1,1,0
2025-08-11,4,127153,54,79,352,Closed,High,Clean,False,1.1,Track 8,Standby,485,0,0,0
2025-08-11,5,175720,14,70,158,Open,Medium,Clean,False,0.0,Track 5,Maintenance,242,0,1,0
2025-08-11,6,215034,51,9,357,Closed,Medium,Clean,False,1.1,Track 1,Standby,417,0,0,0
2025-08-11,7,145148,13,98,343,Open,High,Clean,False,0.0,Track 5,Maintenance,454,0,1,0
2025-08-11,8,215058,90,153,150,Open,High,Clean,False,0.0,Track 2,Maintenance,393,0,1,0
2025-08-11,9,202686,71,23,6,Closed,Medium,Clean,False,0.8,Track 7,Standby,100,1,0,0
2025-08-11,10,207167,83,58,90,Closed,High,Clean,False,8.2,Track 14,Inducted,231,0,0,0
2025-08-11,11,181369,15,180,24,Closed,Low,Clean,False,10.6,Track 10,Inducted,219,0,0,0
2025-08-11,12,106424,84,173,72,Open,Medium,Clean,False,0.0,Track 2,Maintenance,329,0,1,0
2025-08-11,13,158179,55,141,40,Closed,Low,Clean,False,0.6,Track 8,Standby,236,0,0,0
2025-08-11,14,208067,60,39,94,Closed,Low,Clean,False,8.5,Track 7,Inducted,193,0,0,0
2025-08-11,15,75974,17,7,318,Closed,High,Clean,False,8.0,Track 12,Inducted,342,1,0,0
2025-08-11,16,104527,85,87,233,Closed,Medium,Clean,False,11.7,Track 1,Inducted,405,0,0,0
2025-08-11,17,195616,16,87,166,Closed,Medium,Clean,False,0.7,Track 11,Standby,269,0,0,0
2025-08-11,18,74154,73,59,75,Closed,Medium,Clean,False,0.8,Track 1,Standby,207,0,0,0
2025-08-11,19,209390,24,39,12,Closed,High,Clean,False,9.5,Track 10,Inducted,75,0,0,0
2025-08-11,20,164832,6,122,88,Closed,Low,Clean,False,0.5,Track 11,Standby,216,1,0,0
2025-08-11,21,85776,52,180,230,Closed,Medium,Scheduled,True,0.5,Track 4,Standby,462,0,0,0
2025-08-11,22,139569,38,139,133,Closed,High,Clean,False,0.8,Track 11,Standby,310,0,0,0
2025-08-11,23,173677,85,4,308,Closed,High,Clean,False,0.9,Track 1,Standby,397,1,0,0
2025-08-11,24,145806,79,63,192,Closed,Medium,Clean,False,1.1,Track 11,Standby,334,0,0,0
2025-08-11,25,90914,22,76,12,Closed,Low,Clean,False,0.6,Track 7,Standby,110,0,0,0
2025-08-12,1,148372,39,71,61,Closed,Low,Clean,False,12.4,Track 1,Inducted,171,0,0,1
2025-08-12,2,119564,62,86,68,Closed,Low,Clean,False,11.2,Track 12,Inducted,216,0,0,1
2025-08-12,3,117768,4,3,132,Closed,Low,Clean,False,1.2,Track 14,Standby,139,1,0,1
2025-08-12,4,127509,53,78,351,Closed,High,Clean,False,8.8,Track 6,Inducted,482,0,0,1
2025-08-12,5,176280,13,69,157,Closed,Medium,Clean,False,9.4,Track 1,Inducted,239,0,0,1
2025-08-12,6,215083,50,8,356,Closed,Medium,Clean,False,1.1,Track 5,Standby,414,0,0,1
2025-08-12,7,145167,12,97,342,Closed,High,Clean,False,0.8,Track 11,Standby,451,0,0,1
2025-08-12,8,215098,89,152,149,Closed,High,Clean,False,1.1,Track 13,Standby,390,0,0,1
2025-08-12,9,202686,70,22,5,Open,Medium,Clean,False,0.0,Track 6,Maintenance,97,1,1,1
2025-08-12,10,207167,82,57,89,Open,High,Clean,False,0.0,Track 10,Maintenance,228,0,1,1
2025-08-12,11,181415,14,179,23,Closed,Low,Clean,False,0.6,Track 3,Standby,216,0,0,1
2025-08-12,12,106920,83,172,71,Closed,Medium,Clean,False,12.1,Track 13,Inducted,326,0,0,1
2025-08-12,13,158483,54,140,39,Closed,Low,Clean,False,9.4,Track 8,Inducted,233,0,0,1
2025-08-12,14,208067,59,38,93,Open,Low,Clean,False,0.0,Track 6,Maintenance,190,0,1,1
2025-08-12,15,76016,16,6,317,Closed,High,Clean,False,1.3,Track 14,Standby,339,1,0,1
2025-08-12,16,104527,84,86,232,Open,Medium,Clean,False,0.0,Track 3,Maintenance,402,0,1,1
2025-08-12,17,195637,15,86,165,Closed,Medium,Clean,False,1.3,Track 6,Standby,266,0,0,1
2025-08-12,18,74489,72,58,74,Closed,Medium,Clean,False,9.6,Track 15,Inducted,204,0,0,1
2025-08-12,19,209765,23,38,11,Closed,High,Clean,False,12.0,Track 5,Inducted,72,0,0,1
2025-08-12,20,165387,5,121,87,Closed,Low,Clean,False,13.9,Track 4,Inducted,213,1,0,1
2025-08-12,21,85776,51,179,229,Open,Medium,Clean,False,0.0,Track 6,Maintenance,459,0,1,1
2025-08-12,22,139606,37,138,132,Closed,High,Clean,False,1.4,Track 1,Standby,307,0,0,1
2025-08-12,23,173677,84,3,307,Open,High,Clean,False,0.0,Track 3,Maintenance,394,1,1,1
2025-08-12,24,145852,78,62,191,Closed,Medium,Clean,False,1.3,Track 2,Standby,331,0,0,1
2025-08-12,25,90915,21,75,11,Closed,Low,Clean,False,1.2,Track 10,Standby,107,0,0,1
2025-08-13,1,148373,38,70,60,Closed,Low,Clean,False,1.3,Track 7,Standby,168,0,0,2
2025-08-13,2,120051,61,85,67,Closed,Low,Clean,False,12.6,Track 4,Inducted,213,0,0,2
2025-08-13,3,118331,3,2,131,Closed,Low,Clean,True,10.3,Track 15,Inducted,136,1,0,2
2025-08-13,4,127558,52,77,350,Closed,High,Clean,False,0.9,Track 1,Standby,479,0,0,2
2025-08-13,5,176668,12,68,156,Closed,Medium,Clean,False,12.4,Track 1,Inducted,236,0,0,2
2025-08-13,6,215109,49,7,355,Closed,Medium,Clean,False,0.8,Track 3,Standby,411,1,0,2
2025-08-13,7,145521,11,96,341,Closed,High,Clean,False,8.4,Track 12,Inducted,448,0,0,2
2025-08-13,8,215137,88,151,148,Closed,High,Clean,False,1.5,Track 12,Standby,387,0,0,2
2025-08-13,9,202686,69,21,4,Open,Medium,Clean,False,0.0,Track 11,Maintenance,94,1,1,2
2025-08-13,10,207624,81,56,88,Closed,High,Clean,False,11.1,Track 6,Inducted,225,0,0,2
2025-08-13,11,181430,13,178,22,Closed,Low,Clean,False,0.5,Track 3,Standby,213,0,0,2
2025-08-13,12,106920,82,171,70,Open,Medium,Clean,False,0.0,Track 2,Maintenance,323,0,1,2
2025-08-13,13,158935,53,139,38,Closed,Low,Clean,False,13.0,Track 6,Inducted,230,0,0,2
2025-08-13,14,208619,58,37,92,Closed,Low,Clean,False,13.5,Track 9,Inducted,187,0,0,2
2025-08-13,15,76457,15,5,316,Closed,High,Clean,False,12.1,Track 3,Inducted,336,1,0,2
2025-08-13,16,104898,83,85,231,Closed,Medium,Clean,False,11.8,Track 12,Inducted,399,0,0,2
2025-08-13,17,195687,14,85,164,Closed,Medium,Clean,False,1.2,Track 12,Standby,263,0,0,2
2025-08-13,18,74523,71,57,73,Closed,Medium,Clean,False,0.6,Track 2,Standby,201,0,0,2
2025-08-13,19,209802,22,37,10,Closed,High,Clean,False,0.7,Track 6,Standby,69,0,0,2
2025-08-13,20,165411,4,120,86,Closed,Low,Clean,False,1.4,Track 10,Standby,210,1,0,2
2025-08-13,21,85781,50,178,228,Closed,Medium,Clean,False,1.4,Track 11,Standby,456,0,0,2
2025-08-13,22,139606,36,137,131,Open,High,Clean,False,0.0,Track 14,Maintenance,304,0,1,2
2025-08-13,23,173722,83,2,306,Closed,High,Clean,False,0.9,Track 11,Standby,391,1,0,2
2025-08-13,24,145852,77,61,190,Open,Medium,Clean,False,0.0,Track 15,Maintenance,328,0,1,2
2025-08-13,25,90915,20,74,10,Open,Low,Clean,False,0.0,Track 1,Maintenance,104,0,1,2
2025-08-14,1,148373,37,69,59,Open,Low,Clean,False,0.0,Track 1,Maintenance,165,0,1,3
2025-08-14,2,120051,60,84,66,Open,Low,Clean,False,0.0,Track 14,Maintenance,210,0,1,3
2025-08-14,3,118332,2,1,130,Closed,Low,Scheduled,True,1.2,Track 7,Standby,133,1,0,3
2025-08-14,4,128002,51,76,349,Closed,High,Clean,False,11.7,Track 5,Inducted,476,0,0,3
2025-08-14,5,176676,11,67,155,Closed,Medium,Clean,False,1.1,Track 11,Standby,233,0,0,3
2025-08-14,6,215608,48,6,354,Closed,Medium,Clean,False,8.1,Track 3,Inducted,408,1,0,3
2025-08-14,7,145563,10,95,340,Closed,High,Clean,False,0.9,Track 14,Standby,445,0,0,3
2025-08-14,8,215498,87,150,147,Closed,High,Clean,False,10.9,Track 14,Inducted,384,0,0,3
2025-08-14,9,202686,68,20,3,Open,Medium,Clean,False,0.0,Track 2,Maintenance,91,1,1,3
2025-08-14,10,208175,80,55,87,Closed,High,Clean,False,9.5,Track 1,Inducted,222,0,0,3
2025-08-14,11,181941,12,177,21,Closed,Low,Clean,False,11.8,Track 7,Inducted,210,0,0,3
2025-08-14,12,106920,81,170,69,Open,Medium,Clean,False,0.0,Track 2,Maintenance,320,0,1,3
2025-08-14,13,158936,52,138,37,Closed,Low,Clean,False,1.1,Track 1,Standby,227,0,0,3
2025-08-14,14,208619,57,36,91,Open,Low,Clean,False,0.0,Track 10,Maintenance,184,0,1,3
2025-08-14,15,76457,14,4,315,Open,High,Clean,False,0.0,Track 9,Maintenance,333,1,1,3
2025-08-14,16,104898,82,84,230,Open,Medium,Clean,False,0.0,Track 15,Maintenance,396,0,1,3
2025-08-14,17,195689,13,84,163,Closed,Medium,Clean,False,0.8,Track 14,Standby,260,0,0,3
2025-08-14,18,74523,70,56,72,Open,Medium,Clean,False,0.0,Track 13,Maintenance,198,0,1,3
2025-08-14,19,210363,21,36,9,Closed,High,Clean,False,12.2,Track 3,Inducted,66,0,0,3
2025-08-14,20,165411,3,119,85,Open,Low,Clean,False,0.0,Track 13,Maintenance,207,1,1,3
2025-08-14,21,86127,49,177,227,Closed,Medium,Clean,False,13.0,Track 6,Inducted,453,0,0,3
2025-08-14,22,139650,35,136,130,Closed,High,Clean,False,1.3,Track 13,Standby,301,0,0,3
2025-08-14,23,174281,82,1,305,Closed,High,Clean,False,9.8,Track 12,Inducted,388,1,0,3
2025-08-14,24,146344,76,60,189,Closed,Medium,Clean,False,13.1,Track 9,Inducted,325,0,0,3
2025-08-14,25,90952,19,73,9,Closed,Low,Clean,False,1.2,Track 15,Standby,101,0,0,3
2025-08-15,1,148749,36,68,58,Closed,Low,Clean,False,13.6,Track 15,Inducted,162,0,0,4
2025-08-15,2,120066,59,83,65,Closed,Low,Clean,False,1.1,Track 7,Standby,207,0,0,4
2025-08-15,3,118343,1,180,129,Closed,Low,Clean,False,0.6,Track 6,Standby,310,1,0,4
2025-08-15,4,128048,50,75,348,Closed,High,Clean,False,0.9,Track 9,Standby,473,0,0,4
2025-08-15,5,176714,10,66,154,Closed,Medium,Clean,False,1.5,Track 13,Standby,230,0,0,4
2025-08-15,6,215657,47,5,353,Closed,Medium,Clean,False,0.7,Track 5,Standby,405,1,0,4
2025-08-15,7,145563,9,94,339,Open,High,Clean,False,0.0,Track 7,Maintenance,442,0,1,4
2025-08-15,8,215507,86,149,146,Closed,High,Clean,False,1.4,Track 4,Standby,381,0,0,4
2025-08-15,9,203217,67,19,2,Closed,Medium,Clean,False,13.1,Track 3,Inducted,88,1,0,4
2025-08-15,10,208570,79,54,86,Closed,High,Clean,False,9.5,Track 6,Inducted,219,0,0,4
2025-08-15,11,182296,11,176,20,Closed,Low,Clean,False,13.2,Track 9,Inducted,207,0,0,4
2025-08-15,12,106921,80,169,68,Closed,Medium,Clean,False,0.5,Track 8,Standby,317,0,0,4
2025-08-15,13,158949,51,137,36,Closed,Low,Clean,False,0.9,Track 5,Standby,224,0,0,4
2025-08-15,14,209036,56,35,90,Closed,Low,Clean,False,13.7,Track 11,Inducted,181,0,0,4
2025-08-15,15,76462,13,3,314,Closed,High,Clean,False,1.3,Track 8,Standby,330,1,0,4
2025-08-15,16,104906,81,83,229,Closed,Medium,Clean,False,1.0,Track 5,Standby,393,0,0,4
2025-08-15,17,195689,12,83,162,Open,Medium,Clean,False,0.0,Track 14,Maintenance,257,0,1,4
2025-08-15,18,74982,69,55,71,Closed,Medium,Clean,False,8.0,Track 2,Inducted,195,0,0,4
2025-08-15,19,210712,20,35,8,Closed,High,Clean,False,10.0,Track 15,Inducted,63,0,0,4
2025-08-15,20,165757,2,118,84,Closed,Low,Clean,False,13.1,Track 2,Inducted,204,1,0,4
2025-08-15,21,86558,48,176,226,Closed,Medium,Clean,False,12.3,Track 1,Inducted,450,0,0,4
2025-08-15,22,140243,34,135,129,Closed,High,Clean,False,11.2,Track 14,Inducted,298,0,0,4
2025-08-15,23,174317,81,180,304,Closed,High,Clean,False,0.5,Track 4,Standby,565,0,0,4
2025-08-15,24,146911,75,59,188,Closed,Medium,Clean,False,9.5,Track 9,Inducted,322,0,0,4
2025-08-15,25,91000,18,72,8,Closed,Low,Scheduled,True,1.1,Track 9,Standby,98,0,0,4
2025-08-16,1,149270,35,67,57,Closed,Low,Clean,False,13.6,Track 10,Inducted,159,0,0,5
2025-08-16,2,120095,58,82,64,Closed,Low,Clean,False,0.9,Track 10,Standby,204,0,0,5
2025-08-16,3,118343,90,179,128,Open,Low,Clean,False,0.0,Track 11,Maintenance,397,0,1,5
2025-08-16,4,128585,49,74,347,Closed,High,Clean,False,12.6,Track 11,Inducted,470,0,0,5
2025-08-16,5,177184,9,65,153,Closed,Medium,Clean,False,12.3,Track 3,Inducted,227,0,0,5
2025-08-16,6,215676,46,4,352,Closed,Medium,Clean,False,1.4,Track 11,Standby,402,1,0,5
2025-08-16,7,145564,8,93,338,Closed,High,Clean,False,0.9,Track 4,Standby,439,0,0,5
2025-08-16,8,215507,85,148,145,Open,High,Clean,False,0.0,Track 2,Maintenance,378,0,1,5
2025-08-16,9,203218,66,18,1,Closed,Medium,Clean,False,0.8,Track 3,Standby,85,1,0,5
2025-08-16,10,209018,78,53,85,Closed,High,Clean,False,9.2,Track 13,Inducted,216,0,0,5
2025-08-16,11,182730,10,175,19,Closed,Low,Clean,False,10.2,Track 10,Inducted,204,0,0,5
2025-08-16,12,106930,79,168,67,Closed,Medium,Clean,False,1.3,Track 2,Standby,314,0,0,5
2025-08-16,13,158975,50,136,35,Closed,Low,Clean,False,1.1,Track 9,Standby,221,0,0,5
2025-08-16,14,209036,55,34,89,Open,Low,Clean,False,0.0,Track 9,Maintenance,178,0,1,5
2025-08-16,15,76462,12,2,313,Open,High,Clean,False,0.0,Track 4,Maintenance,327,1,1,5
2025-08-16,16,105396,80,82,228,Closed,Medium,Clean,False,9.3,Track 14,Inducted,390,0,0,5
2025-08-16,17,196131,11,82,161,Closed,Medium,Clean,False,9.1,Track 13,Inducted,254,0,0,5
2025-08-16,18,74991,68,54,70,Closed,Medium,Clean,False,0.9,Track 4,Standby,192,0,0,5
2025-08-16,19,211160,19,34,7,Closed,High,Clean,False,10.9,Track 5,Inducted,60,1,0,5
2025-08-16,20,165797,1,117,83,Closed,Low,Clean,False,0.7,Track 11,Standby,201,1,0,5
2025-08-16,21,87126,47,175,225,Closed,Medium,Clean,False,11.0,Track 11,Inducted,447,0,0,5
2025-08-16,22,140245,33,134,128,Closed,High,Clean,False,1.0,Track 5,Standby,295,0,0,5
2025-08-16,23,174317,80,179,303,Open,High,Clean,False,0.0,Track 9,Maintenance,562,0,1,5
2025-08-16,24,146936,74,58,187,Closed,Medium,Clean,False,0.5,Track 11,Standby,319,0,0,5
2025-08-16,25,91030,17,71,7,Closed,Low,Clean,False,1.4,Track 9,Standby,95,1,0,5
2025-08-17,1,149307,34,66,56,Closed,Low,Clean,False,0.6,Track 7,Standby,156,0,0,6
2025-08-17,2,120516,57,81,63,Closed,Low,Clean,False,12.7,Track 1,Inducted,201,0,0,6
2025-08-17,3,118655,89,178,127,Closed,Low,Clean,False,9.0,Track 5,Inducted,394,0,0,6
2025-08-17,4,128620,48,73,346,Closed,High,Clean,False,0.7,Track 12,Standby,467,0,0,6
2025-08-17,5,177784,8,64,152,Closed,Medium,Clean,False,11.8,Track 11,Inducted,224,0,0,6
2025-08-17,6,216166,45,3,351,Closed,Medium,Clean,False,9.3,Track 9,Inducted,399,1,0,6
2025-08-17,7,145564,7,92,337,Open,High,Clean,False,0.0,Track 6,Maintenance,436,1,1,6
2025-08-17,8,215507,84,147,144,Open,High,Clean,False,0.0,Track 6,Maintenance,375,0,1,6
2025-08-17,9,203245,65,17,365,Closed,Medium,Clean,False,0.7,Track 5,Standby,447,0,0,6
2025-08-17,10,209018,77,52,84,Open,High,Clean,False,0.0,Track 6,Maintenance,213,0,1,6
2025-08-17,11,183308,9,174,18,Closed,Low,Clean,False,10.7,Track 15,Inducted,201,0,0,6
2025-08-17,12,107455,78,167,66,Closed,Medium,Clean,False,10.7,Track 5,Inducted,311,0,0,6
2025-08-17,13,158986,49,135,34,Closed,Low,Clean,False,1.2,Track 11,Standby,218,0,0,6
2025-08-17,14,209067,54,33,88,Closed,Low,Clean,False,0.6,Track 13,Standby,175,0,0,6
2025-08-17,15,77022,11,1,312,Closed,High,Clean,False,10.4,Track 7,Inducted,324,1,0,6
2025-08-17,16,105425,79,81,227,Closed,Medium,Clean,False,0.7,Track 3,Standby,387,0,0,6
2025-08-17,17,196543,10,81,160,Closed,Medium,Clean,False,8.2,Track 7,Inducted,251,0,0,6
2025-08-17,18,74991,67,53,69,Open,Medium,Clean,False,0.0,Track 4,Maintenance,189,0,1,6
2025-08-17,19,211469,18,33,6,Closed,High,Clean,False,11.4,Track 11,Inducted,57,1,0,6
2025-08-17,20,166388,90,116,82,Closed,Low,Clean,False,8.1,Track 13,Inducted,288,0,0,6
2025-08-17,21,87550,46,174,224,Closed,Medium,Clean,False,9.5,Track 6,Inducted,444,0,0,6
2025-08-17,22,140750,32,133,127,Closed,High,Clean,False,13.6,Track 7,Inducted,292,0,0,6
2025-08-17,23,174317,79,178,302,Open,High,Clean,False,0.0,Track 8,Maintenance,559,0,1,6
2025-08-17,24,146973,73,57,186,Closed,Medium,Clean,True,0.8,Track 7,Standby,316,0,0,6
2025-08-17,25,91547,16,70,6,Closed,Low,Clean,False,12.4,Track 9,Inducted,92,1,0,6
2025-08-18,1,149314,33,65,55,Closed,Low,Clean,False,1.4,Track 5,Standby,153,0,0,0
2025-08-18,2,120848,56,80,62,Closed,Low,Clean,False,10.1,Track 9,Inducted,198,0,0,0
2025-08-18,3,118655,88,177,126,Open,Low,Clean,False,0.0,Track 7,Maintenance,391,0,1,0
2025-08-18,4,129107,47,72,345,Closed,High,Clean,False,14.0,Track 14,Inducted,464,0,0,0
2025-08-18,5,178128,7,63,151,Closed,Medium,Clean,False,12.1,Track 9,Inducted,221,1,0,0
2025-08-18,6,216179,44,2,350,Closed,Medium,Clean,False,0.8,Track 2,Standby,396,1,0,0
2025-08-18,7,145610,6,91,336,Closed,High,Clean,False,1.3,Track 10,Standby,433,1,0,0
2025-08-18,8,215507,83,146,143,Open,High,Clean,False,0.0,Track 1,Maintenance,372,0,1,0
2025-08-18,9,203265,64,16,364,Closed,Medium,Clean,False,0.9,Track 12,Standby,444,0,0,0
2025-08-18,10,209488,76,51,83,Closed,High,Clean,False,9.8,Track 6,Inducted,210,0,0,0
2025-08-18,11,183308,8,173,17,Open,Low,Clean,False,0.0,Track 14,Maintenance,198,0,1,0
2025-08-18,12,107455,77,166,65,Open,Medium,Clean,False,0.0,Track 15,Maintenance,308,0,1,0
2025-08-18,13,159372,48,134,33,Closed,Low,Clean,False,8.5,Track 3,Inducted,215,0,0,0
2025-08-18,14,209067,53,32,87,Open,Low,Clean,False,0.0,Track 10,Maintenance,172,0,1,0
2025-08-18,15,77025,10,180,311,Closed,High,Clean,False,1.2,Track 7,Standby,501,0,0,0
2025-08-18,16,105908,78,80,226,Closed,Medium,Clean,False,12.8,Track 5,Inducted,384,0,0,0
2025-08-18,17,196551,9,80,159,Closed,Medium,Clean,False,1.2,Track 2,Standby,248,0,0,0
2025-08-18,18,75491,66,52,68,Closed,Medium,Clean,False,11.7,Track 8,Inducted,186,0,0,0
2025-08-18,19,211469,17,32,5,Open,High,Clean,False,0.0,Track 3,Maintenance,54,1,1,0
2025-08-18,20,166438,89,115,81,Closed,Low,Clean,False,1.2,Track 9,Standby,285,0,0,0
2025-08-18,21,87553,45,173,223,Closed,Medium,Clean,False,1.1,Track 12,Standby,441,0,0,0
2025-08-18,22,141320,31,132,126,Closed,High,Clean,False,9.4,Track 14,Inducted,289,0,0,0
2025-08-18,23,174341,78,177,301,Closed,High,Scheduled,True,1.5,Track 9,Standby,556,0,0,0
2025-08-18,24,147004,72,56,185,Closed,Medium,Clean,True,1.1,Track 7,Standby,313,0,0,0
2025-08-18,25,91550,15,69,5,Closed,Low,Clean,False,0.7,Track 3,Standby,89,1,0,0
2025-08-19,1,149328,32,64,54,Closed,Low,Clean,False,1.4,Track 8,Standby,150,0,0,1
2025-08-19,2,121358,55,79,61,Closed,Low,Clean,False,13.4,Track 5,Inducted,195,0,0,1
2025-08-19,3,118655,87,176,125,Open,Low,Clean,False,0.0,Track 1,Maintenance,388,0,1,1
2025-08-19,4,129156,46,71,344,Closed,High,Clean,False,1.3,Track 14,Standby,461,0,0,1
2025-08-19,5,178128,6,62,150,Open,Medium,Clean,False,0.0,Track 10,Maintenance,218,1,1,1
2025-08-19,6,216198,43,1,349,Closed,Medium,Clean,False,1.5,Track 10,Standby,393,1,0,1
2025-08-19,7,145651,5,90,335,Closed,High,Scheduled,True,0.5,Track 12,Standby,430,1,0,1
2025-08-19,8,215524,82,145,142,Closed,High,Clean,False,1.2,Track 12,Standby,369,0,0,1
2025-08-19,9,203306,63,15,363,Closed,Medium,Clean,False,0.9,Track 12,Standby,441,0,0,1
2025-08-19,10,209519,75,50,82,Closed,High,Clean,False,1.4,Track 14,Standby,207,0,0,1
2025-08-19,11,183350,7,172,16,Closed,Low,Clean,False,1.2,Track 9,Standby,195,1,0,1
2025-08-19,12,107496,76,165,64,Closed,Medium,Clean,False,1.4,Track 2,Standby,305,0,0,1
2025-08-19,13,159779,47,133,32,Closed,Low,Clean,False,13.3,Track 2,Inducted,212,0,0,1
2025-08-19,14,209444,52,31,86,Closed,Low,Clean,False,10.4,Track 15,Inducted,169,0,0,1
2025-08-19,15,77064,9,179,310,Closed,High,Clean,False,1.0,Track 10,Standby,498,0,0,1
2025-08-19,16,105929,77,79,225,Closed,Medium,Scheduled,True,1.3,Track 11,Standby,381,0,0,1
2025-08-19,17,196891,8,79,158,Closed,Medium,Clean,False,13.3,Track 5,Inducted,245,0,0,1
2025-08-19,18,75534,65,51,67,Closed,Medium,Clean,False,1.3,Track 4,Standby,183,0,0,1
2025-08-19,19,211974,16,31,4,Closed,High,Clean,False,9.4,Track 7,Inducted,51,1,0,1
2025-08-19,20,166936,88,114,80,Closed,Low,Clean,False,11.3,Track 3,Inducted,282,0,0,1
2025-08-19,21,87553,44,172,222,Open,Medium,Clean,False,0.0,Track 11,Maintenance,438,0,1,1
2025-08-19,22,141320,30,131,125,Open,High,Scheduled,True,0.0,Track 10,Maintenance,286,0,1,1
2025-08-19,23,174364,77,176,300,Closed,High,Clean,False,0.7,Track 7,Standby,553,0,0,1
2025-08-19,24,147032,71,55,184,Closed,Medium,Scheduled,True,1.4,Track 14,Standby,310,0,0,1
2025-08-19,25,91550,14,68,4,Open,Low,Clean,False,0.0,Track 4,Maintenance,86,1,1,1
2025-08-20,1,149336,31,63,53,Closed,Low,Clean,False,1.2,Track 13,Standby,147,0,0,2
2025-08-20,2,121910,54,78,60,Closed,Low,Clean,False,10.0,Track 4,Inducted,192,0,0,2
2025-08-20,3,118976,86,175,124,Closed,Low,Clean,False,12.5,Track 11,Inducted,385,0,0,2
2025-08-20,4,129156,45,70,343,Open,High,Clean,False,0.0,Track 2,Maintenance,458,0,1,2
2025-08-20,5,178484,5,61,149,Closed,Medium,Clean,False,13.6,Track 15,Inducted,215,1,0,2
2025-08-20,6,216222,42,180,348,Closed,Medium,Clean,False,1.3,Track 1,Standby,570,0,0,2
2025-08-20,7,145661,4,89,334,Closed,High,Clean,False,1.3,Track 6,Standby,427,1,0,2
2025-08-20,8,215524,81,144,141,Open,High,Clean,False,0.0,Track 13,Maintenance,366,0,1,2
2025-08-20,9,203306,62,14,362,Open,Medium,Clean,False,0.0,Track 10,Maintenance,438,0,1,2
2025-08-20,10,209529,74,49,81,Closed,High,Scheduled,True,1.4,Track 9,Standby,204,0,0,2
2025-08-20,11,183350,6,171,15,Open,Low,Clean,False,0.0,Track 5,Maintenance,192,1,1,2
2025-08-20,12,107505,75,164,63,Closed,Medium,Clean,False,1.3,Track 14,Standby,302,0,0,2
2025-08-20,13,160176,46,132,31,Closed,Low,Clean,False,13.8,Track 13,Inducted,209,0,0,2
2025-08-20,14,209469,51,30,85,Closed,Low,Scheduled,True,0.5,Track 11,Standby,166,0,0,2
2025-08-20,15,77070,8,178,309,Closed,High,Clean,False,1.4,Track 13,Standby,495,0,0,2
2025-08-20,16,106398,76,78,224,Closed,Medium,Clean,False,13.1,Track 13,Inducted,378,0,0,2
2025-08-20,17,197333,7,78,157,Closed,Medium,Clean,False,12.4,Track 1,Inducted,242,1,0,2
2025-08-20,18,75562,64,50,66,Closed,Medium,Clean,False,1.4,Track 6,Standby,180,0,0,2
2025-08-20,19,212544,15,30,3,Closed,High,Clean,False,13.4,Track 10,Inducted,48,1,0,2
2025-08-20,20,166964,87,113,79,Closed,Low,Clean,False,1.1,Track 4,Standby,279,0,0,2
2025-08-20,21,87595,43,171,221,Closed,Medium,Clean,False,0.6,Track 5,Standby,435,0,0,2
2025-08-20,22,141364,29,130,124,Closed,High,Scheduled,True,1.5,Track 15,Standby,283,0,0,2
2025-08-20,23,174368,76,175,299,Closed,High,Clean,False,0.7,Track 4,Standby,550,0,0,2
2025-08-20,24,147517,70,54,183,Closed,Medium,Clean,False,9.0,Track 6,Inducted,307,0,0,2
2025-08-20,25,91585,13,67,3,Closed,Low,Clean,False,0.8,Track 14,Standby,83,1,0,2
2025-08-21,1,149378,30,62,52,Closed,Low,Clean,False,1.4,Track 1,Standby,144,0,0,3
2025-08-21,2,122328,53,77,59,Closed,Low,Clean,False,11.0,Track 1,Inducted,189,0,0,3
2025-08-21,3,118979,85,174,123,Closed,Low,Clean,False,0.6,Track 5,Standby,382,0,0,3
2025-08-21,4,129168,44,69,342,Closed,High,Clean,False,0.7,Track 5,Standby,455,0,0,3
2025-08-21,5,178881,4,60,148,Closed,Medium,Clean,False,9.0,Track 4,Inducted,212,1,0,3
2025-08-21,6,216657,41,179,347,Closed,Medium,Clean,False,9.1,Track 11,Inducted,567,0,0,3
2025-08-21,7,145661,3,88,333,Open,High,Clean,False,0.0,Track 5,Maintenance,424,1,1,3
2025-08-21,8,215549,80,143,140,Closed,High,Clean,False,0.7,Track 5,Standby,363,0,0,3
2025-08-21,9,203329,61,13,361,Closed,Medium,Clean,False,1.3,Track 3,Standby,435,0,0,3
2025-08-21,10,209555,73,48,80,Closed,High,Clean,False,1.0,Track 13,Standby,201,0,0,3
2025-08-21,11,183350,5,170,14,Open,Low,Clean,False,0.0,Track 1,Maintenance,189,1,1,3
2025-08-21,12,107505,74,163,62,Open,Medium,Clean,False,0.0,Track 7,Maintenance,299,0,1,3
2025-08-21,13,160189,45,131,30,Closed,Low,Clean,False,1.3,Track 7,Standby,206,0,0,3
2025-08-21,14,209469,50,29,84,Open,Low,Clean,False,0.0,Track 2,Maintenance,163,0,1,3
2025-08-21,15,77078,7,177,308,Closed,High,Clean,False,0.6,Track 14,Standby,492,1,0,3
2025-08-21,16,106432,75,77,223,Closed,Medium,Clean,False,0.8,Track 5,Standby,375,0,0,3
2025-08-21,17,197333,6,77,156,Open,Medium,Clean,False,0.0,Track 12,Maintenance,239,1,1,3
2025-08-21,18,75606,63,49,65,Closed,Medium,Clean,False,0.8,Track 11,Standby,177,0,0,3
2025-08-21,19,212577,14,29,2,Closed,High,Clean,False,0.7,Track 12,Standby,45,1,0,3
2025-08-21,20,167367,86,112,78,Closed,Low,Clean,False,10.8,Track 9,Inducted,276,0,0,3
2025-08-21,21,87964,42,170,220,Closed,Medium,Clean,False,8.0,Track 1,Inducted,432,0,0,3
2025-08-21,22,141370,28,129,123,Closed,High,Clean,False,1.1,Track 2,Standby,280,0,0,3
2025-08-21,23,174368,75,174,298,Open,High,Clean,False,0.0,Track 9,Maintenance,547,0,1,3
2025-08-21,24,147517,69,53,182,Open,Medium,Clean,False,0.0,Track 3,Maintenance,304,0,1,3
2025-08-21,25,91980,12,66,2,Closed,Low,Clean,False,9.1,Track 3,Inducted,80,1,0,3
2025-08-22,1,149872,29,61,51,Closed,Low,Clean,False,11.3,Track 13,Inducted,141,0,0,4
2025-08-22,2,122333,52,76,58,Closed,Low,Clean,False,0.7,Track 2,Standby,186,0,0,4
2025-08-22,3,118980,84,173,122,Closed,Low,Clean,False,1.3,Track 3,Standby,379,0,0,4
2025-08-22,4,129211,43,68,341,Closed,High,Clean,False,0.7,Track 8,Standby,452,0,0,4
2025-08-22,5,179280,3,59,147,Closed,Medium,Clean,False,10.1,Track 3,Inducted,209,1,0,4
2025-08-22,6,216691,40,178,346,Closed,Medium,Clean,False,0.6,Track 10,Standby,564,0,0,4
2025-08-22,7,145674,2,87,332,Closed,High,Clean,False,0.7,Track 8,Standby,421,1,0,4
2025-08-22,8,215577,79,142,139,Closed,High,Clean,False,1.1,Track 2,Standby,360,0,0,4
2025-08-22,9,203360,60,12,360,Closed,Medium,Clean,False,1.5,Track 12,Standby,432,0,0,4
2025-08-22,10,209992,72,47,79,Closed,High,Clean,False,9.0,Track 11,Inducted,198,0,0,4
2025-08-22,11,183390,4,169,13,Closed,Low,Clean,False,1.2,Track 7,Standby,186,1,0,4
2025-08-22,12,107524,73,162,61,Closed,Medium,Clean,False,1.1,Track 3,Standby,296,0,0,4
2025-08-22,13,160189,44,130,29,Open,Low,Clean,False,0.0,Track 4,Maintenance,203,0,1,4
2025-08-22,14,209840,49,28,83,Closed,Low,Clean,False,12.0,Track 13,Inducted,160,0,0,4
2025-08-22,15,77111,6,176,307,Closed,High,Clean,False,0.8,Track 7,Standby,489,1,0,4
2025-08-22,16,106444,74,76,222,Closed,Medium,Clean,False,0.9,Track 4,Standby,372,0,0,4
2025-08-22,17,197642,5,76,155,Closed,Medium,Clean,False,14.0,Track 6,Inducted,236,1,0,4
2025-08-22,18,75642,62,48,64,Closed,Medium,Clean,False,0.9,Track 9,Standby,174,0,0,4
2025-08-22,19,212583,13,28,1,Closed,High,Clean,False,0.6,Track 6,Standby,42,1,0,4
2025-08-22,20,167372,85,111,77,Closed,Low,Clean,False,0.6,Track 7,Standby,273,0,0,4
2025-08-22,21,87975,41,169,219,Closed,Medium,Clean,False,1.0,Track 1,Standby,429,0,0,4
2025-08-22,22,141782,27,128,122,Closed,High,Clean,False,8.8,Track 1,Inducted,277,0,0,4
2025-08-22,23,174882,74,173,297,Closed,High,Clean,False,13.8,Track 10,Inducted,544,0,0,4
2025-08-22,24,147960,68,52,181,Closed,Medium,Clean,False,8.1,Track 11,Inducted,301,0,0,4
2025-08-22,25,92465,11,65,1,Closed,Low,Clean,False,13.0,Track 2,Inducted,77,1,0,4
2025-08-23,1,150458,28,60,50,Closed,Low,Clean,False,8.1,Track 11,Inducted,138,0,0,5
2025-08-23,2,122711,51,75,57,Closed,Low,Clean,False,13.6,Track 7,Inducted,183,0,0,5
2025-08-23,3,118980,83,172,121,Open,Low,Clean,False,0.0,Track 3,Maintenance,376,0,1,5
2025-08-23,4,129211,42,67,340,Open,High,Clean,False,0.0,Track 14,Maintenance,449,0,1,5
2025-08-23,5,179669,2,58,146,Closed,Medium,Clean,False,10.8,Track 1,Inducted,206,1,0,5
2025-08-23,6,217068,39,177,345,Closed,Medium,Clean,False,10.9,Track 5,Inducted,561,0,0,5
2025-08-23,7,146195,1,86,331,Closed,High,Clean,False,12.5,Track 2,Inducted,418,1,0,5
2025-08-23,8,215592,78,141,138,Closed,High,Clean,True,0.9,Track 9,Standby,357,0,0,5
2025-08-23,9,203360,59,11,359,Open,Medium,Clean,False,0.0,Track 5,Maintenance,429,0,1,5
2025-08-23,10,209994,71,46,78,Closed,High,Clean,False,1.2,Track 14,Standby,195,0,0,5
2025-08-23,11,183390,3,168,12,Open,Low,Clean,False,0.0,Track 3,Maintenance,183,1,1,5
2025-08-23,12,107550,72,161,60,Closed,Medium,Clean,True,0.9,Track 1,Standby,293,0,0,5
2025-08-23,13,160193,43,129,28,Closed,Low,Clean,False,1.2,Track 2,Standby,200,0,0,5
2025-08-23,14,209840,48,27,82,Open,Low,Clean,False,0.0,Track 1,Maintenance,157,0,1,5
2025-08-23,15,77112,5,175,306,Closed,High,Clean,False,1.2,Track 1,Standby,486,1,0,5
2025-08-23,16,106460,73,75,221,Closed,Medium,Clean,False,0.9,Track 3,Standby,369,0,0,5
2025-08-23,17,197659,4,75,154,Closed,Medium,Clean,False,1.0,Track 7,Standby,233,1,0,5
2025-08-23,18,76046,61,47,63,Closed,Medium,Clean,False,9.2,Track 10,Inducted,171,0,0,5
2025-08-23,19,213128,12,27,365,Closed,High,Clean,False,9.3,Track 12,Inducted,404,0,0,5
2025-08-23,20,167383,84,110,76,Closed,Low,Clean,False,1.0,Track 8,Standby,270,0,0,5
2025-08-23,21,87975,40,168,218,Open,Medium,Clean,False,0.0,Track 10,Maintenance,426,0,1,5
2025-08-23,22,141782,26,127,121,Open,High,Clean,False,0.0,Track 1,Maintenance,274,0,1,5
2025-08-23,23,175205,73,172,296,Closed,High,Clean,False,13.7,Track 5,Inducted,541,0,0,5
2025-08-23,24,147996,67,51,180,Closed,Medium,Clean,False,1.2,Track 4,Standby,298,0,0,5
2025-08-23,25,93035,10,64,365,Closed,Low,Clean,False,8.6,Track 3,Inducted,439,0,0,5
2025-08-24,1,150494,27,59,49,Closed,Low,Clean,False,0.8,Track 10,Standby,135,0,0,6
2025-08-24,2,122747,50,74,56,Closed,Low,Clean,False,0.5,Track 15,Standby,180,0,0,6
2025-08-24,3,119314,82,171,120,Closed,Low,Clean,False,10.1,Track 9,Inducted,373,0,0,6
2025-08-24,4,129211,41,66,339,Open,High,Clean,False,0.0,Track 15,Maintenance,446,0,1,6
2025-08-24,5,179669,1,57,145,Open,Medium,Clean,False,0.0,Track 7,Maintenance,203,1,1,6
2025-08-24,6,217609,38,176,344,Closed,Medium,Clean,False,13.6,Track 2,Inducted,558,0,0,6
2025-08-24,7,146545,90,85,330,Closed,High,Clean,False,12.1,Track 6,Inducted,505,0,0,6
2025-08-24,8,215611,77,140,137,Closed,High,Scheduled,True,1.4,Track 4,Standby,354,0,0,6
2025-08-24,9,203360,58,10,358,Open,Medium,Clean,False,0.0,Track 8,Maintenance,426,0,1,6
2025-08-24,10,210459,70,45,77,Closed,High,Clean,False,8.9,Track 5,Inducted,192,0,0,6
2025-08-24,11,183940,2,167,11,Closed,Low,Clean,False,10.8,Track 11,Inducted,180,1,0,6
2025-08-24,12,107573,71,160,59,Closed,Medium,Scheduled,True,1.0,Track 4,Standby,290,0,0,6
2025-08-24,13,160193,42,128,27,Open,Low,Clean,False,0.0,Track 12,Maintenance,197,0,1,6
2025-08-24,14,209840,47,26,81,Open,Low,Clean,False,0.0,Track 1,Maintenance,154,0,1,6
2025-08-24,15,77146,4,174,305,Closed,High,Clean,False,0.8,Track 10,Standby,483,1,0,6
2025-08-24,16,106837,72,74,220,Closed,Medium,Clean,False,11.4,Track 4,Inducted,366,0,0,6
2025-08-24,17,198037,3,74,153,Closed,Medium,Clean,False,12.5,Track 3,Inducted,230,1,0,6
2025-08-24,18,76086,60,46,62,Closed,Medium,Clean,False,1.4,Track 12,Standby,168,0,0,6
2025-08-24,19,213138,11,26,364,Closed,High,Clean,False,1.3,Track 11,Standby,401,0,0,6
2025-08-24,20,167383,83,109,75,Open,Low,Clean,False,0.0,Track 15,Maintenance,267,0,1,6
2025-08-24,21,87992,39,167,217,Closed,Medium,Clean,False,0.7,Track 11,Standby,423,0,0,6
2025-08-24,22,141782,25,126,120,Open,High,Clean,False,0.0,Track 2,Maintenance,271,0,1,6
2025-08-24,23,175675,72,171,295,Closed,High,Clean,False,12.4,Track 3,Inducted,538,0,0,6
2025-08-24,24,148550,66,50,179,Closed,Medium,Clean,False,9.1,Track 9,Inducted,295,0,0,6
2025-08-24,25,93084,9,63,364,Closed,Low,Clean,False,1.5,Track 13,Standby,436,0,0,6
2025-08-25,1,150535,26,58,48,Closed,Low,Clean,False,0.8,Track 13,Standby,132,0,0,0
2025-08-25,2,122747,49,73,55,Open,Low,Clean,False,0.0,Track 8,Maintenance,177,0,1,0
2025-08-25,3,119734,81,170,119,Closed,Low,Clean,False,10.3,Track 6,Inducted,370,0,0,0
2025-08-25,4,129211,40,65,338,Open,High,Clean,False,0.0,Track 2,Maintenance,443,0,1,0
2025-08-25,5,180128,90,56,144,Closed,Medium,Clean,False,9.6,Track 10,Inducted,290,0,0,0
2025-08-25,6,218110,37,175,343,Closed,Medium,Clean,False,13.0,Track 11,Inducted,555,0,0,0
2025-08-25,7,146562,89,84,329,Closed,High,Clean,False,0.6,Track 1,Standby,502,0,0,0
2025-08-25,8,216118,76,139,136,Closed,High,Clean,False,11.0,Track 3,Inducted,351,0,0,0
2025-08-25,9,203893,57,9,357,Closed,Medium,Clean,False,9.9,Track 4,Inducted,423,0,0,0
2025-08-25,10,210478,69,44,76,Closed,High,Clean,False,1.2,Track 1,Standby,189,0,0,0
2025-08-25,11,183940,1,166,10,Open,Low,Clean,False,0.0,Track 1,Maintenance,177,1,1,0
2025-08-25,12,107919,70,159,58,Closed,Medium,Clean,False,9.5,Track 4,Inducted,287,0,0,0
2025-08-25,13,160571,41,127,26,Closed,Low,Clean,False,9.1,Track 13,Inducted,194,0,0,0
2025-08-25,14,209880,46,25,80,Closed,Low,Clean,False,1.0,Track 10,Standby,151,0,0,0
2025-08-25,15,77595,3,173,304,Closed,High,Clean,False,12.8,Track 1,Inducted,480,1,0,0
2025-08-25,16,106864,71,73,219,Closed,Medium,Clean,False,0.6,Track 15,Standby,363,0,0,0
2025-08-25,17,198376,2,73,152,Closed,Medium,Clean,False,8.0,Track 1,Inducted,227,1,0,0
2025-08-25,18,76104,59,45,61,Closed,Medium,Clean,False,1.2,Track 7,Standby,165,0,0,0
2025-08-25,19,213138,10,25,363,Open,High,Clean,False,0.0,Track 8,Maintenance,398,0,1,0
2025-08-25,20,167414,82,108,74,Closed,Low,Clean,False,0.6,Track 10,Standby,264,0,0,0
2025-08-25,21,88381,38,166,216,Closed,Medium,Clean,False,12.1,Track 2,Inducted,420,0,0,0
2025-08-25,22,141828,24,125,119,Closed,High,Clean,False,1.4,Track 6,Standby,268,0,0,0
2025-08-25,23,176222,71,170,294,Closed,High,Clean,False,13.7,Track 9,Inducted,535,0,0,0
2025-08-25,24,148566,65,49,178,Closed,Medium,Clean,False,0.6,Track 7,Standby,292,0,0,0
2025-08-25,25,93518,8,62,363,Closed,Low,Clean,False,11.7,Track 14,Inducted,433,0,0,0
2025-08-26,1,150542,25,57,47,Closed,Low,Clean,False,1.3,Track 6,Standby,129,0,0,1
2025-08-26,2,122747,48,72,54,Closed,Low,Clean,False,1.4,Track 1,Standby,174,0,0,1
2025-08-26,3,119753,80,169,118,Closed,Low,Clean,False,1.5,Track 12,Standby,367,0,0,1
2025-08-26,4,129788,39,64,337,Closed,High,Clean,False,11.4,Track 13,Inducted,440,0,0,1
2025-08-26,5,180646,89,55,143,Closed,Medium,Clean,False,11.1,Track 11,Inducted,287,0,0,1
2025-08-26,6,218131,36,174,342,Closed,Medium,Clean,False,0.9,Track 5,Standby,552,0,0,1
2025-08-26,7,146606,88,83,328,Closed,High,Clean,False,1.2,Track 12,Standby,499,0,0,1
2025-08-26,8,216131,75,138,135,Closed,High,Clean,False,1.1,Track 10,Standby,348,0,0,1
2025-08-26,9,203922,56,8,356,Closed,Medium,Clean,False,1.0,Track 1,Standby,420,0,0,1
2025-08-26,10,211066,68,43,75,Closed,High,Clean,False,9.9,Track 4,Inducted,186,0,0,1
2025-08-26,11,183940,90,165,9,Open,Low,Clean,False,0.0,Track 7,Maintenance,264,0,1,1
2025-08-26,12,108473,69,158,57,Closed,Medium,Clean,False,10.2,Track 5,Inducted,284,0,0,1
2025-08-26,13,160956,40,126,25,Closed,Low,Clean,True,10.8,Track 12,Inducted,191,0,0,1
2025-08-26,14,210240,45,24,79,Closed,Low,Clean,False,8.3,Track 3,Inducted,148,0,0,1
2025-08-26,15,77595,2,172,303,Closed,High,Scheduled,True,1.5,Track 5,Standby,477,1,0,1
2025-08-26,16,107358,70,72,218,Closed,Medium,Clean,False,13.8,Track 6,Inducted,360,0,0,1
2025-08-26,17,198376,1,72,151,Open,Medium,Clean,False,0.0,Track 8,Maintenance,224,1,1,1
2025-08-26,18,76434,58,44,60,Closed,Medium,Clean,False,9.7,Track 13,Inducted,162,0,0,1
2025-08-26,19,213573,9,24,362,Closed,High,Clean,False,10.7,Track 11,Inducted,395,0,0,1
2025-08-26,20,167414,81,107,73,Open,Low,Clean,False,0.0,Track 14,Maintenance,261,0,1,1
2025-08-26,21,88381,37,165,215,Open,Medium,Clean,False,0.0,Track 6,Maintenance,417,0,1,1
2025-08-26,22,142141,23,124,118,Closed,High,Clean,False,13.0,Track 4,Inducted,265,0,0,1
2025-08-26,23,176581,70,169,293,Closed,High,Clean,False,12.3,Track 7,Inducted,532,0,0,1
2025-08-26,24,148605,64,48,177,Closed,Medium,Clean,False,1.0,Track 7,Standby,289,0,0,1
2025-08-26,25,93835,7,61,362,Closed,Low,Clean,False,8.6,Track 12,Inducted,430,1,0,1
2025-08-27,1,151061,24,56,46,Closed,Low,Clean,False,12.9,Track 6,Inducted,126,0,0,2
2025-08-27,2,123272,47,71,53,Closed,Low,Clean,False,10.3,Track 3,Inducted,171,0,0,2
2025-08-27,3,120204,79,168,117,Closed,Low,Clean,False,10.0,Track 10,Inducted,364,0,0,2
2025-08-27,4,130335,38,63,336,Closed,High,Clean,False,9.1,Track 14,Inducted,437,0,0,2
2025-08-27,5,180670,88,54,142,Closed,Medium,Clean,False,1.0,Track 7,Standby,284,0,0,2
2025-08-27,6,218717,35,173,341,Closed,Medium,Clean,False,13.5,Track 6,Inducted,549,0,0,2
2025-08-27,7,147043,87,82,327,Closed,High,Clean,False,12.9,Track 1,Inducted,496,0,0,2
2025-08-27,8,216489,74,137,134,Closed,High,Clean,False,13.6,Track 10,Inducted,345,0,0,2
2025-08-27,9,203962,55,7,355,Closed,Medium,Clean,False,0.9,Track 15,Standby,417,1,0,2
2025-08-27,10,211066,67,42,74,Closed,High,Clean,False,0.9,Track 7,Standby,183,0,0,2
2025-08-27,11,184313,89,164,8,Closed,Low,Clean,False,11.8,Track 12,Inducted,261,0,0,2
2025-08-27,12,108508,68,157,56,Closed,Medium,Clean,False,0.7,Track 11,Standby,281,0,0,2
2025-08-27,13,160985,39,125,24,Closed,Low,Scheduled,True,1.3,Track 13,Standby,188,0,0,2
2025-08-27,14,210618,44,23,78,Closed,Low,Clean,False,11.0,Track 1,Inducted,145,0,0,2
2025-08-27,15,78124,1,171,302,Closed,High,Clean,False,8.0,Track 9,Inducted,474,1,0,2
2025-08-27,16,107846,69,71,217,Closed,Medium,Clean,False,12.4,Track 13,Inducted,357,0,0,2
2025-08-27,17,198421,90,71,150,Closed,Medium,Clean,False,1.3,Track 13,Standby,311,0,0,2
2025-08-27,18,76832,57,43,59,Closed,Medium,Clean,False,8.9,Track 8,Inducted,159,0,0,2
2025-08-27,19,214160,8,23,361,Closed,High,Clean,False,8.6,Track 7,Inducted,392,0,0,2
2025-08-27,20,167914,80,106,72,Closed,Low,Clean,False,12.3,Track 9,Inducted,258,0,0,2
2025-08-27,21,88740,36,164,214,Closed,Medium,Clean,False,8.4,Track 7,Inducted,414,0,0,2
2025-08-27,22,142614,22,123,117,Closed,High,Clean,False,9.9,Track 6,Inducted,262,0,0,2
2025-08-27,23,176601,69,168,292,Closed,High,Clean,False,1.3,Track 3,Standby,529,0,0,2
2025-08-27,24,148618,63,47,176,Closed,Medium,Clean,False,0.9,Track 4,Standby,286,0,0,2
2025-08-27,25,94337,6,60,361,Closed,Low,Clean,False,8.4,Track 10,Inducted,427,1,0,2
2025-08-28,1,151564,23,55,45,Closed,Low,Clean,False,10.5,Track 2,Inducted,123,0,0,3
2025-08-28,2,123272,46,70,52,Open,Low,Clean,False,0.0,Track 4,Maintenance,168,0,1,3
2025-08-28,3,120538,78,167,116,Closed,Low,Clean,False,9.9,Track 14,Inducted,361,0,0,3
2025-08-28,4,130645,37,62,335,Closed,High,Clean,False,12.9,Track 15,Inducted,434,0,0,3
2025-08-28,5,180670,87,53,141,Open,Medium,Clean,True,0.0,Track 6,Maintenance,281,0,1,3
2025-08-28,6,218717,34,172,340,Open,Medium,Clean,False,0.0,Track 5,Maintenance,546,0,1,3
2025-08-28,7,147062,86,81,326,Closed,High,Clean,False,1.0,Track 4,Standby,493,0,0,3
2025-08-28,8,216492,73,136,133,Closed,High,Clean,False,1.0,Track 5,Standby,342,0,0,3
2025-08-28,9,204507,54,6,354,Closed,Medium,Clean,False,12.7,Track 14,Inducted,414,1,0,3
2025-08-28,10,211468,66,41,73,Closed,High,Clean,False,11.1,Track 2,Inducted,180,0,0,3
2025-08-28,11,184325,88,163,7,Closed,Low,Clean,False,1.3,Track 8,Standby,258,1,0,3
2025-08-28,12,108836,67,156,55,Closed,Medium,Clean,False,13.2,Track 13,Inducted,278,0,0,3
2025-08-28,13,160985,38,124,23,Open,Low,Clean,False,0.0,Track 4,Maintenance,185,0,1,3
2025-08-28,14,211095,43,22,77,Closed,Low,Clean,False,8.4,Track 9,Inducted,142,0,0,3
2025-08-28,15,78438,90,170,301,Closed,High,Clean,False,11.1,Track 2,Inducted,561,0,0,3
2025-08-28,16,107890,68,70,216,Closed,Medium,Clean,False,1.4,Track 9,Standby,354,0,0,3
2025-08-28,17,198430,89,70,149,Closed,Medium,Clean,False,1.2,Track 5,Standby,308,0,0,3
2025-08-28,18,76840,56,42,58,Closed,Medium,Clean,False,0.9,Track 3,Standby,156,0,0,3
2025-08-28,19,214161,7,22,360,Closed,High,Clean,False,1.4,Track 13,Standby,389,1,0,3
2025-08-28,20,167914,79,105,71,Open,Low,Clean,False,0.0,Track 4,Maintenance,255,0,1,3
2025-08-28,21,88766,35,163,213,Closed,Medium,Clean,False,1.4,Track 7,Standby,411,0,0,3
2025-08-28,22,142614,21,122,116,Open,High,Clean,False,0.0,Track 7,Maintenance,259,0,1,3
2025-08-28,23,176639,68,167,291,Closed,High,Clean,False,0.6,Track 2,Standby,526,0,0,3
2025-08-28,24,149165,62,46,175,Closed,Medium,Clean,False,8.2,Track 9,Inducted,283,0,0,3
2025-08-28,25,94368,5,59,360,Closed,Low,Clean,False,0.9,Track 2,Standby,424,1,0,3
2025-08-29,1,151598,22,54,44,Closed,Low,Clean,False,0.9,Track 1,Standby,120,0,0,4
2025-08-29,2,123272,45,69,51,Open,Low,Clean,False,0.0,Track 8,Maintenance,165,0,1,4
2025-08-29,3,120550,77,166,115,Closed,Low,Clean,False,0.8,Track 12,Standby,358,0,0,4
2025-08-29,4,130645,36,61,334,Open,High,Clean,False,0.0,Track 9,Maintenance,431,0,1,4
2025-08-29,5,181125,86,52,140,Closed,Medium,Clean,True,12.8,Track 14,Inducted,278,0,0,4
2025-08-29,6,218717,33,171,339,Open,Medium,Clean,False,0.0,Track 3,Maintenance,543,0,1,4
2025-08-29,7,147498,85,80,325,Closed,High,Clean,False,10.2,Track 2,Inducted,490,0,0,4
2025-08-29,8,216492,72,135,132,Open,High,Clean,False,0.0,Track 2,Maintenance,339,0,1,4
2025-08-29,9,204556,53,5,353,Closed,Medium,Clean,False,0.7,Track 9,Standby,411,1,0,4
2025-08-29,10,211881,65,40,72,Closed,High,Clean,False,8.3,Track 8,Inducted,177,0,0,4
2025-08-29,11,184332,87,162,6,Closed,Low,Scheduled,True,1.1,Track 3,Standby,255,1,0,4
2025-08-29,12,108836,66,155,54,Open,Medium,Clean,False,0.0,Track 5,Maintenance,275,0,1,4
2025-08-29,13,161498,37,123,22,Closed,Low,Clean,False,11.5,Track 2,Inducted,182,0,0,4
2025-08-29,14,211095,42,21,76,Open,Low,Clean,False,0.0,Track 12,Maintenance,139,0,1,4
2025-08-29,15,78451,89,169,300,Closed,High,Clean,False,1.5,Track 5,Standby,558,0,0,4
2025-08-29,16,107902,67,69,215,Closed,Medium,Clean,False,1.4,Track 13,Standby,351,0,0,4
2025-08-29,17,198430,88,69,148,Open,Medium,Clean,False,0.0,Track 6,Maintenance,305,0,1,4
2025-08-29,18,77369,55,41,57,Closed,Medium,Clean,False,11.0,Track 1,Inducted,153,0,0,4
2025-08-29,19,214596,6,21,359,Closed,High,Clean,False,11.6,Track 5,Inducted,386,1,0,4
2025-08-29,20,167915,78,104,70,Closed,Low,Clean,False,0.6,Track 5,Standby,252,0,0,4
2025-08-29,21,89346,34,162,212,Closed,Medium,Clean,False,10.3,Track 5,Inducted,408,0,0,4
2025-08-29,22,143138,20,121,115,Closed,High,Clean,False,10.8,Track 13,Inducted,256,0,0,4
2025-08-29,23,176667,67,166,290,Closed,High,Clean,False,1.0,Track 1,Standby,523,0,0,4
2025-08-29,24,149165,61,45,174,Open,Medium,Clean,False,0.0,Track 5,Maintenance,280,0,1,4
2025-08-29,25,94411,4,58,359,Closed,Low,Clean,False,1.0,Track 11,Standby,421,1,0,4
2025-08-30,1,151598,21,53,43,Open,Low,Clean,False,0.0,Track 3,Maintenance,117,0,1,5
2025-08-30,2,123604,44,68,50,Closed,Low,Clean,False,11.4,Track 6,Inducted,162,0,0,5
2025-08-30,3,121089,76,165,114,Closed,Low,Clean,False,12.8,Track 7,Inducted,355,0,0,5
2025-08-30,4,130684,35,60,333,Closed,High,Clean,False,0.7,Track 3,Standby,428,0,0,5
2025-08-30,5,181161,85,51,139,Closed,Medium,Scheduled,True,1.4,Track 2,Standby,275,0,0,5
2025-08-30,6,218735,32,170,338,Closed,Medium,Clean,True,0.7,Track 5,Standby,540,0,0,5
2025-08-30,7,147972,84,79,324,Closed,High,Clean,False,10.3,Track 1,Inducted,487,0,0,5
2025-08-30,8,216492,71,134,131,Open,High,Clean,False,0.0,Track 14,Maintenance,336,0,1,5
2025-08-30,9,204578,52,4,352,Closed,Medium,Clean,False,1.3,Track 14,Standby,408,1,0,5
2025-08-30,10,212461,64,39,71,Closed,High,Clean,False,12.2,Track 7,Inducted,174,0,0,5
2025-08-30,11,184332,86,161,5,Open,Low,Clean,False,0.0,Track 15,Maintenance,252,1,1,5
2025-08-30,12,108836,65,154,53,Open,Medium,Clean,False,0.0,Track 6,Maintenance,272,0,1,5
2025-08-30,13,162066,36,122,21,Closed,Low,Clean,False,12.5,Track 4,Inducted,179,0,0,5
2025-08-30,14,211672,41,20,75,Closed,Low,Clean,False,13.3,Track 9,Inducted,136,0,0,5
2025-08-30,15,78864,88,168,299,Closed,High,Clean,False,13.1,Track 6,Inducted,555,0,0,5
2025-08-30,16,107902,66,68,214,Open,Medium,Clean,False,0.0,Track 7,Maintenance,348,0,1,5
2025-08-30,17,199020,87,68,147,Closed,Medium,Clean,False,8.9,Track 10,Inducted,302,0,0,5
2025-08-30,18,77699,54,40,56,Closed,Medium,Clean,False,13.8,Track 2,Inducted,150,0,0,5
2025-08-30,19,215052,5,20,358,Closed,High,Clean,False,13.9,Track 14,Inducted,383,1,0,5
2025-08-30,20,167915,77,103,69,Open,Low,Clean,False,0.0,Track 4,Maintenance,249,0,1,5
2025-08-30,21,89346,33,161,211,Open,Medium,Clean,False,0.0,Track 6,Maintenance,405,0,1,5
2025-08-30,22,143681,19,120,114,Closed,High,Clean,False,11.6,Track 14,Inducted,253,0,0,5
2025-08-30,23,176667,66,165,289,Open,High,Clean,False,0.0,Track 11,Maintenance,520,0,1,5
2025-08-30,24,149165,60,44,173,Open,Medium,Clean,False,0.0,Track 4,Maintenance,277,0,1,5
2025-08-30,25,94432,3,57,358,Closed,Low,Clean,False,1.2,Track 6,Standby,418,1,0,5
2025-08-31,1,151598,20,52,42,Open,Low,Clean,False,0.0,Track 6,Maintenance,114,0,1,6
2025-08-31,2,124154,43,67,49,Closed,Low,Clean,False,9.4,Track 13,Inducted,159,0,0,6
2025-08-31,3,121096,75,164,113,Closed,Low,Clean,False,0.5,Track 6,Standby,352,0,0,6
2025-08-31,4,131013,34,59,332,Closed,High,Clean,False,12.7,Track 10,Inducted,425,0,0,6
2025-08-31,5,181198,84,50,138,Closed,Medium,Clean,False,0.9,Track 4,Standby,272,0,0,6
2025-08-31,6,219278,31,169,337,Closed,Medium,Clean,True,11.2,Track 3,Inducted,537,0,0,6
2025-08-31,7,147993,83,78,323,Closed,High,Clean,False,1.0,Track 13,Standby,484,0,0,6
2025-08-31,8,216492,70,133,130,Open,High,Clean,False,0.0,Track 1,Maintenance,333,0,1,6
2025-08-31,9,205076,51,3,351,Closed,Medium,Clean,False,8.4,Track 7,Inducted,405,1,0,6
2025-08-31,10,212461,63,38,70,Open,High,Clean,False,0.0,Track 9,Maintenance,171,0,1,6
2025-08-31,11,184914,85,160,4,Closed,Low,Clean,False,13.4,Track 10,Inducted,249,1,0,6
2025-08-31,12,108836,64,153,52,Open,Medium,Clean,False,0.0,Track 12,Maintenance,269,0,1,6
2025-08-31,13,162066,35,121,20,Open,Low,Clean,False,0.0,Track 14,Maintenance,176,0,1,6
2025-08-31,14,211698,40,19,74,Closed,Low,Clean,False,1.2,Track 4,Standby,133,0,0,6
2025-08-31,15,78895,87,167,298,Closed,High,Clean,False,1.3,Track 10,Standby,552,0,0,6
2025-08-31,16,108322,65,67,213,Closed,Medium,Clean,False,11.8,Track 15,Inducted,345,0,0,6
2025-08-31,17,199045,86,67,146,Closed,Medium,Clean,False,0.7,Track 7,Standby,299,0,0,6
2025-08-31,18,77703,53,39,55,Closed,Medium,Clean,False,1.0,Track 9,Standby,147,0,0,6
2025-08-31,19,215369,4,19,357,Closed,High,Clean,False,10.0,Track 9,Inducted,380,1,0,6
2025-08-31,20,168250,76,102,68,Closed,Low,Clean,False,8.7,Track 11,Inducted,246,0,0,6
2025-08-31,21,89393,32,160,210,Closed,Medium,Clean,False,1.2,Track 5,Standby,402,0,0,6
2025-08-31,22,144034,18,119,113,Closed,High,Clean,False,11.9,Track 14,Inducted,250,0,0,6
2025-08-31,23,176667,65,164,288,Closed,High,Clean,False,1.4,Track 3,Standby,517,0,0,6
2025-08-31,24,149165,59,43,172,Open,Medium,Clean,False,0.0,Track 10,Maintenance,274,0,1,6
2025-08-31,25,94432,2,56,357,Open,Low,Clean,False,0.0,Track 2,Maintenance,415,1,1,6
2025-09-01,1,151987,19,51,41,Closed,Low,Clean,False,9.6,Track 1,Inducted,111,0,0,0
2025-09-01,2,124696,42,66,48,Closed,Low,Clean,False,11.3,Track 14,Inducted,156,0,0,0
2025-09-01,3,121099,74,163,112,Closed,Low,Clean,False,0.9,Track 12,Standby,349,0,0,0
2025-09-01,4,131321,33,58,331,Closed,High,Clean,False,13.0,Track 6,Inducted,422,0,0,0
2025-09-01,5,181198,83,49,137,Open,Medium,Clean,False,0.0,Track 4,Maintenance,269,0,1,0
2025-09-01,6,219303,30,168,336,Closed,Medium,Scheduled,True,1.0,Track 12,Standby,534,0,0,0
2025-09-01,7,147993,82,77,322,Open,High,Clean,False,0.0,Track 5,Maintenance,481,0,1,0
2025-09-01,8,216832,69,132,129,Closed,High,Clean,False,9.9,Track 11,Inducted,330,0,0,0
2025-09-01,9,205566,50,2,350,Closed,Medium,Clean,False,13.4,Track 11,Inducted,402,1,0,0
2025-09-01,10,213045,62,37,69,Closed,High,Clean,False,13.8,Track 12,Inducted,168,0,0,0
2025-09-01,11,184939,84,159,3,Closed,Low,Clean,False,1.4,Track 11,Standby,246,1,0,0
2025-09-01,12,108836,63,152,51,Open,Medium,Clean,False,0.0,Track 10,Maintenance,266,0,1,0
2025-09-01,13,162082,34,120,19,Closed,Low,Clean,False,1.0,Track 1,Standby,173,0,0,0
2025-09-01,14,212084,39,18,73,Closed,Low,Clean,False,12.3,Track 4,Inducted,130,0,0,0
2025-09-01,15,78895,86,166,297,Open,High,Clean,False,0.0,Track 6,Maintenance,549,0,1,0
2025-09-01,16,108825,64,66,212,Closed,Medium,Clean,False,8.5,Track 2,Inducted,342,0,0,0
2025-09-01,17,199045,85,66,145,Open,Medium,Clean,False,0.0,Track 12,Maintenance,296,0,1,0
2025-09-01,18,78104,52,38,54,Closed,Medium,Clean,False,8.7,Track 14,Inducted,144,0,0,0
2025-09-01,19,215947,3,18,356,Closed,High,Clean,False,13.8,Track 3,Inducted,377,1,0,0
2025-09-01,20,168250,75,101,67,Closed,Low,Scheduled,True,1.3,Track 11,Standby,243,0,0,0
2025-09-01,21,89395,31,159,209,Closed,Medium,Clean,False,0.6,Track 15,Standby,399,0,0,0
2025-09-01,22,144584,17,118,112,Closed,High,Clean,False,10.0,Track 8,Inducted,247,0,0,0
2025-09-01,23,176667,64,163,287,Open,High,Clean,False,0.0,Track 11,Maintenance,514,0,1,0
2025-09-01,24,149203,58,42,171,Closed,Medium,Clean,False,0.8,Track 12,Standby,271,0,0,0
2025-09-01,25,94905,1,55,356,Closed,Low,Clean,False,10.0,Track 3,Inducted,412,1,0,0
2025-09-02,1,152407,18,50,40,Closed,Low,Clean,False,8.3,Track 13,Inducted,108,0,0,1
2025-09-02,2,124732,41,65,47,Closed,Low,Scheduled,True,1.3,Track 9,Standby,153,0,0,1
2025-09-02,3,121556,73,162,111,Closed,Low,Clean,False,9.7,Track 14,Inducted,346,0,0,1
2025-09-02,4,131351,32,57,330,Closed,High,Clean,False,0.7,Track 6,Standby,419,0,0,1
2025-09-02,5,181240,82,48,136,Closed,Medium,Clean,False,0.7,Track 11,Standby,266,0,0,1
2025-09-02,6,219303,29,167,335,Open,Medium,Clean,False,0.0,Track 4,Maintenance,531,0,1,1
2025-09-02,7,147993,81,76,321,Open,High,Clean,False,0.0,Track 3,Maintenance,478,0,1,1
2025-09-02,8,217432,68,131,128,Closed,High,Clean,False,9.9,Track 2,Inducted,327,0,0,1
2025-09-02,9,205572,49,1,349,Closed,Medium,Scheduled,True,0.9,Track 15,Standby,399,1,0,1
2025-09-02,10,213431,61,36,68,Closed,High,Clean,False,12.4,Track 5,Inducted,165,0,0,1
2025-09-02,11,185293,83,158,2,Closed,Low,Clean,False,10.5,Track 15,Inducted,243,1,0,1
2025-09-02,12,108836,62,151,50,Open,Medium,Clean,False,0.0,Track 2,Maintenance,263,0,1,1
2025-09-02,13,162082,33,119,18,Open,Low,Clean,False,0.0,Track 6,Maintenance,170,0,1,1
2025-09-02,14,212094,38,17,72,Closed,Low,Clean,False,1.3,Track 13,Standby,127,0,0,1
2025-09-02,15,78895,85,165,296,Open,High,Clean,False,0.0,Track 11,Maintenance,546,0,1,1
2025-09-02,16,108825,63,65,211,Open,Medium,Clean,False,0.0,Track 6,Maintenance,339,0,1,1
2025-09-02,17,199061,84,65,144,Closed,Medium,Scheduled,True,1.4,Track 1,Standby,293,0,0,1
2025-09-02,18,78120,51,37,53,Closed,Medium,Clean,False,1.0,Track 9,Standby,141,0,0,1
2025-09-02,19,216513,2,17,355,Closed,High,Clean,False,13.9,Track 13,Inducted,374,1,0,1
2025-09-02,20,168294,74,100,66,Closed,Low,Clean,False,1.3,Track 4,Standby,240,0,0,1
2025-09-02,21,89781,30,158,208,Closed,Medium,Clean,False,12.8,Track 4,Inducted,396,0,0,1
2025-09-02,22,144940,16,117,111,Closed,High,Clean,False,11.8,Track 1,Inducted,244,0,0,1
2025-09-02,23,176714,63,162,286,Closed,High,Clean,False,1.1,Track 3,Standby,511,0,0,1
2025-09-02,24,149203,57,41,170,Open,Medium,Clean,False,0.0,Track 2,Maintenance,268,0,1,1
2025-09-02,25,95496,90,54,355,Closed,Low,Clean,False,14.0,Track 1,Inducted,499,0,0,1
2025-09-03,1,152407,17,49,39,Open,Low,Clean,False,0.0,Track 4,Maintenance,105,0,1,2
2025-09-03,2,125160,40,64,46,Closed,Low,Clean,False,8.2,Track 8,Inducted,150,0,0,2
2025-09-03,3,121930,72,161,110,Closed,Low,Clean,False,9.0,Track 15,Inducted,343,0,0,2
2025-09-03,4,131746,31,56,329,Closed,High,Clean,False,9.8,Track 11,Inducted,416,0,0,2
2025-09-03,5,181838,81,47,135,Closed,Medium,Clean,False,13.6,Track 9,Inducted,263,0,0,2
2025-09-03,6,219895,28,166,334,Closed,Medium,Clean,False,12.5,Track 13,Inducted,528,0,0,2
2025-09-03,7,148021,80,75,320,Closed,High,Clean,False,0.7,Track 12,Standby,475,0,0,2
2025-09-03,8,217446,67,130,127,Closed,High,Clean,False,0.8,Track 1,Standby,324,0,0,2
2025-09-03,9,205581,48,180,348,Closed,Medium,Clean,False,1.3,Track 5,Standby,576,0,0,2
2025-09-03,10,213969,60,35,67,Closed,High,Clean,False,11.2,Track 8,Inducted,162,0,0,2
2025-09-03,11,185320,82,157,1,Closed,Low,Clean,False,1.5,Track 5,Standby,240,1,0,2
2025-09-03,12,108838,61,150,49,Closed,Medium,Clean,False,0.9,Track 4,Standby,260,0,0,2
2025-09-03,13,162118,32,118,17,Closed,Low,Clean,False,0.5,Track 7,Standby,167,0,0,2
2025-09-03,14,212102,37,16,71,Closed,Low,Clean,False,1.5,Track 12,Standby,124,0,0,2
2025-09-03,15,78899,84,164,295,Closed,High,Clean,False,1.4,Track 6,Standby,543,0,0,2
2025-09-03,16,109150,62,64,210,Closed,Medium,Clean,False,11.8,Track 14,Inducted,336,0,0,2
2025-09-03,17,199094,83,64,143,Closed,Medium,Clean,False,1.4,Track 12,Standby,290,0,0,2
2025-09-03,18,78709,50,36,52,Closed,Medium,Clean,False,12.4,Track 11,Inducted,138,0,0,2
2025-09-03,19,217096,1,16,354,Closed,High,Clean,False,8.7,Track 7,Inducted,371,1,0,2
2025-09-03,20,168303,73,99,65,Closed,Low,Clean,False,1.5,Track 5,Standby,237,0,0,2
2025-09-03,21,89818,29,157,207,Closed,Medium,Clean,False,0.6,Track 8,Standby,393,0,0,2
2025-09-03,22,144978,15,116,110,Closed,High,Clean,False,1.3,Track 4,Standby,241,0,0,2
2025-09-03,23,176714,62,161,285,Open,High,Clean,False,0.0,Track 9,Maintenance,508,0,1,2
2025-09-03,24,149220,56,40,169,Closed,Medium,Clean,False,1.0,Track 11,Standby,265,0,0,2
2025-09-03,25,95546,89,53,354,Closed,Low,Clean,False,1.0,Track 6,Standby,496,0,0,2
2025-09-04,1,152868,16,48,38,Closed,Low,Clean,False,13.4,Track 4,Inducted,102,0,0,3
2025-09-04,2,125161,39,63,45,Closed,Low,Clean,False,0.8,Track 3,Standby,147,0,0,3
2025-09-04,3,122242,71,160,109,Closed,Low,Clean,False,11.4,Track 7,Inducted,340,0,0,3
2025-09-04,4,131791,30,55,328,Closed,High,Clean,True,1.0,Track 12,Standby,413,0,0,3
2025-09-04,5,181838,80,46,134,Open,Medium,Clean,False,0.0,Track 11,Maintenance,260,0,1,3
2025-09-04,6,219898,27,165,333,Closed,Medium,Clean,False,0.5,Track 10,Standby,525,0,0,3
2025-09-04,7,148513,79,74,319,Closed,High,Clean,False,8.4,Track 11,Inducted,472,0,0,3
2025-09-04,8,217992,66,129,126,Closed,High,Clean,False,11.9,Track 3,Inducted,321,0,0,3
2025-09-04,9,205942,47,179,347,Closed,Medium,Clean,False,11.4,Track 1,Inducted,573,0,0,3
2025-09-04,10,213969,59,34,66,Open,High,Clean,False,0.0,Track 14,Maintenance,159,0,1,3
2025-09-04,11,185320,81,156,365,Open,Low,Clean,False,0.0,Track 7,Maintenance,602,0,1,3
2025-09-04,12,109373,60,149,48,Closed,Medium,Clean,False,8.5,Track 7,Inducted,257,0,0,3
2025-09-04,13,162118,31,117,16,Open,Low,Clean,False,0.0,Track 11,Maintenance,164,0,1,3
2025-09-04,14,212450,36,15,70,Closed,Low,Clean,False,11.7,Track 4,Inducted,121,0,0,3
2025-09-04,15,78944,83,163,294,Closed,High,Clean,False,0.9,Track 4,Standby,540,0,0,3
2025-09-04,16,109168,61,63,209,Closed,Medium,Clean,False,1.2,Track 1,Standby,333,0,0,3
2025-09-04,17,199104,82,63,142,Closed,Medium,Clean,False,0.7,Track 14,Standby,287,0,0,3
2025-09-04,18,78717,49,35,51,Closed,Medium,Clean,False,0.8,Track 11,Standby,135,0,0,3
2025-09-04,19,217136,90,15,353,Closed,High,Clean,True,0.9,Track 5,Standby,458,0,0,3
2025-09-04,20,168321,72,98,64,Closed,Low,Clean,False,1.0,Track 2,Standby,234,0,0,3
2025-09-04,21,90145,28,156,206,Closed,Medium,Clean,False,8.7,Track 10,Inducted,390,0,0,3
2025-09-04,22,145023,14,115,109,Closed,High,Clean,False,1.2,Track 2,Standby,238,0,0,3
2025-09-04,23,176726,61,160,284,Closed,High,Clean,False,1.5,Track 9,Standby,505,0,0,3
2025-09-04,24,149727,55,39,168,Closed,Medium,Clean,False,11.0,Track 4,Inducted,262,0,0,3
2025-09-04,25,95928,88,52,353,Closed,Low,Clean,False,13.3,Track 4,Inducted,493,0,0,3
2025-09-05,1,153349,15,47,37,Closed,Low,Clean,False,12.8,Track 14,Inducted,99,0,0,4
2025-09-05,2,125161,38,62,44,Open,Low,Clean,False,0.0,Track 7,Maintenance,144,0,1,4
2025-09-05,3,122274,70,159,108,Closed,Low,Clean,False,1.0,Track 6,Standby,337,0,0,4
2025-09-05,4,131791,29,54,327,Open,High,Clean,True,0.0,Track 9,Maintenance,410,0,1,4
2025-09-05,5,181838,79,45,133,Open,Medium,Clean,False,0.0,Track 6,Maintenance,257,0,1,4
2025-09-05,6,220309,26,164,332,Closed,Medium,Clean,False,11.6,Track 1,Inducted,522,0,0,4
2025-09-05,7,148557,78,73,318,Closed,High,Clean,False,1.5,Track 8,Standby,469,0,0,4
2025-09-05,8,218435,65,128,125,Closed,High,Clean,False,12.6,Track 14,Inducted,318,0,0,4
2025-09-05,9,205953,46,178,346,Closed,Medium,Clean,False,1.2,Track 15,Standby,570,0,0,4
2025-09-05,10,213969,58,33,65,Open,High,Clean,False,0.0,Track 7,Maintenance,156,0,1,4
2025-09-05,11,185680,80,155,364,Closed,Low,Clean,False,9.3,Track 3,Inducted,599,0,0,4
2025-09-05,12,109373,59,148,47,Open,Medium,Clean,False,0.0,Track 6,Maintenance,254,0,1,4
2025-09-05,13,162120,30,116,15,Closed,Low,Clean,False,1.0,Track 10,Standby,161,0,0,4
2025-09-05,14,212475,35,14,69,Closed,Low,Clean,False,1.4,Track 13,Standby,118,0,0,4
2025-09-05,15,78961,82,162,293,Closed,High,Clean,False,1.3,Track 7,Standby,537,0,0,4
2025-09-05,16,109186,60,62,208,Closed,Medium,Clean,False,1.0,Track 7,Standby,330,0,0,4
2025-09-05,17,199106,81,62,141,Closed,Medium,Clean,False,1.2,Track 2,Standby,284,0,0,4
2025-09-05,18,79018,48,34,50,Closed,Medium,Clean,False,8.9,Track 8,Inducted,132,0,0,4
2025-09-05,19,217136,89,14,352,Open,High,Scheduled,True,0.0,Track 3,Maintenance,455,0,1,4
2025-09-05,20,168723,71,97,63,Closed,Low,Clean,False,8.3,Track 8,Inducted,231,0,0,4
2025-09-05,21,90516,27,155,205,Closed,Medium,Clean,False,8.6,Track 12,Inducted,387,0,0,4
2025-09-05,22,145023,13,114,108,Open,High,Clean,False,0.0,Track 14,Maintenance,235,0,1,4
2025-09-05,23,176728,60,159,283,Closed,High,Clean,False,1.5,Track 12,Standby,502,0,0,4
2025-09-05,24,149736,54,38,167,Closed,Medium,Clean,False,1.2,Track 12,Standby,259,0,0,4
2025-09-05,25,96277,87,51,352,Closed,Low,Clean,False,10.4,Track 8,Inducted,490,0,0,4
2025-09-06,1,153394,14,46,36,Closed,Low,Clean,False,0.6,Track 13,Standby,96,0,0,5
2025-09-06,2,125169,37,61,43,Closed,Low,Clean,False,1.3,Track 3,Standby,141,0,0,5
2025-09-06,3,122820,69,158,107,Closed,Low,Clean,False,13.4,Track 14,Inducted,334,0,0,5
2025-09-06,4,131837,28,53,326,Closed,High,Scheduled,True,1.2,Track 3,Standby,407,0,0,5
2025-09-06,5,181869,78,44,132,Closed,Medium,Clean,False,1.0,Track 12,Standby,254,0,0,5
2025-09-06,6,220854,25,163,331,Closed,Medium,Clean,False,10.6,Track 12,Inducted,519,0,0,5
2025-09-06,7,148557,77,72,317,Open,High,Clean,False,0.0,Track 13,Maintenance,466,0,1,5
2025-09-06,8,218435,64,127,124,Open,High,Clean,False,0.0,Track 11,Maintenance,315,0,1,5
2025-09-06,9,206473,45,177,345,Closed,Medium,Clean,False,10.2,Track 5,Inducted,567,0,0,5
2025-09-06,10,214006,57,32,64,Closed,High,Clean,False,0.6,Track 11,Standby,153,0,0,5
2025-09-06,11,185680,79,154,363,Open,Low,Clean,False,0.0,Track 15,Maintenance,596,0,1,5
2025-09-06,12,109820,58,147,46,Closed,Medium,Clean,False,12.1,Track 6,Inducted,251,0,0,5
2025-09-06,13,162642,29,115,14,Closed,Low,Clean,False,13.0,Track 12,Inducted,158,0,0,5
2025-09-06,14,212853,34,13,68,Closed,Low,Clean,False,9.6,Track 15,Inducted,115,0,0,5
2025-09-06,15,78961,81,161,292,Open,High,Clean,False,0.0,Track 10,Maintenance,534,0,1,5
2025-09-06,16,109186,59,61,207,Open,Medium,Clean,False,0.0,Track 4,Maintenance,327,0,1,5
2025-09-06,17,199138,80,61,140,Closed,Medium,Clean,False,1.0,Track 9,Standby,281,0,0,5
2025-09-06,18,79057,47,33,49,Closed,Medium,Clean,False,0.8,Track 13,Standby,129,0,0,5
2025-09-06,19,217136,88,13,351,Open,High,Scheduled,True,0.0,Track 6,Maintenance,452,0,1,5
2025-09-06,20,168761,70,96,62,Closed,Low,Clean,False,1.4,Track 7,Standby,228,0,0,5
2025-09-06,21,90855,26,154,204,Closed,Medium,Clean,False,9.9,Track 15,Inducted,384,0,0,5
2025-09-06,22,145516,12,113,107,Closed,High,Clean,False,8.4,Track 4,Inducted,232,0,0,5
2025-09-06,23,176774,59,158,282,Closed,High,Clean,False,0.9,Track 3,Standby,499,0,0,5
2025-09-06,24,149736,53,37,166,Open,Medium,Clean,False,0.0,Track 5,Maintenance,256,0,1,5
2025-09-06,25,96735,86,50,351,Closed,Low,Clean,False,9.1,Track 15,Inducted,487,0,0,5
2025-09-07,1,153889,13,45,35,Closed,Low,Clean,False,10.2,Track 11,Inducted,93,0,0,6
2025-09-07,2,125169,36,60,42,Open,Low,Clean,False,0.0,Track 13,Maintenance,138,0,1,6
2025-09-07,3,123332,68,157,106,Closed,Low,Clean,False,10.0,Track 14,Inducted,331,0,0,6
2025-09-07,4,131837,27,52,325,Open,High,Clean,False,0.0,Track 5,Maintenance,404,0,1,6
2025-09-07,5,181872,77,43,131,Closed,Medium,Clean,False,0.7,Track 3,Standby,251,0,0,6
2025-09-07,6,221176,24,162,330,Closed,Medium,Clean,False,11.8,Track 7,Inducted,516,0,0,6
2025-09-07,7,148557,76,71,316,Open,High,Clean,False,0.0,Track 8,Maintenance,463,0,1,6
2025-09-07,8,218823,63,126,123,Closed,High,Clean,False,8.8,Track 5,Inducted,312,0,0,6
2025-09-07,9,206473,44,176,344,Open,Medium,Clean,False,0.0,Track 5,Maintenance,564,0,1,6
2025-09-07,10,214006,56,31,63,Open,High,Clean,False,0.0,Track 2,Maintenance,150,0,1,6
2025-09-07,11,185680,78,153,362,Open,Low,Clean,False,0.0,Track 12,Maintenance,593,0,1,6
2025-09-07,12,109827,57,146,45,Closed,Medium,Clean,False,1.3,Track 12,Standby,248,0,0,6
2025-09-07,13,162655,28,114,13,Closed,Low,Clean,False,0.8,Track 3,Standby,155,0,0,6
2025-09-07,14,212853,33,12,67,Open,Low,Clean,False,0.0,Track 9,Maintenance,112,0,1,6
2025-09-07,15,78967,80,160,291,Closed,High,Clean,False,0.8,Track 6,Standby,531,0,0,6
2025-09-07,16,109186,58,60,206,Open,Medium,Clean,False,0.0,Track 1,Maintenance,324,0,1,6
2025-09-07,17,199529,79,60,139,Closed,Medium,Clean,False,13.3,Track 1,Inducted,278,0,0,6
2025-09-07,18,79634,46,32,48,Closed,Medium,Clean,False,10.2,Track 13,Inducted,126,0,0,6
2025-09-07,19,217136,87,12,350,Open,High,Scheduled,True,0.0,Track 1,Maintenance,449,0,1,6
2025-09-07,20,169328,69,95,61,Closed,Low,Clean,False,14.0,Track 11,Inducted,225,0,0,6
2025-09-07,21,90880,25,153,203,Closed,Medium,Clean,False,0.9,Track 2,Standby,381,0,0,6
2025-09-07,22,145903,11,112,106,Closed,High,Clean,False,13.2,Track 6,Inducted,229,0,0,6
2025-09-07,23,177373,58,157,281,Closed,High,Clean,False,10.4,Track 2,Inducted,496,0,0,6
2025-09-07,24,150112,52,36,165,Closed,Medium,Clean,False,9.0,Track 15,Inducted,253,0,0,6
2025-09-07,25,96735,85,49,350,Open,Low,Clean,False,0.0,Track 7,Maintenance,484,0,1,6
2025-09-08,1,153889,12,44,34,Open,Low,Clean,False,0.0,Track 3,Maintenance,90,0,1,0
2025-09-08,2,125169,35,59,41,Open,Low,Clean,False,0.0,Track 2,Maintenance,135,0,1,0
2025-09-08,3,123354,67,156,105,Closed,Low,Clean,False,0.9,Track 9,Standby,328,0,0,0
2025-09-08,4,132375,26,51,324,Closed,High,Clean,False,8.6,Track 12,Inducted,401,0,0,0
2025-09-08,5,182296,76,42,130,Closed,Medium,Clean,False,12.9,Track 12,Inducted,248,0,0,0
2025-09-08,6,221665,23,161,329,Closed,Medium,Clean,False,11.4,Track 7,Inducted,513,0,0,0
2025-09-08,7,148571,75,70,315,Closed,High,Clean,False,0.9,Track 6,Standby,460,0,0,0
2025-09-08,8,218842,62,125,122,Closed,High,Clean,False,1.1,Track 14,Standby,309,0,0,0
2025-09-08,9,206491,43,175,343,Closed,Medium,Clean,False,1.2,Track 2,Standby,561,0,0,0
2025-09-08,10,214492,55,30,62,Closed,High,Clean,False,9.1,Track 12,Inducted,147,0,0,0
2025-09-08,11,185684,77,152,361,Closed,Low,Clean,False,0.6,Track 1,Standby,590,0,0,0
2025-09-08,12,109827,56,145,44,Open,Medium,Clean,False,0.0,Track 2,Maintenance,245,0,1,0
2025-09-08,13,163185,27,113,12,Closed,Low,Clean,False,9.0,Track 12,Inducted,152,0,0,0
2025-09-08,14,213210,32,11,66,Closed,Low,Clean,False,8.2,Track 14,Inducted,109,0,0,0
2025-09-08,15,78967,79,159,290,Open,High,Clean,False,0.0,Track 9,Maintenance,528,0,1,0
2025-09-08,16,109186,57,59,205,Open,Medium,Clean,False,0.0,Track 6,Maintenance,321,0,1,0
2025-09-08,17,199997,78,59,138,Closed,Medium,Clean,False,12.4,Track 1,Inducted,275,0,0,0
2025-09-08,18,80126,45,31,47,Closed,Medium,Clean,False,13.8,Track 1,Inducted,123,0,0,0
2025-09-08,19,217136,86,11,349,Open,High,Clean,True,0.0,Track 7,Maintenance,446,0,1,0
2025-09-08,20,169703,68,94,60,Closed,Low,Clean,False,12.1,Track 3,Inducted,222,0,0,0
2025-09-08,21,90903,24,152,202,Closed,Medium,Clean,False,1.4,Track 9,Standby,378,0,0,0
2025-09-08,22,145903,10,111,105,Open,High,Clean,False,0.0,Track 8,Maintenance,226,0,1,0
2025-09-08,23,177379,57,156,280,Closed,High,Clean,False,1.4,Track 7,Standby,493,0,0,0
2025-09-08,24,150112,51,35,164,Open,Medium,Clean,False,0.0,Track 9,Maintenance,250,0,1,0
2025-09-08,25,96763,84,48,349,Closed,Low,Clean,False,1.2,Track 5,Standby,481,0,0,0
2025-09-09,1,153889,11,43,33,Open,Low,Clean,False,0.0,Track 3,Maintenance,87,0,1,1
2025-09-09,2,125587,34,58,40,Closed,Low,Clean,False,9.5,Track 9,Inducted,132,0,0,1
2025-09-09,3,123354,66,155,104,Open,Low,Clean,False,0.0,Track 1,Maintenance,325,0,1,1
2025-09-09,4,132383,25,50,323,Closed,High,Clean,False,1.1,Track 15,Standby,398,0,0,1
2025-09-09,5,182821,75,41,129,Closed,Medium,Clean,False,8.0,Track 9,Inducted,245,0,0,1
2025-09-09,6,221665,22,160,328,Open,Medium,Clean,False,0.0,Track 8,Maintenance,510,0,1,1
2025-09-09,7,148591,74,69,314,Closed,High,Clean,False,1.4,Track 15,Standby,457,0,0,1
2025-09-09,8,218842,61,124,121,Open,High,Clean,False,0.0,Track 3,Maintenance,306,0,1,1
2025-09-09,9,206491,42,174,342,Open,Medium,Clean,False,0.0,Track 5,Maintenance,558,0,1,1
2025-09-09,10,214982,54,29,61,Closed,High,Clean,False,8.3,Track 9,Inducted,144,0,0,1
2025-09-09,11,185695,76,151,360,Closed,Low,Clean,False,1.1,Track 8,Standby,587,0,0,1
2025-09-09,12,110164,55,144,43,Closed,Medium,Clean,False,9.2,Track 14,Inducted,242,0,0,1
2025-09-09,13,163501,26,112,11,Closed,Low,Clean,False,13.0,Track 10,Inducted,149,0,0,1
2025-09-09,14,213210,31,10,65,Open,Low,Clean,False,0.0,Track 11,Maintenance,106,0,1,1
2025-09-09,15,78977,78,158,289,Closed,High,Clean,False,1.4,Track 15,Standby,525,0,0,1
2025-09-09,16,109222,56,58,204,Closed,Medium,Clean,False,1.4,Track 7,Standby,318,0,0,1
2025-09-09,17,199997,77,58,137,Open,Medium,Clean,False,0.0,Track 8,Maintenance,272,0,1,1
2025-09-09,18,80174,44,30,46,Closed,Medium,Scheduled,True,0.6,Track 4,Standby,120,0,0,1
2025-09-09,19,217163,85,10,348,Closed,High,Scheduled,True,0.6,Track 5,Standby,443,0,0,1
2025-09-09,20,169703,67,93,59,Open,Low,Clean,False,0.0,Track 6,Maintenance,219,0,1,1
2025-09-09,21,90943,23,151,201,Closed,Medium,Clean,False,1.2,Track 2,Standby,375,0,0,1
2025-09-09,22,145903,9,110,104,Open,High,Clean,False,0.0,Track 4,Maintenance,223,0,1,1
2025-09-09,23,177379,56,155,279,Open,High,Clean,False,0.0,Track 4,Maintenance,490,0,1,1
2025-09-09,24,150162,50,34,163,Closed,Medium,Clean,False,0.5,Track 9,Standby,247,0,0,1
2025-09-09,25,97141,83,47,348,Closed,Low,Clean,False,12.0,Track 1,Inducted,478,0,0,1
2025-09-10,1,153938,10,42,32,Closed,Low,Clean,False,1.0,Track 11,Standby,84,0,0,2
2025-09-10,2,126176,33,57,39,Closed,Low,Clean,False,12.6,Track 1,Inducted,129,0,0,2
2025-09-10,3,123846,65,154,103,Closed,Low,Clean,False,13.8,Track 6,Inducted,322,0,0,2
2025-09-10,4,132405,24,49,322,Closed,High,Clean,False,1.1,Track 6,Standby,395,0,0,2
2025-09-10,5,183267,74,40,128,Closed,Medium,Clean,False,10.8,Track 9,Inducted,242,0,0,2
2025-09-10,6,221700,21,159,327,Closed,Medium,Clean,False,0.9,Track 10,Standby,507,0,0,2
2025-09-10,7,148591,73,68,313,Open,High,Clean,False,0.0,Track 12,Maintenance,454,0,1,2
2025-09-10,8,218842,60,123,120,Open,High,Clean,False,0.0,Track 3,Maintenance,303,0,1,2
2025-09-10,9,206498,41,173,341,Closed,Medium,Clean,False,0.7,Track 11,Standby,555,0,0,2
2025-09-10,10,215428,53,28,60,Closed,High,Clean,False,10.3,Track 7,Inducted,141,0,0,2
2025-09-10,11,185695,75,150,359,Open,Low,Clean,False,0.0,Track 7,Maintenance,584,0,1,2
2025-09-10,12,110202,54,143,42,Closed,Medium,Clean,False,0.7,Track 4,Standby,239,0,0,2
2025-09-10,13,163540,25,111,10,Closed,Low,Clean,False,1.4,Track 12,Standby,146,0,0,2
2025-09-10,14,213210,30,9,64,Open,Low,Clean,False,0.0,Track 7,Maintenance,103,0,1,2
2025-09-10,15,79009,77,157,288,Closed,High,Clean,False,1.0,Track 13,Standby,522,0,0,2
2025-09-10,16,109730,55,57,203,Closed,Medium,Clean,False,9.5,Track 1,Inducted,315,0,0,2
2025-09-10,17,200018,76,57,136,Closed,Medium,Clean,False,1.1,Track 11,Standby,269,0,0,2
2025-09-10,18,80185,43,29,45,Closed,Medium,Clean,False,1.0,Track 5,Standby,117,0,0,2
2025-09-10,19,217594,84,9,347,Closed,High,Clean,False,13.0,Track 11,Inducted,440,0,0,2
2025-09-10,20,169703,66,92,58,Open,Low,Clean,False,0.0,Track 5,Maintenance,216,0,1,2
2025-09-10,21,90958,22,150,200,Closed,Medium,Clean,False,0.9,Track 14,Standby,372,0,0,2
2025-09-10,22,145908,8,109,103,Closed,High,Clean,False,1.2,Track 8,Standby,220,0,0,2
2025-09-10,23,177379,55,154,278,Open,High,Clean,False,0.0,Track 7,Maintenance,487,0,1,2
2025-09-10,24,150594,49,33,162,Closed,Medium,Clean,False,12.3,Track 8,Inducted,244,0,0,2
2025-09-10,25,97624,82,46,347,Closed,Low,Clean,False,9.1,Track 2,Inducted,475,0,0,2
2025-09-11,1,153938,9,41,31,Open,Low,Scheduled,True,0.0,Track 13,Maintenance,81,0,1,3
2025-09-11,2,126186,32,56,38,Closed,Low,Clean,False,0.8,Track 4,Standby,126,0,0,3
2025-09-11,3,123883,64,153,102,Closed,Low,Clean,False,1.0,Track 11,Standby,319,0,0,3
2025-09-11,4,132893,23,48,321,Closed,High,Clean,False,9.5,Track 9,Inducted,392,0,0,3
2025-09-11,5,183291,73,39,127,Closed,Medium,Clean,False,0.7,Track 4,Standby,239,0,0,3
2025-09-11,6,221700,20,158,326,Open,Medium,Clean,False,0.0,Track 7,Maintenance,504,0,1,3
2025-09-11,7,148591,72,67,312,Open,High,Clean,False,0.0,Track 14,Maintenance,451,0,1,3
2025-09-11,8,218882,59,122,119,Closed,High,Clean,False,1.1,Track 7,Standby,300,0,0,3
2025-09-11,9,206499,40,172,340,Closed,Medium,Clean,False,0.7,Track 13,Standby,552,0,0,3
2025-09-11,10,215439,52,27,59,Closed,High,Clean,False,0.6,Track 5,Standby,138,0,0,3
2025-09-11,11,185702,74,149,358,Closed,Low,Clean,False,0.7,Track 9,Standby,581,0,0,3
2025-09-11,12,110202,53,142,41,Open,Medium,Clean,False,0.0,Track 2,Maintenance,236,0,1,3
2025-09-11,13,163554,24,110,9,Closed,Low,Clean,False,0.8,Track 5,Standby,143,0,0,3
2025-09-11,14,213229,29,8,63,Closed,Low,Clean,False,1.5,Track 10,Standby,100,0,0,3
2025-09-11,15,79048,76,156,287,Closed,High,Clean,False,0.8,Track 8,Standby,519,0,0,3
2025-09-11,16,109730,54,56,202,Open,Medium,Clean,False,0.0,Track 12,Maintenance,312,0,1,3
2025-09-11,17,200067,75,56,135,Closed,Medium,Clean,False,0.8,Track 10,Standby,266,0,0,3
2025-09-11,18,80185,42,28,44,Open,Medium,Clean,False,0.0,Track 13,Maintenance,114,0,1,3
2025-09-11,19,218124,83,8,346,Closed,High,Clean,False,11.8,Track 3,Inducted,437,0,0,3
2025-09-11,20,169706,65,91,57,Closed,Low,Clean,False,0.8,Track 6,Standby,213,0,0,3
2025-09-11,21,90989,21,149,199,Closed,Medium,Scheduled,True,0.6,Track 10,Standby,369,0,0,3
2025-09-11,22,146438,7,108,102,Closed,High,Clean,False,10.8,Track 2,Inducted,217,1,0,3
2025-09-11,23,177724,54,153,277,Closed,High,Clean,False,10.4,Track 12,Inducted,484,0,0,3
2025-09-11,24,151057,48,32,161,Closed,Medium,Clean,False,13.1,Track 8,Inducted,241,0,0,3
2025-09-11,25,98167,81,45,346,Closed,Low,Clean,False,13.4,Track 5,Inducted,472,0,0,3
2025-09-12,1,153966,8,40,30,Closed,Low,Scheduled,True,1.0,Track 11,Standby,78,0,0,4
2025-09-12,2,126186,31,55,37,Open,Low,Clean,False,0.0,Track 1,Maintenance,123,0,1,4
2025-09-12,3,123919,63,152,101,Closed,Low,Clean,False,0.9,Track 6,Standby,316,0,0,4
2025-09-12,4,132893,22,47,320,Open,High,Clean,False,0.0,Track 12,Maintenance,389,0,1,4
2025-09-12,5,183791,72,38,126,Closed,Medium,Clean,False,13.8,Track 6,Inducted,236,0,0,4
2025-09-12,6,221741,19,157,325,Closed,Medium,Clean,False,1.0,Track 6,Standby,501,0,0,4
2025-09-12,7,148591,71,66,311,Open,High,Clean,False,0.0,Track 10,Maintenance,448,0,1,4
2025-09-12,8,219399,58,121,118,Closed,High,Clean,False,12.6,Track 8,Inducted,297,0,0,4
2025-09-12,9,206499,39,171,339,Open,Medium,Clean,False,0.0,Track 14,Maintenance,549,0,1,4
2025-09-12,10,215462,51,26,58,Closed,High,Clean,False,1.2,Track 11,Standby,135,0,0,4
2025-09-12,11,186299,73,148,357,Closed,Low,Clean,False,11.2,Track 15,Inducted,578,0,0,4
2025-09-12,12,110246,52,141,40,Closed,Medium,Clean,False,1.0,Track 12,Standby,233,0,0,4
2025-09-12,13,163554,23,109,8,Open,Low,Clean,False,0.0,Track 7,Maintenance,140,0,1,4
2025-09-12,14,213239,28,7,62,Closed,Low,Clean,False,0.7,Track 7,Standby,97,1,0,4
2025-09-12,15,79048,75,155,286,Open,High,Clean,False,0.0,Track 4,Maintenance,516,0,1,4
2025-09-12,16,110141,53,55,201,Closed,Medium,Clean,False,10.3,Track 8,Inducted,309,0,0,4
2025-09-12,17,200115,74,55,134,Closed,Medium,Clean,False,0.6,Track 8,Standby,263,0,0,4
2025-09-12,18,80488,41,27,43,Closed,Medium,Clean,False,12.1,Track 3,Inducted,111,0,0,4
2025-09-12,19,218155,82,7,345,Closed,High,Clean,False,0.8,Track 13,Standby,434,1,0,4
2025-09-12,20,169706,64,90,56,Open,Low,Clean,False,0.0,Track 14,Maintenance,210,0,1,4
2025-09-12,21,91490,20,148,198,Closed,Medium,Clean,False,8.8,Track 7,Inducted,366,0,0,4
2025-09-12,22,146813,6,107,101,Closed,High,Clean,False,12.2,Track 13,Inducted,214,1,0,4
2025-09-12,23,177724,53,152,276,Open,High,Clean,False,0.0,Track 11,Maintenance,481,0,1,4
2025-09-12,24,151057,47,31,160,Open,Medium,Clean,False,0.0,Track 3,Maintenance,238,0,1,4
2025-09-12,25,98194,80,44,345,Closed,Low,Clean,False,0.9,Track 12,Standby,469,0,0,4
2025-09-13,1,153977,7,39,29,Closed,Low,Clean,False,0.9,Track 1,Standby,75,1,0,5
2025-09-13,2,126767,30,54,36,Closed,Low,Clean,False,11.1,Track 10,Inducted,120,0,0,5
2025-09-13,3,123952,62,151,100,Closed,Low,Clean,False,1.2,Track 6,Standby,313,0,0,5
2025-09-13,4,133223,21,46,319,Closed,High,Clean,False,11.2,Track 6,Inducted,386,0,0,5
2025-09-13,5,183838,71,37,125,Closed,Medium,Clean,False,1.2,Track 7,Standby,233,0,0,5
2025-09-13,6,221783,18,156,324,Closed,Medium,Clean,False,1.0,Track 5,Standby,498,0,0,5
2025-09-13,7,149070,70,65,310,Closed,High,Clean,False,9.3,Track 2,Inducted,445,0,0,5
2025-09-13,8,219399,57,120,117,Open,High,Clean,False,0.0,Track 4,Maintenance,294,0,1,5
2025-09-13,9,206516,38,170,338,Closed,Medium,Clean,False,0.9,Track 14,Standby,546,0,0,5
2025-09-13,10,215920,50,25,57,Closed,High,Clean,False,10.3,Track 2,Inducted,132,0,0,5
2025-09-13,11,186860,72,147,356,Closed,Low,Clean,False,11.7,Track 9,Inducted,575,0,0,5
2025-09-13,12,110289,51,140,39,Closed,Medium,Clean,False,1.2,Track 3,Standby,230,0,0,5
2025-09-13,13,163604,22,108,7,Closed,Low,Clean,False,1.0,Track 5,Standby,137,1,0,5
2025-09-13,14,213239,27,6,61,Open,Low,Clean,False,0.0,Track 11,Maintenance,94,1,1,5
2025-09-13,15,79048,74,154,285,Open,High,Clean,False,0.0,Track 12,Maintenance,513,0,1,5
2025-09-13,16,110145,52,54,200,Closed,Medium,Clean,False,1.4,Track 14,Standby,306,0,0,5
2025-09-13,17,200472,73,54,133,Closed,Medium,Clean,False,13.4,Track 4,Inducted,260,0,0,5
2025-09-13,18,80520,40,26,42,Closed,Medium,Clean,False,1.5,Track 14,Standby,108,0,0,5
2025-09-13,19,218180,81,6,344,Closed,High,Clean,False,0.9,Track 1,Standby,431,1,0,5
2025-09-13,20,170247,63,89,55,Closed,Low,Clean,False,12.6,Track 1,Inducted,207,0,0,5
2025-09-13,21,91490,19,147,197,Open,Medium,Clean,False,0.0,Track 8,Maintenance,363,0,1,5
2025-09-13,22,146863,5,106,100,Closed,High,Clean,False,1.2,Track 5,Standby,211,1,0,5
2025-09-13,23,178281,52,151,275,Closed,High,Clean,False,12.3,Track 14,Inducted,478,0,0,5
2025-09-13,24,151386,46,30,159,Closed,Medium,Clean,False,8.6,Track 12,Inducted,235,0,0,5
2025-09-13,25,98194,79,43,344,Open,Low,Clean,False,0.0,Track 15,Maintenance,466,0,1,5
2025-09-14,1,154427,6,38,28,Closed,Low,Clean,False,12.9,Track 13,Inducted,72,1,0,6
2025-09-14,2,127327,29,53,35,Closed,Low,Clean,False,12.7,Track 1,Inducted,117,0,0,6
2025-09-14,3,124409,61,150,99,Closed,Low,Clean,True,10.2,Track 2,Inducted,310,0,0,6
2025-09-14,4,133748,20,45,318,Closed,High,Clean,False,10.4,Track 15,Inducted,383,0,0,6
2025-09-14,5,184224,70,36,124,Closed,Medium,Clean,False,10.4,Track 1,Inducted,230,0,0,6
2025-09-14,6,221803,17,155,323,Closed,Medium,Clean,False,0.9,Track 9,Standby,495,0,0,6
2025-09-14,7,149111,69,64,309,Closed,High,Clean,False,0.9,Track 4,Standby,442,0,0,6
2025-09-14,8,219399,56,119,116,Open,High,Clean,False,0.0,Track 13,Maintenance,291,0,1,6
2025-09-14,9,206561,37,169,337,Closed,Medium,Clean,False,1.4,Track 2,Standby,543,0,0,6
2025-09-14,10,215920,49,24,56,Open,High,Clean,False,0.0,Track 11,Maintenance,129,0,1,6
2025-09-14,11,186860,71,146,355,Open,Low,Clean,False,0.0,Track 10,Maintenance,572,0,1,6
2025-09-14,12,110334,50,139,38,Closed,Medium,Clean,False,1.0,Track 14,Standby,227,0,0,6
2025-09-14,13,163604,21,107,6,Open,Low,Clean,False,0.0,Track 12,Maintenance,134,1,1,6
2025-09-14,14,213680,26,5,60,Closed,Low,Clean,False,9.9,Track 10,Inducted,91,1,0,6
2025-09-14,15,79048,73,153,284,Open,High,Clean,False,0.0,Track 14,Maintenance,510,0,1,6
2025-09-14,16,110724,51,53,199,Closed,Medium,Clean,False,10.4,Track 8,Inducted,303,0,0,6
2025-09-14,17,200472,72,53,132,Open,Medium,Clean,False,0.0,Track 4,Maintenance,257,0,1,6
2025-09-14,18,80520,39,25,41,Open,Medium,Clean,False,0.0,Track 4,Maintenance,105,0,1,6
2025-09-14,19,218180,80,5,343,Open,High,Clean,False,0.0,Track 4,Maintenance,428,1,1,6
2025-09-14,20,170795,62,88,54,Closed,Low,Clean,False,12.9,Track 11,Inducted,204,0,0,6
2025-09-14,21,91843,18,146,196,Closed,Medium,Clean,False,10.1,Track 12,Inducted,360,0,0,6
2025-09-14,22,146892,4,105,99,Closed,High,Clean,False,1.1,Track 11,Standby,208,1,0,6
2025-09-14,23,178300,51,150,274,Closed,High,Clean,False,0.8,Track 15,Standby,475,0,0,6
2025-09-14,24,151432,45,29,158,Closed,Medium,Clean,False,1.4,Track 1,Standby,232,0,0,6
2025-09-14,25,98194,78,42,343,Open,Low,Clean,False,0.0,Track 13,Maintenance,463,0,1,6
2025-09-15,1,154434,5,37,27,Closed,Low,Clean,False,1.2,Track 11,Standby,69,1,0,0
2025-09-15,2,127372,28,52,34,Closed,Low,Clean,False,0.8,Track 6,Standby,114,0,0,0
2025-09-15,3,124430,60,149,98,Closed,Low,Scheduled,True,1.3,Track 9,Standby,307,0,0,0
2025-09-15,4,134343,19,44,317,Closed,High,Clean,False,8.3,Track 11,Inducted,380,0,0,0
2025-09-15,5,184596,69,35,123,Closed,Medium,Clean,False,9.4,Track 1,Inducted,227,0,0,0
2025-09-15,6,221803,16,154,322,Open,Medium,Clean,False,0.0,Track 15,Maintenance,492,0,1,0
2025-09-15,7,149111,68,63,308,Open,High,Clean,False,0.0,Track 11,Maintenance,439,0,1,0
2025-09-15,8,219845,55,118,115,Closed,High,Clean,False,10.7,Track 3,Inducted,288,0,0,0
2025-09-15,9,206561,36,168,336,Open,Medium,Clean,False,0.0,Track 11,Maintenance,540,0,1,0
2025-09-15,10,215920,48,23,55,Open,High,Clean,False,0.0,Track 10,Maintenance,126,0,1,0
2025-09-15,11,186860,70,145,354,Open,Low,Clean,False,0.0,Track 8,Maintenance,569,0,1,0
2025-09-15,12,110367,49,138,37,Closed,Medium,Clean,False,0.9,Track 13,Standby,224,0,0,0
2025-09-15,13,164115,20,106,5,Closed,Low,Clean,False,8.6,Track 11,Inducted,131,1,0,0
2025-09-15,14,214043,25,4,59,Closed,Low,Clean,False,8.8,Track 10,Inducted,88,1,0,0
2025-09-15,15,79048,72,152,283,Open,High,Clean,False,0.0,Track 15,Maintenance,507,0,1,0
2025-09-15,16,110724,50,52,198,Open,Medium,Clean,False,0.0,Track 9,Maintenance,300,0,1,0
2025-09-15,17,200499,71,52,131,Closed,Medium,Clean,False,0.5,Track 13,Standby,254,0,0,0
2025-09-15,18,80531,38,24,40,Closed,Medium,Clean,False,0.7,Track 5,Standby,102,0,0,0
2025-09-15,19,218574,79,4,342,Closed,High,Clean,False,8.6,Track 6,Inducted,425,1,0,0
2025-09-15,20,171182,61,87,53,Closed,Low,Clean,False,12.3,Track 5,Inducted,201,0,0,0
2025-09-15,21,92350,17,145,195,Closed,Medium,Clean,False,12.4,Track 8,Inducted,357,0,0,0
2025-09-15,22,146936,3,104,98,Closed,High,Clean,False,1.0,Track 6,Standby,205,1,0,0
2025-09-15,23,178318,50,149,273,Closed,High,Clean,False,1.3,Track 5,Standby,472,0,0,0
2025-09-15,24,151984,44,28,157,Closed,Medium,Clean,False,12.3,Track 12,Inducted,229,0,0,0
2025-09-15,25,98206,77,41,342,Closed,Low,Scheduled,True,1.1,Track 15,Standby,460,0,0,0
2025-09-16,1,154950,4,36,26,Closed,Low,Clean,False,9.4,Track 15,Inducted,66,1,0,1
2025-09-16,2,127835,27,51,33,Closed,Low,Clean,False,8.7,Track 4,Inducted,111,0,0,1
2025-09-16,3,124456,59,148,97,Closed,Low,Clean,False,0.9,Track 7,Standby,304,0,0,1
2025-09-16,4,134723,18,43,316,Closed,High,Clean,False,8.3,Track 11,Inducted,377,0,0,1
2025-09-16,5,184634,68,34,122,Closed,Medium,Clean,False,1.3,Track 7,Standby,224,0,0,1
2025-09-16,6,221846,15,153,321,Closed,Medium,Clean,False,0.8,Track 10,Standby,489,0,0,1
2025-09-16,7,149159,67,62,307,Closed,High,Clean,False,1.2,Track 14,Standby,436,0,0,1
2025-09-16,8,219845,54,117,114,Open,High,Clean,False,0.0,Track 1,Maintenance,285,0,1,1
2025-09-16,9,207138,35,167,335,Closed,Medium,Clean,False,13.5,Track 13,Inducted,537,0,0,1
2025-09-16,10,216426,47,22,54,Closed,High,Clean,False,12.4,Track 3,Inducted,123,0,0,1
2025-09-16,11,186860,69,144,353,Open,Low,Clean,False,0.0,Track 6,Maintenance,566,0,1,1
2025-09-16,12,110964,48,137,36,Closed,Medium,Clean,False,12.2,Track 7,Inducted,221,0,0,1
2025-09-16,13,164162,19,105,4,Closed,Low,Clean,False,0.7,Track 2,Standby,128,1,0,1
2025-09-16,14,214067,24,3,58,Closed,Low,Clean,False,0.6,Track 15,Standby,85,1,0,1
2025-09-16,15,79417,71,151,282,Closed,High,Clean,False,10.0,Track 15,Inducted,504,0,0,1
2025-09-16,16,111249,49,51,197,Closed,Medium,Clean,False,11.3,Track 11,Inducted,297,0,0,1
2025-09-16,17,200513,70,51,130,Closed,Medium,Clean,False,0.5,Track 15,Standby,251,0,0,1
2025-09-16,18,80537,37,23,39,Closed,Medium,Clean,False,1.1,Track 4,Standby,99,0,0,1
2025-09-16,19,219124,78,3,341,Closed,High,Clean,False,10.5,Track 14,Inducted,422,1,0,1
2025-09-16,20,171183,60,86,52,Closed,Low,Clean,False,0.7,Track 13,Standby,198,0,0,1
2025-09-16,21,92779,16,144,194,Closed,Medium,Clean,False,12.0,Track 7,Inducted,354,0,0,1
2025-09-16,22,147481,2,103,97,Closed,High,Clean,False,12.1,Track 11,Inducted,202,1,0,1
2025-09-16,23,178731,49,148,272,Closed,High,Clean,False,10.6,Track 1,Inducted,469,0,0,1
2025-09-16,24,151984,43,27,156,Open,Medium,Clean,False,0.0,Track 7,Maintenance,226,0,1,1
2025-09-16,25,98528,76,40,341,Closed,Low,Clean,False,11.3,Track 6,Inducted,457,0,0,1
2025-09-17,1,155263,3,35,25,Closed,Low,Clean,False,10.3,Track 5,Inducted,63,1,0,2
2025-09-17,2,128409,26,50,32,Closed,Low,Clean,False,8.0,Track 11,Inducted,108,0,0,2
2025-09-17,3,124456,58,147,96,Open,Low,Clean,False,0.0,Track 1,Maintenance,301,0,1,2
2025-09-17,4,134732,17,42,315,Closed,High,Clean,False,1.1,Track 3,Standby,374,0,0,2
2025-09-17,5,184634,67,33,121,Open,Medium,Clean,False,0.0,Track 9,Maintenance,221,0,1,2
2025-09-17,6,221846,14,152,320,Open,Medium,Clean,False,0.0,Track 8,Maintenance,486,0,1,2
2025-09-17,7,149159,66,61,306,Open,High,Clean,False,0.0,Track 12,Maintenance,433,0,1,2
2025-09-17,8,219884,53,116,113,Closed,High,Clean,False,1.4,Track 6,Standby,282,0,0,2
2025-09-17,9,207542,34,166,334,Closed,Medium,Clean,False,11.8,Track 10,Inducted,534,0,0,2
2025-09-17,10,216446,46,21,53,Closed,High,Clean,False,0.7,Track 7,Standby,120,0,0,2
2025-09-17,11,186860,68,143,352,Open,Low,Clean,False,0.0,Track 6,Maintenance,563,0,1,2
2025-09-17,12,110964,47,136,35,Open,Medium,Clean,False,0.0,Track 8,Maintenance,218,0,1,2
2025-09-17,13,164183,18,104,3,Closed,Low,Clean,False,1.2,Track 3,Standby,125,1,0,2
2025-09-17,14,214067,23,2,57,Open,Low,Clean,False,0.0,Track 1,Maintenance,82,1,1,2
2025-09-17,15,79855,70,150,281,Closed,High,Clean,False,13.7,Track 6,Inducted,501,0,0,2
2025-09-17,16,111661,48,50,196,Closed,Medium,Clean,False,12.9,Track 2,Inducted,294,0,0,2
2025-09-17,17,200521,69,50,129,Closed,Medium,Clean,False,1.4,Track 15,Standby,248,0,0,2
2025-09-17,18,81043,36,22,38,Closed,Medium,Clean,False,8.3,Track 9,Inducted,96,0,0,2
2025-09-17,19,219124,77,2,340,Open,High,Clean,False,0.0,Track 12,Maintenance,419,1,1,2
2025-09-17,20,171219,59,85,51,Closed,Low,Clean,False,1.4,Track 14,Standby,195,0,0,2
2025-09-17,21,92820,15,143,193,Closed,Medium,Clean,False,1.3,Track 5,Standby,351,0,0,2
2025-09-17,22,147911,1,102,96,Closed,High,Clean,False,14.0,Track 8,Inducted,199,1,0,2
2025-09-17,23,179081,48,147,271,Closed,High,Clean,False,12.7,Track 12,Inducted,466,0,0,2
2025-09-17,24,152016,42,26,155,Closed,Medium,Clean,False,1.0,Track 4,Standby,223,0,0,2
2025-09-17,25,98830,75,39,340,Closed,Low,Clean,False,12.4,Track 12,Inducted,454,0,0,2
2025-09-18,1,155263,2,34,24,Open,Low,Clean,False,0.0,Track 1,Maintenance,60,1,1,3
2025-09-18,2,128409,25,49,31,Open,Low,Clean,False,0.0,Track 14,Maintenance,105,0,1,3
2025-09-18,3,124456,57,146,95,Open,Low,Clean,False,0.0,Track 8,Maintenance,298,0,1,3
2025-09-18,4,135195,16,41,314,Closed,High,Clean,False,13.6,Track 3,Inducted,371,0,0,3
2025-09-18,5,184634,66,32,120,Open,Medium,Clean,False,0.0,Track 1,Maintenance,218,0,1,3
2025-09-18,6,221888,13,151,319,Closed,Medium,Clean,False,0.5,Track 6,Standby,483,0,0,3
2025-09-18,7,149522,65,60,305,Closed,High,Clean,False,12.2,Track 2,Inducted,430,0,0,3
2025-09-18,8,220385,52,115,112,Closed,High,Clean,False,8.9,Track 12,Inducted,279,0,0,3
2025-09-18,9,207987,33,165,333,Closed,Medium,Clean,False,13.0,Track 7,Inducted,531,0,0,3
2025-09-18,10,216461,45,20,52,Closed,High,Clean,False,1.4,Track 14,Standby,117,0,0,3
2025-09-18,11,187385,67,142,351,Closed,Low,Clean,False,10.0,Track 9,Inducted,560,0,0,3
2025-09-18,12,111542,46,135,34,Closed,Medium,Clean,False,13.2,Track 10,Inducted,215,0,0,3
2025-09-18,13,164485,17,103,2,Closed,Low,Clean,False,9.4,Track 6,Inducted,122,1,0,3
2025-09-18,14,214465,22,1,56,Closed,Low,Clean,False,12.4,Track 15,Inducted,79,1,0,3
2025-09-18,15,79886,69,149,280,Closed,High,Clean,False,0.7,Track 3,Standby,498,0,0,3
2025-09-18,16,111981,47,49,195,Closed,Medium,Clean,False,10.8,Track 8,Inducted,291,0,0,3
2025-09-18,17,201029,68,49,128,Closed,Medium,Clean,False,11.5,Track 13,Inducted,245,0,0,3
2025-09-18,18,81055,35,21,37,Closed,Medium,Clean,False,1.5,Track 5,Standby,93,0,0,3
2025-09-18,19,219166,76,1,339,Closed,High,Clean,False,0.6,Track 2,Standby,416,1,0,3
2025-09-18,20,171728,58,84,50,Closed,Low,Clean,False,8.6,Track 9,Inducted,192,0,0,3
2025-09-18,21,92820,14,142,192,Open,Medium,Clean,False,0.0,Track 14,Maintenance,348,0,1,3
2025-09-18,22,148435,90,101,95,Closed,High,Clean,False,12.6,Track 9,Inducted,286,0,0,3
2025-09-18,23,179599,47,146,270,Closed,High,Clean,True,11.3,Track 6,Inducted,463,0,0,3
2025-09-18,24,152606,41,25,154,Closed,Medium,Clean,False,13.6,Track 10,Inducted,220,0,0,3
2025-09-18,25,99283,74,38,339,Closed,Low,Clean,False,8.7,Track 2,Inducted,451,0,0,3
2025-09-19,1,155304,1,33,23,Closed,Low,Clean,False,0.9,Track 13,Standby,57,1,0,4
2025-09-19,2,128736,24,48,30,Closed,Low,Clean,False,8.3,Track 2,Inducted,102,0,0,4
2025-09-19,3,124497,56,145,94,Closed,Low,Clean,False,0.7,Track 7,Standby,295,0,0,4
2025-09-19,4,135204,15,40,313,Closed,High,Clean,False,1.1,Track 11,Standby,368,0,0,4
2025-09-19,5,184644,65,31,119,Closed,Medium,Clean,False,1.4,Track 10,Standby,215,0,0,4
2025-09-19,6,221888,12,150,318,Open,Medium,Clean,False,0.0,Track 8,Maintenance,480,0,1,4
2025-09-19,7,149522,64,59,304,Open,High,Clean,True,0.0,Track 9,Maintenance,427,0,1,4
2025-09-19,8,220733,51,114,111,Closed,High,Clean,False,13.8,Track 5,Inducted,276,0,0,4
2025-09-19,9,208398,32,164,332,Closed,Medium,Clean,False,8.6,Track 7,Inducted,528,0,0,4
2025-09-19,10,216501,44,19,51,Closed,High,Clean,False,1.5,Track 9,Standby,114,0,0,4
2025-09-19,11,187391,66,141,350,Closed,Low,Clean,False,0.7,Track 11,Standby,557,0,0,4
2025-09-19,12,112044,45,134,33,Closed,Medium,Clean,False,9.1,Track 4,Inducted,212,0,0,4
2025-09-19,13,164485,16,102,1,Open,Low,Clean,False,0.0,Track 2,Maintenance,119,1,1,4
2025-09-19,14,214813,21,180,55,Closed,Low,Clean,False,10.4,Track 5,Inducted,256,0,0,4
2025-09-19,15,79896,68,148,279,Closed,High,Clean,False,0.6,Track 4,Standby,495,0,0,4
2025-09-19,16,111981,46,48,194,Open,Medium,Clean,True,0.0,Track 8,Maintenance,288,0,1,4
2025-09-19,17,201069,67,48,127,Closed,Medium,Clean,False,1.0,Track 13,Standby,242,0,0,4
2025-09-19,18,81087,34,20,36,Closed,Medium,Clean,False,0.9,Track 2,Standby,90,0,0,4
2025-09-19,19,219509,75,180,338,Closed,High,Clean,False,11.5,Track 10,Inducted,593,0,0,4
2025-09-19,20,171728,57,83,49,Open,Low,Clean,False,0.0,Track 4,Maintenance,189,0,1,4
2025-09-19,21,92843,13,141,191,Closed,Medium,Clean,False,1.3,Track 11,Standby,345,0,0,4
2025-09-19,22,148435,89,100,94,Open,High,Clean,False,0.0,Track 4,Maintenance,283,0,1,4
2025-09-19,23,179636,46,145,269,Closed,High,Scheduled,True,0.9,Track 8,Standby,460,0,0,4
2025-09-19,24,152653,40,24,153,Closed,Medium,Scheduled,True,0.9,Track 3,Standby,217,0,0,4
2025-09-19,25,99306,73,37,338,Closed,Low,Clean,False,1.4,Track 1,Standby,448,0,0,4
2025-09-20,1,155304,90,32,22,Open,Low,Clean,False,0.0,Track 5,Maintenance,144,0,1,5
2025-09-20,2,129121,23,47,29,Closed,Low,Clean,False,10.6,Track 3,Inducted,99,0,0,5
2025-09-20,3,124502,55,144,93,Closed,Low,Clean,False,1.2,Track 1,Standby,292,0,0,5
2025-09-20,4,135204,14,39,312,Open,High,Clean,False,0.0,Track 11,Maintenance,365,0,1,5
2025-09-20,5,184644,64,30,118,Closed,Medium,Clean,False,0.8,Track 6,Standby,212,0,0,5
2025-09-20,6,221894,11,149,317,Closed,Medium,Clean,False,1.2,Track 6,Standby,477,0,0,5
2025-09-20,7,149522,63,58,303,Open,High,Scheduled,True,0.0,Track 7,Maintenance,424,0,1,5
2025-09-20,8,220759,50,113,110,Closed,High,Clean,False,1.4,Track 5,Standby,273,0,0,5
2025-09-20,9,208949,31,163,331,Closed,Medium,Clean,False,11.4,Track 6,Inducted,525,0,0,5
2025-09-20,10,216886,43,18,50,Closed,High,Clean,True,9.5,Track 4,Inducted,111,0,0,5
2025-09-20,11,187420,65,140,349,Closed,Low,Clean,False,0.8,Track 6,Standby,554,0,0,5
2025-09-20,12,112394,44,133,32,Closed,Medium,Clean,False,9.9,Track 14,Inducted,209,0,0,5
2025-09-20,13,164497,15,101,365,Closed,Low,Clean,False,1.5,Track 9,Standby,481,0,0,5
2025-09-20,14,214813,20,179,54,Open,Low,Clean,True,0.0,Track 10,Maintenance,253,0,1,5
2025-09-20,15,80394,67,147,278,Closed,High,Clean,False,10.9,Track 7,Inducted,492,0,0,5
2025-09-20,16,111983,45,47,193,Closed,Medium,Scheduled,True,1.4,Track 11,Standby,285,0,0,5
2025-09-20,17,201536,66,47,126,Closed,Medium,Clean,False,8.7,Track 11,Inducted,239,0,0,5
2025-09-20,18,81549,33,19,35,Closed,Medium,Clean,False,8.8,Track 4,Inducted,87,0,0,5
2025-09-20,19,220036,74,179,337,Closed,High,Clean,False,9.0,Track 8,Inducted,590,0,0,5
2025-09-20,20,171742,56,82,48,Closed,Low,Clean,False,1.4,Track 13,Standby,186,0,0,5
2025-09-20,21,93426,12,140,190,Closed,Medium,Clean,False,10.3,Track 3,Inducted,342,0,0,5
2025-09-20,22,148472,88,99,93,Closed,High,Scheduled,True,1.4,Track 14,Standby,280,0,0,5
2025-09-20,23,180223,45,144,268,Closed,High,Clean,False,9.3,Track 11,Inducted,457,0,0,5
2025-09-20,24,153166,39,23,152,Closed,Medium,Clean,False,10.5,Track 3,Inducted,214,0,0,5
2025-09-20,25,99700,72,36,337,Closed,Low,Clean,False,13.8,Track 4,Inducted,445,0,0,5
2025-09-21,1,155803,89,31,21,Closed,Low,Clean,False,11.1,Track 3,Inducted,141,0,0,6
2025-09-21,2,129121,22,46,28,Open,Low,Clean,False,0.0,Track 9,Maintenance,96,0,1,6
2025-09-21,3,124517,54,143,92,Closed,Low,Clean,False,1.0,Track 7,Standby,289,0,0,6
2025-09-21,4,135204,13,38,311,Open,High,Clean,False,0.0,Track 1,Maintenance,362,0,1,6
2025-09-21,5,184690,63,29,117,Closed,Medium,Clean,False,1.1,Track 15,Standby,209,0,0,6
2025-09-21,6,221894,10,148,316,Open,Medium,Clean,False,0.0,Track 3,Maintenance,474,0,1,6
2025-09-21,7,149529,62,57,302,Closed,High,Scheduled,True,1.1,Track 8,Standby,421,0,0,6
2025-09-21,8,220759,49,112,109,Open,High,Clean,False,0.0,Track 11,Maintenance,270,0,1,6
2025-09-21,9,208949,30,162,330,Open,Medium,Clean,False,0.0,Track 12,Maintenance,522,0,1,6
2025-09-21,10,216900,42,17,49,Closed,High,Scheduled,True,1.1,Track 12,Standby,108,0,0,6
2025-09-21,11,187752,64,139,348,Closed,Low,Clean,False,8.3,Track 11,Inducted,551,0,0,6
2025-09-21,12,112986,43,132,31,Closed,Medium,Clean,False,10.6,Track 7,Inducted,206,0,0,6
2025-09-21,13,164807,14,100,364,Closed,Low,Clean,False,10.0,Track 6,Inducted,478,0,0,6
2025-09-21,14,214835,19,178,53,Closed,Low,Scheduled,True,1.4,Track 15,Standby,250,0,0,6
2025-09-21,15,80431,66,146,277,Closed,High,Clean,False,0.6,Track 14,Standby,489,0,0,6
2025-09-21,16,112489,44,46,192,Closed,Medium,Clean,False,10.7,Track 5,Inducted,282,0,0,6
2025-09-21,17,201585,65,46,125,Closed,Medium,Clean,False,1.5,Track 6,Standby,236,0,0,6
2025-09-21,18,81562,32,18,34,Closed,Medium,Clean,False,1.1,Track 3,Standby,84,0,0,6
2025-09-21,19,220036,73,178,336,Open,High,Clean,False,0.0,Track 15,Maintenance,587,0,1,6
2025-09-21,20,171747,55,81,47,Closed,Low,Clean,False,1.2,Track 14,Standby,183,0,0,6
2025-09-21,21,93426,11,139,189,Open,Medium,Clean,False,0.0,Track 15,Maintenance,339,0,1,6
2025-09-21,22,148472,87,98,92,Open,High,Clean,False,0.0,Track 15,Maintenance,277,0,1,6
2025-09-21,23,180769,44,143,267,Closed,High,Clean,False,13.7,Track 2,Inducted,454,0,0,6
2025-09-21,24,153166,38,22,151,Open,Medium,Clean,False,0.0,Track 9,Maintenance,211,0,1,6
2025-09-21,25,99704,71,35,336,Closed,Low,Clean,False,1.2,Track 7,Standby,442,0,0,6
2025-09-22,1,155832,88,30,20,Closed,Low,Clean,False,0.9,Track 2,Standby,138,0,0,0
2025-09-22,2,129636,21,45,27,Closed,Low,Clean,False,9.8,Track 2,Inducted,93,0,0,0
2025-09-22,3,124559,53,142,91,Closed,Low,Clean,False,0.6,Track 13,Standby,286,0,0,0
2025-09-22,4,135204,12,37,310,Open,High,Clean,False,0.0,Track 2,Maintenance,359,0,1,0
2025-09-22,5,184694,62,28,116,Closed,Medium,Clean,False,1.2,Track 1,Standby,206,0,0,0
2025-09-22,6,221902,9,147,315,Closed,Medium,Clean,False,1.1,Track 11,Standby,471,0,0,0
2025-09-22,7,150079,61,56,301,Closed,High,Clean,False,9.4,Track 13,Inducted,418,0,0,0
2025-09-22,8,220807,48,111,108,Closed,High,Clean,False,0.7,Track 4,Standby,267,0,0,0
2025-09-22,9,209502,29,161,329,Closed,Medium,Clean,False,12.4,Track 2,Inducted,519,0,0,0
2025-09-22,10,216930,41,16,48,Closed,High,Clean,False,0.8,Track 7,Standby,105,0,0,0
2025-09-22,11,187752,63,138,347,Open,Low,Clean,False,0.0,Track 15,Maintenance,548,0,1,0
2025-09-22,12,112986,42,131,30,Open,Medium,Clean,False,0.0,Track 7,Maintenance,203,0,1,0
2025-09-22,13,164807,13,99,363,Open,Low,Clean,False,0.0,Track 3,Maintenance,475,0,1,0
2025-09-22,14,214835,18,177,52,Open,Low,Clean,False,0.0,Track 15,Maintenance,247,0,1,0
2025-09-22,15,80453,65,145,276,Closed,High,Clean,False,0.5,Track 10,Standby,486,0,0,0
2025-09-22,16,112502,43,45,191,Closed,Medium,Clean,False,0.5,Track 11,Standby,279,0,0,0
2025-09-22,17,202155,64,45,124,Closed,Medium,Clean,False,11.8,Track 2,Inducted,233,0,0,0
2025-09-22,18,81591,31,17,33,Closed,Medium,Clean,False,0.7,Track 15,Standby,81,0,0,0
2025-09-22,19,220036,72,177,335,Open,High,Clean,False,0.0,Track 1,Maintenance,584,0,1,0
2025-09-22,20,172106,54,80,46,Closed,Low,Clean,False,12.5,Track 11,Inducted,180,0,0,0
2025-09-22,21,93426,10,138,188,Closed,Medium,Clean,False,0.9,Track 11,Standby,336,0,0,0
2025-09-22,22,149047,86,97,91,Closed,High,Clean,False,9.5,Track 8,Inducted,274,0,0,0
2025-09-22,23,181259,43,142,266,Closed,High,Clean,False,8.2,Track 8,Inducted,451,0,0,0
2025-09-22,24,153213,37,21,150,Closed,Medium,Clean,False,1.0,Track 4,Standby,208,0,0,0
2025-09-22,25,99720,70,34,335,Closed,Low,Clean,False,1.3,Track 5,Standby,439,0,0,0
2025-09-23,1,155833,87,29,19,Closed,Low,Clean,False,0.8,Track 1,Standby,135,0,0,1
2025-09-23,2,129636,20,44,26,Open,Low,Clean,False,0.0,Track 14,Maintenance,90,0,1,1
2025-09-23,3,125102,52,141,90,Closed,Low,Clean,False,9.2,Track 14,Inducted,283,0,0,1
2025-09-23,4,135204,11,36,309,Open,High,Clean,False,0.0,Track 8,Maintenance,356,0,1,1
2025-09-23,5,185284,61,27,115,Closed,Medium,Clean,False,10.0,Track 10,Inducted,203,0,0,1
2025-09-23,6,221902,8,146,314,Open,Medium,Clean,False,0.0,Track 14,Maintenance,468,0,1,1
2025-09-23,7,150125,60,55,300,Closed,High,Clean,False,1.5,Track 1,Standby,415,0,0,1
2025-09-23,8,221318,47,110,107,Closed,High,Clean,False,10.6,Track 2,Inducted,264,0,0,1
2025-09-23,9,209502,28,160,328,Open,Medium,Clean,False,0.0,Track 10,Maintenance,516,0,1,1
2025-09-23,10,217507,40,15,47,Closed,High,Clean,False,10.6,Track 11,Inducted,102,0,0,1
2025-09-23,11,188086,62,137,346,Closed,Low,Clean,False,12.3,Track 15,Inducted,545,0,0,1
2025-09-23,12,113021,41,130,29,Closed,Medium,Clean,False,1.1,Track 2,Standby,200,0,0,1
2025-09-23,13,165358,12,98,362,Closed,Low,Clean,False,13.7,Track 6,Inducted,472,0,0,1
2025-09-23,14,215258,17,176,51,Closed,Low,Clean,False,10.5,Track 13,Inducted,244,0,0,1
2025-09-23,15,80946,64,144,275,Closed,High,Clean,False,13.9,Track 7,Inducted,483,0,0,1
2025-09-23,16,112535,42,44,190,Closed,Medium,Clean,False,1.2,Track 7,Standby,276,0,0,1
2025-09-23,17,202156,63,44,123,Closed,Medium,Clean,False,1.0,Track 6,Standby,230,0,0,1
2025-09-23,18,81591,30,16,32,Open,Medium,Clean,False,0.0,Track 3,Maintenance,78,0,1,1
2025-09-23,19,220052,71,176,334,Closed,High,Clean,False,1.0,Track 11,Standby,581,0,0,1
2025-09-23,20,172106,53,79,45,Open,Low,Clean,False,0.0,Track 3,Maintenance,177,0,1,1
2025-09-23,21,93426,9,137,187,Open,Medium,Clean,False,0.0,Track 15,Maintenance,333,0,1,1
2025-09-23,22,149048,85,96,90,Closed,High,Clean,False,0.9,Track 14,Standby,271,0,0,1
2025-09-23,23,181852,42,141,265,Closed,High,Clean,False,13.9,Track 1,Inducted,448,0,0,1
2025-09-23,24,153218,36,20,149,Closed,Medium,Clean,False,1.1,Track 9,Standby,205,0,0,1
2025-09-23,25,99770,69,33,334,Closed,Low,Clean,False,0.9,Track 12,Standby,436,0,0,1
2025-09-24,1,155875,86,28,18,Closed,Low,Clean,False,0.7,Track 6,Standby,132,0,0,2
2025-09-24,2,130121,19,43,25,Closed,Low,Clean,False,10.4,Track 11,Inducted,87,0,0,2
2025-09-24,3,125645,51,140,89,Closed,Low,Clean,False,13.4,Track 4,Inducted,280,0,0,2
2025-09-24,4,135513,10,35,308,Closed,High,Clean,False,8.3,Track 8,Inducted,353,0,0,2
2025-09-24,5,185284,60,26,114,Open,Medium,Clean,False,0.0,Track 10,Maintenance,200,0,1,2
2025-09-24,6,221902,7,145,313,Open,Medium,Clean,False,0.0,Track 15,Maintenance,465,1,1,2
2025-09-24,7,150146,59,54,299,Closed,High,Clean,False,0.9,Track 14,Standby,412,0,0,2
2025-09-24,8,221336,46,109,106,Closed,High,Clean,True,1.1,Track 15,Standby,261,0,0,2
2025-09-24,9,209546,27,159,327,Closed,Medium,Clean,False,0.6,Track 7,Standby,513,0,0,2
2025-09-24,10,217816,39,14,46,Closed,High,Clean,False,8.1,Track 5,Inducted,99,0,0,2
2025-09-24,11,188086,61,136,345,Open,Low,Clean,False,0.0,Track 5,Maintenance,542,0,1,2
2025-09-24,12,113057,40,129,28,Closed,Medium,Clean,True,0.5,Track 14,Standby,197,0,0,2
2025-09-24,13,165373,11,97,361,Closed,Low,Clean,False,0.9,Track 3,Standby,469,0,0,2
2025-09-24,14,215807,16,175,50,Closed,Low,Clean,False,8.2,Track 12,Inducted,241,0,0,2
2025-09-24,15,80987,63,143,274,Closed,High,Clean,False,1.1,Track 7,Standby,480,0,0,2
2025-09-24,16,113109,41,43,189,Closed,Medium,Clean,False,11.8,Track 8,Inducted,273,0,0,2
2025-09-24,17,202726,62,43,122,Closed,Medium,Clean,False,10.4,Track 3,Inducted,227,0,0,2
2025-09-24,18,81591,29,15,31,Open,Medium,Clean,False,0.0,Track 7,Maintenance,75,0,1,2
2025-09-24,19,220065,70,175,333,Closed,High,Clean,False,0.9,Track 7,Standby,578,0,0,2
2025-09-24,20,172140,52,78,44,Closed,Low,Clean,False,0.7,Track 15,Standby,174,0,0,2
2025-09-24,21,94019,8,136,186,Closed,Medium,Clean,False,9.5,Track 11,Inducted,330,0,0,2
2025-09-24,22,149644,84,95,89,Closed,High,Clean,False,13.0,Track 2,Inducted,268,0,0,2
2025-09-24,23,182408,41,140,264,Closed,High,Clean,False,12.6,Track 12,Inducted,445,0,0,2
2025-09-24,24,153218,35,19,148,Closed,Medium,Clean,False,1.1,Track 2,Standby,202,0,0,2
2025-09-24,25,99809,68,32,333,Closed,Low,Clean,False,1.5,Track 5,Standby,433,0,0,2
2025-09-25,1,155875,85,27,17,Open,Low,Clean,False,0.0,Track 5,Maintenance,129,0,1,3
2025-09-25,2,130566,18,42,24,Closed,Low,Clean,False,8.2,Track 7,Inducted,84,0,0,3
2025-09-25,3,125685,50,139,88,Closed,Low,Clean,False,1.0,Track 14,Standby,277,0,0,3
2025-09-25,4,135827,9,34,307,Closed,High,Clean,False,11.1,Track 11,Inducted,350,0,0,3
2025-09-25,5,185284,59,25,113,Open,Medium,Clean,False,0.0,Track 5,Maintenance,197,0,1,3
2025-09-25,6,222274,6,144,312,Closed,Medium,Clean,False,13.8,Track 6,Inducted,462,1,0,3
2025-09-25,7,150151,58,53,298,Closed,High,Clean,False,0.6,Track 2,Standby,409,0,0,3
2025-09-25,8,221339,45,108,105,Closed,High,Scheduled,True,0.7,Track 13,Standby,258,0,0,3
2025-09-25,9,209933,26,158,326,Closed,Medium,Clean,False,10.8,Track 15,Inducted,510,0,0,3
2025-09-25,10,217827,38,13,45,Closed,High,Clean,False,0.7,Track 11,Standby,96,0,0,3
2025-09-25,11,188092,60,135,344,Closed,Low,Clean,False,0.8,Track 15,Standby,539,0,0,3
2025-09-25,12,113057,39,128,27,Open,Medium,Scheduled,True,0.0,Track 6,Maintenance,194,0,1,3
2025-09-25,13,165373,10,96,360,Open,Low,Clean,False,0.0,Track 10,Maintenance,466,0,1,3
2025-09-25,14,215807,15,174,49,Open,Low,Clean,False,0.0,Track 11,Maintenance,238,0,1,3
2025-09-25,15,81030,62,142,273,Closed,High,Clean,False,0.5,Track 15,Standby,477,0,0,3
2025-09-25,16,113109,40,42,188,Open,Medium,Clean,False,0.0,Track 14,Maintenance,270,0,1,3
2025-09-25,17,203061,61,42,121,Closed,Medium,Clean,False,12.4,Track 10,Inducted,224,0,0,3
2025-09-25,18,81591,28,14,30,Open,Medium,Clean,False,0.0,Track 15,Maintenance,72,0,1,3
2025-09-25,19,220086,69,174,332,Closed,High,Clean,False,0.6,Track 12,Standby,575,0,0,3
2025-09-25,20,172154,51,77,43,Closed,Low,Clean,False,0.7,Track 14,Standby,171,0,0,3
2025-09-25,21,94019,7,135,185,Closed,Medium,Clean,False,1.5,Track 3,Standby,327,1,0,3
2025-09-25,22,149644,83,94,88,Open,High,Clean,False,0.0,Track 4,Maintenance,265,0,1,3
2025-09-25,23,182456,40,139,263,Closed,High,Clean,False,1.1,Track 9,Standby,442,0,0,3
2025-09-25,24,153268,34,18,147,Closed,Medium,Clean,False,1.3,Track 7,Standby,199,0,0,3
2025-09-25,25,100200,67,31,332,Closed,Low,Clean,False,10.2,Track 14,Inducted,430,0,0,3
2025-09-26,1,155875,84,26,16,Open,Low,Clean,False,0.0,Track 3,Maintenance,126,0,1,4
2025-09-26,2,130589,17,41,23,Closed,Low,Clean,False,1.2,Track 10,Standby,81,0,0,4
2025-09-26,3,126208,49,138,87,Closed,Low,Clean,False,8.9,Track 11,Inducted,274,0,0,4
2025-09-26,4,136242,8,33,306,Closed,High,Clean,False,13.4,Track 7,Inducted,347,0,0,4
2025-09-26,5,185284,58,24,112,Open,Medium,Clean,False,0.0,Track 9,Maintenance,194,0,1,4
2025-09-26,6,222794,5,143,311,Closed,Medium,Clean,False,13.8,Track 9,Inducted,459,1,0,4
2025-09-26,7,150713,57,52,297,Closed,High,Clean,False,8.9,Track 9,Inducted,406,0,0,4
2025-09-26,8,221339,44,107,104,Closed,High,Clean,False,0.5,Track 8,Standby,255,0,0,4
2025-09-26,9,209933,25,157,325,Open,Medium,Clean,False,0.0,Track 9,Maintenance,507,0,1,4
2025-09-26,10,217828,37,12,44,Closed,High,Clean,False,1.0,Track 5,Standby,93,0,0,4
2025-09-26,11,188092,59,134,343,Open,Low,Clean,False,0.0,Track 4,Maintenance,536,0,1,4
2025-09-26,12,113057,38,127,26,Open,Medium,Clean,True,0.0,Track 13,Maintenance,191,0,1,4
2025-09-26,13,165409,9,95,359,Closed,Low,Clean,False,0.7,Track 7,Standby,463,0,0,4
2025-09-26,14,215807,14,173,48,Open,Low,Clean,False,0.0,Track 6,Maintenance,235,0,1,4
2025-09-26,15,81046,61,141,272,Closed,High,Clean,True,0.7,Track 15,Standby,474,0,0,4
2025-09-26,16,113638,39,41,187,Closed,Medium,Clean,False,9.2,Track 11,Inducted,267,0,0,4
2025-09-26,17,203065,60,41,120,Closed,Medium,Clean,False,0.6,Track 9,Standby,221,0,0,4
2025-09-26,18,82104,27,13,29,Closed,Medium,Clean,False,9.1,Track 4,Inducted,69,0,0,4
2025-09-26,19,220629,68,173,331,Closed,High,Clean,False,10.1,Track 6,Inducted,572,0,0,4
2025-09-26,20,172154,50,76,42,Open,Low,Clean,False,0.0,Track 3,Maintenance,168,0,1,4
2025-09-26,21,94045,6,134,184,Closed,Medium,Clean,False,0.6,Track 2,Standby,324,1,0,4
2025-09-26,22,149671,82,93,87,Closed,High,Clean,False,1.1,Track 4,Standby,262,0,0,4
2025-09-26,23,182860,39,138,262,Closed,High,Clean,False,8.1,Track 14,Inducted,439,0,0,4
2025-09-26,24,153777,33,17,146,Closed,Medium,Clean,False,11.8,Track 6,Inducted,196,0,0,4
2025-09-26,25,100210,66,30,331,Closed,Low,Clean,False,0.6,Track 11,Standby,427,0,0,4
2025-09-27,1,156321,83,25,15,Closed,Low,Clean,False,12.9,Track 1,Inducted,123,0,0,5
2025-09-27,2,130637,16,40,22,Closed,Low,Clean,False,1.0,Track 2,Standby,78,0,0,5
2025-09-27,3,126237,48,137,86,Closed,Low,Clean,False,0.9,Track 1,Standby,271,0,0,5
2025-09-27,4,136242,7,32,305,Open,High,Clean,False,0.0,Track 3,Maintenance,344,1,1,5
2025-09-27,5,185284,57,23,111,Open,Medium,Clean,False,0.0,Track 5,Maintenance,191,0,1,5
2025-09-27,6,222811,4,142,310,Closed,Medium,Clean,False,0.8,Track 7,Standby,456,1,0,5
2025-09-27,7,151187,56,51,296,Closed,High,Clean,False,13.6,Track 11,Inducted,403,0,0,5
2025-09-27,8,221339,43,106,103,Open,High,Clean,False,0.0,Track 10,Maintenance,252,0,1,5
2025-09-27,9,209933,24,156,324,Open,Medium,Clean,False,0.0,Track 11,Maintenance,504,0,1,5
2025-09-27,10,217834,36,11,43,Closed,High,Clean,False,0.7,Track 3,Standby,90,0,0,5
2025-09-27,11,188118,58,133,342,Closed,Low,Clean,False,1.2,Track 2,Standby,533,0,0,5
2025-09-27,12,113107,37,126,25,Closed,Medium,Scheduled,True,0.9,Track 3,Standby,188,0,0,5
2025-09-27,13,165409,8,94,358,Open,Low,Scheduled,True,0.0,Track 12,Maintenance,460,0,1,5
2025-09-27,14,215835,13,172,47,Closed,Low,Clean,False,1.1,Track 1,Standby,232,0,0,5
2025-09-27,15,81046,60,140,271,Open,High,Scheduled,True,0.0,Track 12,Maintenance,471,0,1,5
2025-09-27,16,113641,38,40,186,Closed,Medium,Clean,False,1.0,Track 10,Standby,264,0,0,5
2025-09-27,17,203545,59,40,119,Closed,Medium,Clean,False,9.2,Track 2,Inducted,218,0,0,5
2025-09-27,18,82630,26,12,28,Closed,Medium,Clean,False,8.8,Track 8,Inducted,66,0,0,5
2025-09-27,19,220667,67,172,330,Closed,High,Clean,False,0.5,Track 2,Standby,569,0,0,5
2025-09-27,20,172730,49,75,41,Closed,Low,Clean,False,9.1,Track 15,Inducted,165,0,0,5
2025-09-27,21,94045,5,133,183,Open,Medium,Clean,False,0.0,Track 14,Maintenance,321,1,1,5
2025-09-27,22,149713,81,92,86,Closed,High,Clean,False,1.5,Track 1,Standby,259,0,0,5
2025-09-27,23,182891,38,137,261,Closed,High,Clean,False,1.3,Track 9,Standby,436,0,0,5
2025-09-27,24,154265,32,16,145,Closed,Medium,Clean,False,8.2,Track 11,Inducted,193,0,0,5
2025-09-27,25,100210,65,29,330,Open,Low,Clean,False,0.0,Track 9,Maintenance,424,0,1,5
2025-09-28,1,156684,82,24,14,Closed,Low,Clean,False,13.0,Track 2,Inducted,120,0,0,6
2025-09-28,2,130680,15,39,21,Closed,Low,Clean,False,1.0,Track 11,Standby,75,0,0,6
2025-09-28,3,126540,47,136,85,Closed,Low,Clean,False,10.5,Track 7,Inducted,268,0,0,6
2025-09-28,4,136266,6,31,304,Closed,High,Clean,False,1.3,Track 12,Standby,341,1,0,6
2025-09-28,5,185685,56,22,110,Closed,Medium,Clean,False,11.0,Track 13,Inducted,188,0,0,6
2025-09-28,6,222841,3,141,309,Closed,Medium,Clean,False,1.4,Track 3,Standby,453,1,0,6
2025-09-28,7,151725,55,50,295,Closed,High,Clean,False,13.6,Track 13,Inducted,400,0,0,6
2025-09-28,8,221351,42,105,102,Closed,High,Clean,False,0.6,Track 7,Standby,249,0,0,6
2025-09-28,9,209933,23,155,323,Closed,Medium,Clean,False,1.1,Track 15,Standby,501,0,0,6
2025-09-28,10,217869,35,10,42,Closed,High,Clean,False,1.3,Track 2,Standby,87,0,0,6
2025-09-28,11,188118,57,132,341,Open,Low,Clean,False,0.0,Track 1,Maintenance,530,0,1,6
2025-09-28,12,113669,36,125,24,Closed,Medium,Clean,False,13.7,Track 15,Inducted,185,0,0,6
2025-09-28,13,165409,7,93,357,Open,Low,Clean,True,0.0,Track 7,Maintenance,457,1,1,6
2025-09-28,14,216158,12,171,46,Closed,Low,Clean,False,12.8,Track 4,Inducted,229,0,0,6
2025-09-28,15,81046,59,139,270,Closed,High,Scheduled,True,0.8,Track 5,Standby,468,0,0,6
2025-09-28,16,114233,37,39,185,Closed,Medium,Clean,False,11.3,Track 7,Inducted,261,0,0,6
2025-09-28,17,204087,58,39,118,Closed,Medium,Clean,False,8.3,Track 10,Inducted,215,0,0,6
2025-09-28,18,82632,25,11,27,Closed,Medium,Clean,False,0.6,Track 13,Standby,63,0,0,6
2025-09-28,19,220993,66,171,329,Closed,High,Clean,False,8.7,Track 7,Inducted,566,0,0,6
2025-09-28,20,173246,48,74,40,Closed,Low,Clean,False,12.2,Track 14,Inducted,162,0,0,6
2025-09-28,21,94045,4,132,182,Open,Medium,Clean,False,0.0,Track 6,Maintenance,318,1,1,6
2025-09-28,22,150061,80,91,85,Closed,High,Clean,False,13.5,Track 6,Inducted,256,0,0,6
2025-09-28,23,182914,37,136,260,Closed,High,Clean,False,0.9,Track 14,Standby,433,0,0,6
2025-09-28,24,154292,31,15,144,Closed,Medium,Clean,False,1.1,Track 15,Standby,190,0,0,6
2025-09-28,25,100622,64,28,329,Closed,Low,Clean,False,8.2,Track 7,Inducted,421,0,0,6
2025-09-29,1,157152,81,23,13,Closed,Low,Clean,False,14.0,Track 3,Inducted,117,0,0,0
2025-09-29,2,131130,14,38,20,Closed,Low,Clean,False,12.6,Track 3,Inducted,72,0,0,0
2025-09-29,3,126550,46,135,84,Closed,Low,Clean,False,0.5,Track 3,Standby,265,0,0,0
2025-09-29,4,136275,5,30,303,Closed,High,Clean,False,1.1,Track 4,Standby,338,1,0,0
2025-09-29,5,186084,55,21,109,Closed,Medium,Clean,False,8.1,Track 14,Inducted,185,0,0,0
2025-09-29,6,222841,2,140,308,Open,Medium,Clean,False,0.0,Track 15,Maintenance,450,1,1,0
2025-09-29,7,151725,54,49,294,Open,High,Clean,False,0.0,Track 2,Maintenance,397,0,1,0
2025-09-29,8,221743,41,104,101,Closed,High,Clean,False,10.7,Track 7,Inducted,246,0,0,0
2025-09-29,9,210343,22,154,322,Closed,Medium,Clean,False,12.5,Track 14,Inducted,498,0,0,0
2025-09-29,10,217869,34,9,41,Open,High,Clean,False,0.0,Track 3,Maintenance,84,0,1,0
2025-09-29,11,188611,56,131,340,Closed,Low,Clean,True,12.1,Track 5,Inducted,527,0,0,0
2025-09-29,12,114055,35,124,23,Closed,Medium,Clean,False,10.1,Track 4,Inducted,182,0,0,0
2025-09-29,13,165425,6,92,356,Closed,Low,Scheduled,True,1.0,Track 15,Standby,454,1,0,0
2025-09-29,14,216596,11,170,45,Closed,Low,Clean,False,8.9,Track 15,Inducted,226,0,0,0
2025-09-29,15,81088,58,138,269,Closed,High,Clean,False,1.5,Track 5,Standby,465,0,0,0
2025-09-29,16,114275,36,38,184,Closed,Medium,Clean,False,1.4,Track 3,Standby,258,0,0,0
2025-09-29,17,204419,57,38,117,Closed,Medium,Clean,False,12.3,Track 4,Inducted,212,0,0,0
2025-09-29,18,83008,24,10,26,Closed,Medium,Clean,False,12.2,Track 6,Inducted,60,0,0,0
2025-09-29,19,221015,65,170,328,Closed,High,Clean,False,0.6,Track 5,Standby,563,0,0,0
2025-09-29,20,173246,47,73,39,Open,Low,Clean,False,0.0,Track 5,Maintenance,159,0,1,0
2025-09-29,21,94560,3,131,181,Closed,Medium,Clean,False,10.0,Track 2,Inducted,315,1,0,0
2025-09-29,22,150102,79,90,84,Closed,High,Clean,False,1.0,Track 10,Standby,253,0,0,0
2025-09-29,23,183430,36,135,259,Closed,High,Clean,False,10.9,Track 13,Inducted,430,0,0,0
2025-09-29,24,154330,30,14,143,Closed,Medium,Clean,False,0.7,Track 8,Standby,187,0,0,0
2025-09-29,25,100622,63,27,328,Open,Low,Clean,False,0.0,Track 5,Maintenance,418,0,1,0
2025-09-30,1,157551,80,22,12,Closed,Low,Clean,False,10.8,Track 9,Inducted,114,0,0,1
2025-09-30,2,131165,13,37,19,Closed,Low,Clean,False,1.1,Track 14,Standby,69,0,0,1
2025-09-30,3,126596,45,134,83,Closed,Low,Clean,False,1.1,Track 8,Standby,262,0,0,1
2025-09-30,4,136300,4,29,302,Closed,High,Clean,False,1.1,Track 15,Standby,335,1,0,1
2025-09-30,5,186123,54,20,108,Closed,Medium,Scheduled,True,1.4,Track 15,Standby,182,0,0,1
2025-09-30,6,223392,1,139,307,Closed,Medium,Clean,False,9.1,Track 5,Inducted,447,1,0,1
2025-09-30,7,151725,53,48,293,Open,High,Clean,False,0.0,Track 14,Maintenance,394,0,1,1
2025-09-30,8,222237,40,103,100,Closed,High,Clean,False,8.9,Track 5,Inducted,243,0,0,1
2025-09-30,9,210662,21,153,321,Closed,Medium,Clean,False,11.2,Track 14,Inducted,495,0,0,1
2025-09-30,10,217869,33,8,40,Open,High,Clean,False,0.0,Track 2,Maintenance,81,0,1,1
2025-09-30,11,188659,55,130,339,Closed,Low,Scheduled,True,1.3,Track 3,Standby,524,0,0,1
2025-09-30,12,114438,34,123,22,Closed,Medium,Clean,False,8.7,Track 6,Inducted,179,0,0,1
2025-09-30,13,165731,5,91,355,Closed,Low,Clean,False,13.5,Track 4,Inducted,451,1,0,1
2025-09-30,14,216596,10,169,44,Open,Low,Clean,False,0.0,Track 8,Maintenance,223,0,1,1
2025-09-30,15,81092,57,137,268,Closed,High,Clean,False,0.9,Track 2,Standby,462,0,0,1
2025-09-30,16,114819,35,37,183,Closed,Medium,Clean,False,8.5,Track 4,Inducted,255,0,0,1
2025-09-30,17,204888,56,37,116,Closed,Medium,Clean,False,11.0,Track 6,Inducted,209,0,0,1
2025-09-30,18,83519,23,9,25,Closed,Medium,Clean,False,10.9,Track 8,Inducted,57,0,0,1
2025-09-30,19,221415,64,169,327,Closed,High,Clean,False,13.2,Track 11,Inducted,560,0,0,1
2025-09-30,20,173246,46,72,38,Closed,Low,Clean,False,1.4,Track 8,Standby,156,0,0,1
2025-09-30,21,95125,2,130,180,Closed,Medium,Clean,False,11.9,Track 15,Inducted,312,1,0,1
2025-09-30,22,150454,78,89,83,Closed,High,Clean,False,9.3,Track 15,Inducted,250,0,0,1
2025-09-30,23,183442,35,134,258,Closed,High,Clean,False,0.8,Track 10,Standby,427,0,0,1
2025-09-30,24,154340,29,13,142,Closed,Medium,Clean,False,1.2,Track 14,Standby,184,0,0,1
2025-09-30,25,101121,62,26,327,Closed,Low,Clean,False,10.0,Track 5,Inducted,415,0,0,1
2025-10-01,1,157573,79,21,11,Closed,Low,Clean,False,0.9,Track 10,Standby,111,0,0,2
2025-10-01,2,131169,12,36,18,Closed,Low,Clean,False,1.2,Track 11,Standby,66,0,0,2
2025-10-01,3,126618,44,133,82,Closed,Low,Clean,False,1.0,Track 1,Standby,259,0,0,2
2025-10-01,4,136328,3,28,301,Closed,High,Clean,False,0.8,Track 13,Standby,332,1,0,2
2025-10-01,5,186123,53,19,107,Open,Medium,Clean,False,0.0,Track 9,Maintenance,179,0,1,2
2025-10-01,6,223392,90,138,306,Open,Medium,Clean,False,0.0,Track 2,Maintenance,534,0,1,2
2025-10-01,7,151725,52,47,292,Open,High,Clean,False,0.0,Track 9,Maintenance,391,0,1,2
2025-10-01,8,222237,39,102,99,Open,High,Clean,False,0.0,Track 8,Maintenance,240,0,1,2
2025-10-01,9,210701,20,152,320,Closed,Medium,Clean,False,1.0,Track 9,Standby,492,0,0,2
2025-10-01,10,217911,32,7,39,Closed,High,Clean,False,1.1,Track 1,Standby,78,1,0,2
2025-10-01,11,189090,54,129,338,Closed,Low,Clean,False,12.2,Track 6,Inducted,521,0,0,2
2025-10-01,12,114470,33,122,21,Closed,Medium,Clean,False,1.1,Track 8,Standby,176,0,0,2
2025-10-01,13,165731,4,90,354,Open,Low,Clean,False,0.0,Track 2,Maintenance,448,1,1,2
2025-10-01,14,217016,9,168,43,Closed,Low,Clean,False,12.2,Track 13,Inducted,220,0,0,2
2025-10-01,15,81131,56,136,267,Closed,High,Clean,False,1.4,Track 10,Standby,459,0,0,2
2025-10-01,16,115130,34,36,182,Closed,Medium,Clean,False,13.1,Track 15,Inducted,252,0,0,2
2025-10-01,17,204894,55,36,115,Closed,Medium,Clean,False,0.8,Track 11,Standby,206,0,0,2
2025-10-01,18,83519,22,8,24,Open,Medium,Clean,False,0.0,Track 2,Maintenance,54,0,1,2
2025-10-01,19,221725,63,168,326,Closed,High,Clean,False,9.6,Track 3,Inducted,557,0,0,2
2025-10-01,20,173246,45,71,37,Open,Low,Clean,False,0.0,Track 7,Maintenance,153,0,1,2
2025-10-01,21,95125,1,129,179,Open,Medium,Clean,False,0.0,Track 5,Maintenance,309,1,1,2
2025-10-01,22,151033,77,88,82,Closed,High,Clean,False,11.8,Track 2,Inducted,247,0,0,2
2025-10-01,23,183469,34,133,257,Closed,High,Clean,False,0.7,Track 3,Standby,424,0,0,2
2025-10-01,24,154870,28,12,141,Closed,Medium,Clean,False,10.8,Track 14,Inducted,181,0,0,2
2025-10-01,25,101121,61,25,326,Open,Low,Clean,False,0.0,Track 6,Maintenance,412,0,1,2
2025-10-02,1,158138,78,20,10,Closed,Low,Clean,False,11.5,Track 8,Inducted,108,0,0,3
2025-10-02,2,131198,11,35,17,Closed,Low,Clean,False,0.5,Track 9,Standby,63,0,0,3
2025-10-02,3,126618,43,132,81,Open,Low,Clean,False,0.0,Track 13,Maintenance,256,0,1,3
2025-10-02,4,136328,2,27,300,Open,High,Clean,False,0.0,Track 6,Maintenance,329,1,1,3
2025-10-02,5,186517,52,18,106,Closed,Medium,Clean,False,12.7,Track 7,Inducted,176,0,0,3
2025-10-02,6,223432,89,137,305,Closed,Medium,Scheduled,True,1.2,Track 1,Standby,531,0,0,3
2025-10-02,7,151725,51,46,291,Open,High,Clean,False,0.0,Track 7,Maintenance,388,0,1,3
2025-10-02,8,222237,38,101,98,Open,High,Clean,False,0.0,Track 5,Maintenance,237,0,1,3
2025-10-02,9,211141,19,151,319,Closed,Medium,Clean,False,10.2,Track 12,Inducted,489,0,0,3
2025-10-02,10,217926,31,6,38,Closed,High,Clean,False,0.9,Track 9,Standby,75,1,0,3
2025-10-02,11,189123,53,128,337,Closed,Low,Clean,False,1.4,Track 2,Standby,518,0,0,3
2025-10-02,12,114494,32,121,20,Closed,Medium,Clean,False,1.1,Track 6,Standby,173,0,0,3
2025-10-02,13,166134,3,89,353,Closed,Low,Clean,False,9.4,Track 7,Inducted,445,1,0,3
2025-10-02,14,217585,8,167,42,Closed,Low,Clean,False,13.6,Track 5,Inducted,217,0,0,3
2025-10-02,15,81431,55,135,266,Closed,High,Clean,False,11.9,Track 13,Inducted,456,0,0,3
2025-10-02,16,115130,33,35,181,Open,Medium,Clean,False,0.0,Track 2,Maintenance,249,0,1,3
2025-10-02,17,204894,54,35,114,Open,Medium,Clean,False,0.0,Track 8,Maintenance,203,0,1,3
2025-10-02,18,83566,21,7,23,Closed,Medium,Clean,False,0.9,Track 15,Standby,51,1,0,3
2025-10-02,19,222257,62,167,325,Closed,High,Clean,False,10.8,Track 4,Inducted,554,0,0,3
2025-10-02,20,173246,44,70,36,Open,Low,Scheduled,True,0.0,Track 9,Maintenance,150,0,1,3
2025-10-02,21,95599,90,128,178,Closed,Medium,Clean,False,12.2,Track 13,Inducted,396,0,0,3
2025-10-02,22,151358,76,87,81,Closed,High,Clean,False,11.2,Track 6,Inducted,244,0,0,3
2025-10-02,23,184036,33,132,256,Closed,High,Clean,False,9.4,Track 12,Inducted,421,0,0,3
2025-10-02,24,154894,27,11,140,Closed,Medium,Clean,False,0.7,Track 7,Standby,178,0,0,3
2025-10-02,25,101137,60,24,325,Closed,Low,Clean,False,1.4,Track 13,Standby,409,0,0,3
2025-10-03,1,158138,77,19,9,Open,Low,Clean,False,0.0,Track 6,Maintenance,105,0,1,4
2025-10-03,2,131212,10,34,16,Closed,Low,Scheduled,True,0.8,Track 12,Standby,60,0,0,4
2025-10-03,3,126618,42,131,80,Open,Low,Clean,False,0.0,Track 7,Maintenance,253,0,1,4
2025-10-03,4,136340,1,26,299,Closed,High,Clean,False,0.6,Track 13,Standby,326,1,0,4
2025-10-03,5,187047,51,17,105,Closed,Medium,Clean,False,9.3,Track 2,Inducted,173,0,0,4
2025-10-03,6,223437,88,136,304,Closed,Medium,Clean,False,1.2,Track 2,Standby,528,0,0,4
2025-10-03,7,151743,50,45,290,Closed,High,Clean,False,0.7,Track 13,Standby,385,0,0,4
2025-10-03,8,222237,37,100,97,Open,High,Clean,False,0.0,Track 3,Maintenance,234,0,1,4
2025-10-03,9,211142,18,150,318,Closed,Medium,Scheduled,True,0.7,Track 10,Standby,486,0,0,4
2025-10-03,10,217969,30,5,37,Closed,High,Clean,False,1.3,Track 4,Standby,72,1,0,4
2025-10-03,11,189172,52,127,336,Closed,Low,Clean,False,1.3,Track 11,Standby,515,0,0,4
2025-10-03,12,114494,31,120,19,Open,Medium,Clean,False,0.0,Track 15,Maintenance,170,0,1,4
2025-10-03,13,166155,2,88,352,Closed,Low,Clean,False,1.4,Track 4,Standby,442,1,0,4
2025-10-03,14,217630,7,166,41,Closed,Low,Clean,False,0.7,Track 8,Standby,214,1,0,4
2025-10-03,15,81741,54,134,265,Closed,High,Clean,False,8.5,Track 6,Inducted,453,0,0,4
2025-10-03,16,115599,32,34,180,Closed,Medium,Clean,False,11.2,Track 9,Inducted,246,0,0,4
2025-10-03,17,204917,53,34,113,Closed,Medium,Scheduled,True,1.2,Track 11,Standby,200,0,0,4
2025-10-03,18,83566,20,6,22,Open,Medium,Clean,False,0.0,Track 6,Maintenance,48,1,1,4
2025-10-03,19,222803,61,166,324,Closed,High,Clean,False,8.4,Track 5,Inducted,551,0,0,4
2025-10-03,20,173257,43,69,35,Closed,Low,Scheduled,True,0.8,Track 2,Standby,147,0,0,4
2025-10-03,21,95633,89,127,177,Closed,Medium,Clean,False,1.1,Track 13,Standby,393,0,0,4
2025-10-03,22,151397,75,86,80,Closed,High,Clean,False,1.4,Track 11,Standby,241,0,0,4
2025-10-03,23,184036,32,131,255,Open,High,Clean,False,0.0,Track 11,Maintenance,418,0,1,4
2025-10-03,24,155205,26,10,139,Closed,Medium,Clean,False,12.9,Track 10,Inducted,175,0,0,4
2025-10-03,25,101161,59,23,324,Closed,Low,Clean,False,1.0,Track 15,Standby,406,0,0,4
2025-10-04,1,158527,76,18,8,Closed,Low,Clean,False,13.2,Track 4,Inducted,102,0,0,5
2025-10-04,2,131230,9,33,15,Closed,Low,Clean,False,0.7,Track 1,Standby,57,0,0,5
2025-10-04,3,126664,41,130,79,Closed,Low,Clean,False,1.3,Track 10,Standby,250,0,0,5
2025-10-04,4,136791,90,25,298,Closed,High,Clean,False,10.6,Track 3,Inducted,413,0,0,5
2025-10-04,5,187047,50,16,104,Open,Medium,Clean,False,0.0,Track 3,Maintenance,170,0,1,5
2025-10-04,6,224032,87,135,303,Closed,Medium,Clean,False,8.3,Track 12,Inducted,525,0,0,5
2025-10-04,7,151781,49,44,289,Closed,High,Clean,False,0.6,Track 1,Standby,382,0,0,5
2025-10-04,8,222272,36,99,96,Closed,High,Clean,False,1.4,Track 12,Standby,231,0,0,5
2025-10-04,9,211489,17,149,317,Closed,Medium,Clean,False,9.6,Track 13,Inducted,483,0,0,5
2025-10-04,10,217973,29,4,36,Closed,High,Clean,False,1.4,Track 8,Standby,69,1,0,5
2025-10-04,11,189217,51,126,335,Closed,Low,Clean,False,1.2,Track 9,Standby,512,0,0,5
2025-10-04,12,114843,30,119,18,Closed,Medium,Clean,False,11.6,Track 13,Inducted,167,0,0,5
2025-10-04,13,166190,1,87,351,Closed,Low,Clean,False,0.7,Track 7,Standby,439,1,0,5
2025-10-04,14,217630,6,165,40,Open,Low,Clean,False,0.0,Track 9,Maintenance,211,1,1,5
2025-10-04,15,81741,53,133,264,Open,High,Clean,False,0.0,Track 2,Maintenance,450,0,1,5
2025-10-04,16,115637,31,33,179,Closed,Medium,Clean,False,0.7,Track 10,Standby,243,0,0,5
2025-10-04,17,204956,52,33,112,Closed,Medium,Clean,False,1.1,Track 8,Standby,197,0,0,5
2025-10-04,18,83566,19,5,21,Open,Medium,Clean,False,0.0,Track 12,Maintenance,45,1,1,5
2025-10-04,19,223309,60,165,323,Closed,High,Clean,False,8.8,Track 5,Inducted,548,0,0,5
2025-10-04,20,173297,42,68,34,Closed,Low,Clean,False,0.7,Track 15,Standby,144,0,0,5
2025-10-04,21,95633,88,126,176,Open,Medium,Clean,False,0.0,Track 4,Maintenance,390,0,1,5
2025-10-04,22,151441,74,85,79,Closed,High,Clean,False,1.0,Track 15,Standby,238,0,0,5
2025-10-04,23,184047,31,130,254,Closed,High,Clean,False,1.0,Track 13,Standby,415,0,0,5
2025-10-04,24,155254,25,9,138,Closed,Medium,Clean,False,0.8,Track 5,Standby,172,0,0,5
2025-10-04,25,101161,58,22,323,Open,Low,Clean,False,0.0,Track 2,Maintenance,403,0,1,5
2025-10-05,1,158952,75,17,7,Closed,Low,Clean,False,9.9,Track 12,Inducted,99,1,0,6
2025-10-05,2,131266,8,32,14,Closed,Low,Clean,False,0.5,Track 9,Standby,54,0,0,6
2025-10-05,3,126664,40,129,78,Open,Low,Clean,False,0.0,Track 4,Maintenance,247,0,1,6
2025-10-05,4,136793,89,24,297,Closed,High,Clean,False,0.8,Track 14,Standby,410,0,0,6
2025-10-05,5,187065,49,15,103,Closed,Medium,Clean,False,1.3,Track 2,Standby,167,0,0,6
2025-10-05,6,224032,86,134,302,Open,Medium,Clean,False,0.0,Track 10,Maintenance,522,0,1,6
2025-10-05,7,151781,48,43,288,Open,High,Clean,False,0.0,Track 7,Maintenance,379,0,1,6
2025-10-05,8,222316,35,98,95,Closed,High,Clean,False,1.3,Track 6,Standby,228,0,0,6
2025-10-05,9,212047,16,148,316,Closed,Medium,Clean,False,13.1,Track 1,Inducted,480,0,0,6
2025-10-05,10,217973,28,3,35,Open,High,Clean,False,0.0,Track 14,Maintenance,66,1,1,6
2025-10-05,11,189217,50,125,334,Open,Low,Clean,False,0.0,Track 4,Maintenance,509,0,1,6
2025-10-05,12,115337,29,118,17,Closed,Medium,Clean,False,11.9,Track 15,Inducted,164,0,0,6
2025-10-05,13,166234,90,86,350,Closed,Low,Clean,False,1.1,Track 4,Standby,526,0,0,6
2025-10-05,14,217630,5,164,39,Open,Low,Clean,False,0.0,Track 15,Maintenance,208,1,1,6
2025-10-05,15,82312,52,132,263,Closed,High,Clean,False,12.5,Track 13,Inducted,447,0,0,6
2025-10-05,16,116169,30,32,178,Closed,Medium,Clean,False,11.5,Track 3,Inducted,240,0,0,6
2025-10-05,17,205507,51,32,111,Closed,Medium,Clean,False,13.1,Track 10,Inducted,194,0,0,6
2025-10-05,18,83606,18,4,20,Closed,Medium,Clean,False,1.1,Track 6,Standby,42,1,0,6
2025-10-05,19,223345,59,164,322,Closed,High,Clean,False,1.4,Track 5,Standby,545,0,0,6
2025-10-05,20,173297,41,67,33,Open,Low,Clean,False,0.0,Track 2,Maintenance,141,0,1,6
2025-10-05,21,96170,87,125,175,Closed,Medium,Clean,False,8.9,Track 12,Inducted,387,0,0,6
2025-10-05,22,151479,73,84,78,Closed,High,Clean,False,1.1,Track 1,Standby,235,0,0,6
2025-10-05,23,184065,30,129,253,Closed,High,Clean,False,1.4,Track 7,Standby,412,0,0,6
2025-10-05,24,155283,24,8,137,Closed,Medium,Clean,False,0.6,Track 13,Standby,169,0,0,6
2025-10-05,25,101161,57,21,322,Open,Low,Clean,False,0.0,Track 3,Maintenance,400,0,1,6
2025-10-06,1,158952,74,16,6,Open,Low,Clean,False,0.0,Track 12,Maintenance,96,1,1,0
2025-10-06,2,131271,7,31,13,Closed,Low,Clean,False,1.2,Track 1,Standby,51,1,0,0
2025-10-06,3,126664,39,128,77,Open,Low,Clean,False,0.0,Track 5,Maintenance,244,0,1,0
2025-10-06,4,137272,88,23,296,Closed,High,Clean,False,8.3,Track 15,Inducted,407,0,0,0
2025-10-06,5,187402,48,14,102,Closed,Medium,Clean,False,9.2,Track 10,Inducted,164,0,0,0
2025-10-06,6,224032,85,133,301,Open,Medium,Clean,False,0.0,Track 6,Maintenance,519,0,1,0
2025-10-06,7,151826,47,42,287,Closed,High,Clean,False,0.9,Track 1,Standby,376,0,0,0
2025-10-06,8,222334,34,97,94,Closed,High,Clean,False,1.0,Track 2,Standby,225,0,0,0
2025-10-06,9,212047,15,147,315,Open,Medium,Clean,False,0.0,Track 4,Maintenance,477,0,1,0
2025-10-06,10,218008,27,2,34,Closed,High,Clean,False,1.1,Track 3,Standby,63,1,0,0
2025-10-06,11,189217,49,124,333,Open,Low,Clean,False,0.0,Track 9,Maintenance,506,0,1,0
2025-10-06,12,115337,28,117,16,Open,Medium,Clean,False,0.0,Track 15,Maintenance,161,0,1,0
2025-10-06,13,166704,89,85,349,Closed,Low,Clean,False,12.2,Track 1,Inducted,523,0,0,0
2025-10-06,14,217630,4,163,38,Open,Low,Clean,False,0.0,Track 9,Maintenance,205,1,1,0
2025-10-06,15,82312,51,131,262,Open,High,Clean,False,0.0,Track 4,Maintenance,444,0,1,0
2025-10-06,16,116209,29,31,177,Closed,Medium,Clean,False,0.6,Track 2,Standby,237,0,0,0
2025-10-06,17,205989,50,31,110,Closed,Medium,Clean,False,13.3,Track 11,Inducted,191,0,0,0
2025-10-06,18,83643,17,3,19,Closed,Medium,Clean,False,0.9,Track 10,Standby,39,1,0,0
2025-10-06,19,223374,58,163,321,Closed,High,Clean,False,0.8,Track 2,Standby,542,0,0,0
2025-10-06,20,173793,40,66,32,Closed,Low,Clean,False,11.6,Track 8,Inducted,138,0,0,0
2025-10-06,21,96588,86,124,174,Closed,Medium,Clean,False,11.6,Track 14,Inducted,384,0,0,0
2025-10-06,22,152058,72,83,77,Closed,High,Clean,False,11.5,Track 1,Inducted,232,0,0,0
2025-10-06,23,184065,29,128,252,Open,High,Clean,False,0.0,Track 10,Maintenance,409,0,1,0
2025-10-06,24,155314,23,7,136,Closed,Medium,Clean,False,0.9,Track 13,Standby,166,1,0,0
2025-10-06,25,101590,56,20,321,Closed,Low,Clean,False,9.7,Track 8,Inducted,397,0,0,0
2025-10-07,1,159282,73,15,5,Closed,Low,Clean,False,13.9,Track 15,Inducted,93,1,0,1
2025-10-07,2,131282,6,30,12,Closed,Low,Clean,False,1.0,Track 6,Standby,48,1,0,1
2025-10-07,3,126690,38,127,76,Closed,Low,Clean,False,1.2,Track 1,Standby,241,0,0,1
2025-10-07,4,137839,87,22,295,Closed,High,Clean,True,10.9,Track 15,Inducted,404,0,0,1
2025-10-07,5,187862,47,13,101,Closed,Medium,Clean,False,9.7,Track 9,Inducted,161,0,0,1
2025-10-07,6,224032,84,132,300,Open,Medium,Clean,False,0.0,Track 1,Maintenance,516,0,1,1
2025-10-07,7,151835,46,41,286,Closed,High,Clean,False,0.9,Track 2,Standby,373,0,0,1
2025-10-07,8,222868,33,96,93,Closed,High,Clean,False,11.3,Track 9,Inducted,222,0,0,1
2025-10-07,9,212076,14,146,314,Closed,Medium,Clean,False,1.4,Track 3,Standby,474,0,0,1
2025-10-07,10,218048,26,1,33,Closed,High,Clean,False,1.0,Track 5,Standby,60,1,0,1
2025-10-07,11,189692,48,123,332,Closed,Low,Clean,False,13.8,Track 14,Inducted,503,0,0,1
2025-10-07,12,115337,27,116,15,Open,Medium,Clean,False,0.0,Track 4,Maintenance,158,0,1,1
2025-10-07,13,166721,88,84,348,Closed,Low,Clean,False,0.6,Track 3,Standby,520,0,0,1
2025-10-07,14,218145,3,162,37,Closed,Low,Clean,False,13.9,Track 9,Inducted,202,1,0,1
2025-10-07,15,82632,50,130,261,Closed,High,Clean,False,10.2,Track 3,Inducted,441,0,0,1
2025-10-07,16,116209,28,30,176,Open,Medium,Clean,False,0.0,Track 14,Maintenance,234,0,1,1
2025-10-07,17,206404,49,30,109,Closed,Medium,Clean,False,12.1,Track 8,Inducted,188,0,0,1
2025-10-07,18,83657,16,2,18,Closed,Medium,Clean,False,0.5,Track 14,Standby,36,1,0,1
2025-10-07,19,223921,57,162,320,Closed,High,Clean,False,9.2,Track 15,Inducted,539,0,0,1
2025-10-07,20,173799,39,65,31,Closed,Low,Clean,False,0.6,Track 14,Standby,135,0,0,1
2025-10-07,21,97113,85,123,173,Closed,Medium,Clean,False,13.9,Track 4,Inducted,381,0,0,1
2025-10-07,22,152084,71,82,76,Closed,High,Clean,False,0.7,Track 3,Standby,229,0,0,1
2025-10-07,23,184078,28,127,251,Closed,High,Clean,False,1.1,Track 2,Standby,406,0,0,1
2025-10-07,24,155870,22,6,135,Closed,Medium,Clean,False,13.3,Track 14,Inducted,163,1,0,1
2025-10-07,25,101590,55,19,320,Open,Low,Clean,False,0.0,Track 1,Maintenance,394,0,1,1
2025-10-08,1,159324,72,14,4,Closed,Low,Clean,False,0.6,Track 9,Standby,90,1,0,2
2025-10-08,2,131296,5,29,11,Closed,Low,Clean,False,0.6,Track 13,Standby,45,1,0,2
2025-10-08,3,126727,37,126,75,Closed,Low,Clean,False,1.5,Track 12,Standby,238,0,0,2
2025-10-08,4,137839,86,21,294,Open,High,Scheduled,True,0.0,Track 4,Maintenance,401,0,1,2
2025-10-08,5,188183,46,12,100,Closed,Medium,Clean,False,9.8,Track 9,Inducted,158,0,0,2
2025-10-08,6,224554,83,131,299,Closed,Medium,Clean,False,8.7,Track 5,Inducted,513,0,0,2
2025-10-08,7,151835,45,40,285,Open,High,Clean,False,0.0,Track 14,Maintenance,370,0,1,2
2025-10-08,8,223334,32,95,92,Closed,High,Clean,False,10.3,Track 6,Inducted,219,0,0,2
2025-10-08,9,212120,13,145,313,Closed,Medium,Clean,False,1.1,Track 1,Standby,471,0,0,2
2025-10-08,10,218065,25,180,32,Closed,High,Clean,False,1.1,Track 14,Standby,237,0,0,2
2025-10-08,11,190118,47,122,331,Closed,Low,Clean,False,9.4,Track 13,Inducted,500,0,0,2
2025-10-08,12,115342,26,115,14,Closed,Medium,Clean,False,1.4,Track 4,Standby,155,0,0,2
2025-10-08,13,166732,87,83,347,Closed,Low,Clean,False,1.4,Track 7,Standby,517,0,0,2
2025-10-08,14,218154,2,161,36,Closed,Low,Clean,False,1.0,Track 3,Standby,199,1,0,2
2025-10-08,15,82632,49,129,260,Open,High,Clean,False,0.0,Track 1,Maintenance,438,0,1,2
2025-10-08,16,116245,27,29,175,Closed,Medium,Clean,False,0.9,Track 6,Standby,231,0,0,2
2025-10-08,17,206732,48,29,108,Closed,Medium,Clean,False,9.0,Track 2,Inducted,185,0,0,2
2025-10-08,18,83991,15,1,17,Closed,Medium,Clean,False,12.8,Track 9,Inducted,33,1,0,2
2025-10-08,19,224294,56,161,319,Closed,High,Clean,False,11.7,Track 1,Inducted,536,0,0,2
2025-10-08,20,173799,38,64,30,Open,Low,Clean,False,0.0,Track 14,Maintenance,132,0,1,2
2025-10-08,21,97155,84,122,172,Closed,Medium,Clean,False,1.0,Track 10,Standby,378,0,0,2
2025-10-08,22,152103,70,81,75,Closed,High,Clean,False,0.5,Track 13,Standby,226,0,0,2
2025-10-08,23,184078,27,126,250,Open,High,Clean,False,0.0,Track 6,Maintenance,403,0,1,2
2025-10-08,24,155877,21,5,134,Closed,Medium,Clean,False,1.4,Track 3,Standby,160,1,0,2
2025-10-08,25,101590,54,18,319,Open,Low,Clean,False,0.0,Track 7,Maintenance,391,0,1,2
2025-10-09,1,159665,71,13,3,Closed,Low,Clean,False,11.5,Track 13,Inducted,87,1,0,3
2025-10-09,2,131296,4,28,10,Open,Low,Clean,False,0.0,Track 7,Maintenance,42,1,1,3
2025-10-09,3,126772,36,125,74,Closed,Low,Clean,False,1.1,Track 11,Standby,235,0,0,3
2025-10-09,4,137856,85,20,293,Closed,High,Scheduled,True,1.3,Track 5,Standby,398,0,0,3
2025-10-09,5,188189,45,11,99,Closed,Medium,Clean,False,0.9,Track 4,Standby,155,0,0,3
2025-10-09,6,224567,82,130,298,Closed,Medium,Clean,False,0.6,Track 14,Standby,510,0,0,3
2025-10-09,7,151853,44,39,284,Closed,High,Clean,False,1.3,Track 12,Standby,367,0,0,3
2025-10-09,8,223344,31,94,91,Closed,High,Clean,False,0.7,Track 1,Standby,216,0,0,3
2025-10-09,9,212154,12,144,312,Closed,Medium,Clean,False,1.2,Track 1,Standby,468,0,0,3
2025-10-09,10,218090,24,179,31,Closed,High,Clean,False,1.0,Track 8,Standby,234,0,0,3
2025-10-09,11,190118,46,121,330,Open,Low,Clean,False,0.0,Track 7,Maintenance,497,0,1,3
2025-10-09,12,115354,25,114,13,Closed,Medium,Clean,False,0.6,Track 3,Standby,152,0,0,3
2025-10-09,13,166772,86,82,346,Closed,Low,Clean,False,1.3,Track 5,Standby,514,0,0,3
2025-10-09,14,218584,1,160,35,Closed,Low,Clean,False,9.4,Track 10,Inducted,196,1,0,3
2025-10-09,15,83083,48,128,259,Closed,High,Clean,False,12.9,Track 14,Inducted,435,0,0,3
2025-10-09,16,116253,26,28,174,Closed,Medium,Clean,False,1.4,Track 7,Standby,228,0,0,3
2025-10-09,17,206781,47,28,107,Closed,Medium,Clean,False,0.8,Track 6,Standby,182,0,0,3
2025-10-09,18,83991,14,180,16,Open,Medium,Clean,False,0.0,Track 1,Maintenance,210,0,1,3
2025-10-09,19,224294,55,160,318,Open,High,Clean,False,0.0,Track 2,Maintenance,533,0,1,3
2025-10-09,20,173845,37,63,29,Closed,Low,Clean,False,1.1,Track 11,Standby,129,0,0,3
2025-10-09,21,97155,83,121,171,Open,Medium,Clean,False,0.0,Track 12,Maintenance,375,0,1,3
2025-10-09,22,152103,69,80,74,Open,High,Clean,False,0.0,Track 1,Maintenance,223,0,1,3
2025-10-09,23,184579,26,125,249,Closed,High,Clean,False,9.5,Track 8,Inducted,400,0,0,3
2025-10-09,24,155877,20,4,133,Open,Medium,Clean,False,0.0,Track 6,Maintenance,157,1,1,3
2025-10-09,25,101601,53,17,318,Closed,Low,Clean,False,0.7,Track 4,Standby,388,0,0,3
2025-10-10,1,160149,70,12,2,Closed,Low,Clean,False,10.8,Track 1,Inducted,84,1,0,4
2025-10-10,2,131331,3,27,9,Closed,Low,Clean,False,1.4,Track 15,Standby,39,1,0,4
2025-10-10,3,126772,35,124,73,Open,Low,Clean,False,0.0,Track 9,Maintenance,232,0,1,4
2025-10-10,4,137856,84,19,292,Open,High,Clean,False,0.0,Track 10,Maintenance,395,0,1,4
2025-10-10,5,188189,44,10,98,Open,Medium,Clean,False,0.0,Track 9,Maintenance,152,0,1,4
2025-10-10,6,225084,81,129,297,Closed,Medium,Clean,False,10.7,Track 7,Inducted,507,0,0,4
2025-10-10,7,152376,43,38,283,Closed,High,Clean,False,10.3,Track 4,Inducted,364,0,0,4
2025-10-10,8,223360,30,93,90,Closed,High,Clean,False,0.9,Track 12,Standby,213,0,0,4
2025-10-10,9,212187,11,143,311,Closed,Medium,Clean,False,0.6,Track 6,Standby,465,0,0,4
2025-10-10,10,218557,23,178,30,Closed,High,Clean,False,13.5,Track 6,Inducted,231,0,0,4
2025-10-10,11,190167,45,120,329,Closed,Low,Clean,False,1.0,Track 11,Standby,494,0,0,4
2025-10-10,12,115772,24,113,12,Closed,Medium,Clean,False,9.8,Track 9,Inducted,149,0,0,4
2025-10-10,13,166788,85,81,345,Closed,Low,Clean,False,1.1,Track 2,Standby,511,0,0,4
2025-10-10,14,218902,90,159,34,Closed,Low,Clean,False,8.9,Track 9,Inducted,283,0,0,4
2025-10-10,15,83404,47,127,258,Closed,High,Clean,False,11.7,Track 13,Inducted,432,0,0,4
2025-10-10,16,116290,25,27,173,Closed,Medium,Clean,False,1.2,Track 13,Standby,225,0,0,4
2025-10-10,17,206788,46,27,106,Closed,Medium,Clean,False,1.1,Track 6,Standby,179,0,0,4
2025-10-10,18,84028,13,179,15,Closed,Medium,Scheduled,True,0.9,Track 4,Standby,207,0,0,4
2025-10-10,19,224323,54,159,317,Closed,High,Clean,True,1.2,Track 13,Standby,530,0,0,4
2025-10-10,20,173845,36,62,28,Open,Low,Clean,False,0.0,Track 10,Maintenance,126,0,1,4
2025-10-10,21,97155,82,120,170,Open,Medium,Clean,False,0.0,Track 5,Maintenance,372,0,1,4
2025-10-10,22,152478,68,79,73,Closed,High,Clean,False,9.4,Track 7,Inducted,220,0,0,4
2025-10-10,23,184579,25,124,248,Open,High,Clean,False,0.0,Track 8,Maintenance,397,0,1,4
2025-10-10,24,155907,19,3,132,Closed,Medium,Clean,False,0.9,Track 11,Standby,154,1,0,4
2025-10-10,25,101601,52,16,317,Open,Low,Clean,False,0.0,Track 2,Maintenance,385,0,1,4
2025-10-11,1,160531,69,11,1,Closed,Low,Clean,False,13.5,Track 7,Inducted,81,1,0,5
2025-10-11,2,131331,2,26,8,Open,Low,Clean,False,0.0,Track 15,Maintenance,36,1,1,5
2025-10-11,3,126805,34,123,72,Closed,Low,Clean,False,0.8,Track 9,Standby,229,0,0,5
2025-10-11,4,138214,83,18,291,Closed,High,Clean,False,13.4,Track 13,Inducted,392,0,0,5
2025-10-11,5,188588,43,9,97,Closed,Medium,Clean,False,9.7,Track 12,Inducted,149,0,0,5
2025-10-11,6,225084,80,128,296,Open,Medium,Clean,False,0.0,Track 12,Maintenance,504,0,1,5
2025-10-11,7,152418,42,37,282,Closed,High,Clean,False,1.3,Track 3,Standby,361,0,0,5
2025-10-11,8,223400,29,92,89,Closed,High,Clean,False,0.5,Track 9,Standby,210,0,0,5
2025-10-11,9,212187,10,142,310,Open,Medium,Clean,False,0.0,Track 2,Maintenance,462,0,1,5
2025-10-11,10,218557,22,177,29,Open,High,Clean,False,0.0,Track 1,Maintenance,228,0,1,5
2025-10-11,11,190207,44,119,328,Closed,Low,Clean,False,1.2,Track 14,Standby,491,0,0,5
2025-10-11,12,115785,23,112,11,Closed,Medium,Clean,False,1.2,Track 2,Standby,146,0,0,5
2025-10-11,13,166808,84,80,344,Closed,Low,Clean,False,1.4,Track 9,Standby,508,0,0,5
2025-10-11,14,219497,89,158,33,Closed,Low,Clean,False,9.9,Track 13,Inducted,280,0,0,5
2025-10-11,15,83956,46,126,257,Closed,High,Clean,False,13.3,Track 4,Inducted,429,0,0,5
2025-10-11,16,116324,24,26,172,Closed,Medium,Clean,False,1.2,Track 10,Standby,222,0,0,5
2025-10-11,17,206788,45,26,105,Open,Medium,Clean,False,0.0,Track 1,Maintenance,176,0,1,5
2025-10-11,18,84046,12,178,14,Closed,Medium,Clean,False,1.4,Track 3,Standby,204,0,0,5
2025-10-11,19,224323,53,158,316,Open,High,Scheduled,True,0.0,Track 5,Maintenance,527,0,1,5
2025-10-11,20,174429,35,61,27,Closed,Low,Clean,False,10.9,Track 9,Inducted,123,0,0,5
2025-10-11,21,97155,81,119,169,Open,Medium,Clean,False,0.0,Track 10,Maintenance,369,0,1,5
2025-10-11,22,153001,67,78,72,Closed,High,Clean,False,9.5,Track 3,Inducted,217,0,0,5
2025-10-11,23,184579,24,123,247,Open,High,Clean,False,0.0,Track 4,Maintenance,394,0,1,5
2025-10-11,24,155951,18,2,131,Closed,Medium,Clean,False,1.4,Track 13,Standby,151,1,0,5
2025-10-11,25,101601,51,15,316,Closed,Low,Clean,False,0.8,Track 7,Standby,382,0,0,5
2025-10-12,1,160922,68,10,365,Closed,Low,Clean,False,11.7,Track 14,Inducted,443,0,0,6
2025-10-12,2,131653,1,25,7,Closed,Low,Clean,False,8.7,Track 13,Inducted,33,1,0,6
2025-10-12,3,127156,33,122,71,Closed,Low,Clean,False,11.3,Track 11,Inducted,226,0,0,6
2025-10-12,4,138242,82,17,290,Closed,High,Clean,False,0.5,Track 7,Standby,389,0,0,6
2025-10-12,5,188636,42,8,96,Closed,Medium,Clean,False,1.0,Track 11,Standby,146,0,0,6
2025-10-12,6,225084,79,127,295,Open,Medium,Clean,False,0.0,Track 7,Maintenance,501,0,1,6
2025-10-12,7,152418,41,36,281,Open,High,Clean,False,0.0,Track 11,Maintenance,358,0,1,6
2025-10-12,8,223400,28,91,88,Open,High,Clean,False,0.0,Track 12,Maintenance,207,0,1,6
2025-10-12,9,212787,9,141,309,Closed,Medium,Clean,False,9.8,Track 4,Inducted,459,0,0,6
2025-10-12,10,218888,21,176,28,Closed,High,Clean,False,10.0,Track 13,Inducted,225,0,0,6
2025-10-12,11,190594,43,118,327,Closed,Low,Clean,False,9.8,Track 5,Inducted,488,0,0,6
2025-10-12,12,115831,22,111,10,Closed,Medium,Clean,False,0.6,Track 5,Standby,143,0,0,6
2025-10-12,13,167390,83,79,343,Closed,Low,Clean,False,11.7,Track 5,Inducted,505,0,0,6
2025-10-12,14,219537,88,157,32,Closed,Low,Clean,False,0.8,Track 13,Standby,277,0,0,6
2025-10-12,15,83966,45,125,256,Closed,High,Clean,False,1.3,Track 3,Standby,426,0,0,6
2025-10-12,16,116324,23,25,171,Open,Medium,Clean,False,0.0,Track 9,Maintenance,219,0,1,6
2025-10-12,17,206829,44,25,104,Closed,Medium,Clean,False,0.8,Track 12,Standby,173,0,0,6
2025-10-12,18,84458,11,177,13,Closed,Medium,Clean,False,8.5,Track 4,Inducted,201,0,0,6
2025-10-12,19,224348,52,157,315,Closed,High,Scheduled,True,1.1,Track 12,Standby,524,0,0,6
2025-10-12,20,174451,34,60,26,Closed,Low,Clean,False,0.7,Track 7,Standby,120,0,0,6
2025-10-12,21,97177,80,118,168,Closed,Medium,Clean,True,1.2,Track 3,Standby,366,0,0,6
2025-10-12,22,153001,66,77,71,Open,High,Clean,False,0.0,Track 7,Maintenance,214,0,1,6
2025-10-12,23,184579,23,122,246,Open,High,Clean,False,0.0,Track 11,Maintenance,391,0,1,6
2025-10-12,24,155988,17,1,130,Closed,Medium,Clean,False,1.3,Track 4,Standby,148,1,0,6
2025-10-12,25,102021,50,14,315,Closed,Low,Clean,False,11.8,Track 9,Inducted,379,0,0,6
2025-10-13,1,160922,67,9,364,Closed,Low,Scheduled,True,1.0,Track 2,Standby,440,0,0,0
2025-10-13,2,131653,90,24,6,Open,Low,Clean,False,0.0,Track 14,Maintenance,120,1,1,0
2025-10-13,3,127163,32,121,70,Closed,Low,Clean,False,0.7,Track 5,Standby,223,0,0,0
2025-10-13,4,138242,81,16,289,Open,High,Clean,False,0.0,Track 8,Maintenance,386,0,1,0
2025-10-13,5,188682,41,7,95,Closed,Medium,Clean,False,1.0,Track 5,Standby,143,1,0,0
2025-10-13,6,225615,78,126,294,Closed,Medium,Clean,False,13.5,Track 13,Inducted,498,0,0,0
2025-10-13,7,152818,40,35,280,Closed,High,Clean,False,13.8,Track 10,Inducted,355,0,0,0
2025-10-13,8,223400,27,90,87,Open,High,Clean,False,0.0,Track 3,Maintenance,204,0,1,0
2025-10-13,9,212822,8,140,308,Closed,Medium,Clean,False,1.0,Track 5,Standby,456,0,0,0
2025-10-13,10,219488,20,175,27,Closed,High,Clean,False,9.9,Track 12,Inducted,222,0,0,0
2025-10-13,11,191054,42,117,326,Closed,Low,Clean,False,9.5,Track 9,Inducted,485,0,0,0
2025-10-13,12,115844,21,110,9,Closed,Medium,Clean,False,0.6,Track 13,Standby,140,0,0,0
2025-10-13,13,167390,82,78,342,Open,Low,Clean,False,0.0,Track 14,Maintenance,502,0,1,0
2025-10-13,14,219537,87,156,31,Open,Low,Clean,False,0.0,Track 5,Maintenance,274,0,1,0
2025-10-13,15,84305,44,124,255,Closed,High,Clean,False,10.2,Track 8,Inducted,423,0,0,0
2025-10-13,16,116338,22,24,170,Closed,Medium,Clean,False,0.9,Track 15,Standby,216,0,0,0
2025-10-13,17,206829,43,24,103,Open,Medium,Clean,False,0.0,Track 5,Maintenance,170,0,1,0
2025-10-13,18,84499,10,176,12,Closed,Medium,Clean,False,0.7,Track 15,Standby,198,0,0,0
2025-10-13,19,224365,51,156,314,Closed,High,Clean,False,0.7,Track 11,Standby,521,0,0,0
2025-10-13,20,174494,33,59,25,Closed,Low,Clean,False,0.7,Track 5,Standby,117,0,0,0
2025-10-13,21,97177,79,117,167,Open,Medium,Scheduled,True,0.0,Track 8,Maintenance,363,0,1,0
2025-10-13,22,153051,65,76,70,Closed,High,Clean,False,1.0,Track 12,Standby,211,0,0,0
2025-10-13,23,184579,22,121,245,Open,High,Clean,False,0.0,Track 7,Maintenance,388,0,1,0
2025-10-13,24,156000,16,180,129,Closed,Medium,Clean,False,1.2,Track 11,Standby,325,0,0,0
2025-10-13,25,102021,49,13,314,Open,Low,Clean,False,0.0,Track 9,Maintenance,376,0,1,0
2025-10-14,1,161366,66,8,363,Closed,Low,Clean,False,12.7,Track 1,Inducted,437,0,0,1
2025-10-14,2,131653,89,23,5,Open,Low,Clean,False,0.0,Track 6,Maintenance,117,1,1,1
2025-10-14,3,127184,31,120,69,Closed,Low,Clean,False,0.8,Track 13,Standby,220,0,0,1
2025-10-14,4,138242,80,15,288,Open,High,Clean,False,0.0,Track 10,Maintenance,383,0,1,1
2025-10-14,5,189083,40,6,94,Closed,Medium,Clean,False,9.8,Track 12,Inducted,140,1,0,1
2025-10-14,6,225648,77,125,293,Closed,Medium,Clean,False,0.6,Track 7,Standby,495,0,0,1
2025-10-14,7,152818,39,34,279,Open,High,Clean,False,0.0,Track 10,Maintenance,352,0,1,1
2025-10-14,8,223446,26,89,86,Closed,High,Clean,False,1.1,Track 11,Standby,201,0,0,1
2025-10-14,9,212862,7,139,307,Closed,Medium,Clean,False,0.6,Track 7,Standby,453,1,0,1
2025-10-14,10,219488,19,174,26,Open,High,Clean,False,0.0,Track 9,Maintenance,219,0,1,1
2025-10-14,11,191054,41,116,325,Open,Low,Clean,False,0.0,Track 15,Maintenance,482,0,1,1
2025-10-14,12,115872,20,109,8,Closed,Medium,Clean,False,1.3,Track 15,Standby,137,0,0,1
2025-10-14,13,167937,81,77,341,Closed,Low,Clean,False,11.0,Track 2,Inducted,499,0,0,1
2025-10-14,14,220129,86,155,30,Closed,Low,Clean,False,12.3,Track 1,Inducted,271,0,0,1
2025-10-14,15,84314,43,123,254,Closed,High,Clean,False,1.5,Track 15,Standby,420,0,0,1
2025-10-14,16,116378,21,23,169,Closed,Medium,Clean,False,0.7,Track 11,Standby,213,0,0,1
2025-10-14,17,206861,42,23,102,Closed,Medium,Clean,False,1.4,Track 8,Standby,167,0,0,1
2025-10-14,18,84499,9,175,11,Open,Medium,Clean,False,0.0,Track 2,Maintenance,195,0,1,1
2025-10-14,19,224668,50,155,313,Closed,High,Clean,False,13.2,Track 4,Inducted,518,0,0,1
2025-10-14,20,174494,32,58,24,Open,Low,Clean,False,0.0,Track 6,Maintenance,114,0,1,1
2025-10-14,21,97200,78,116,166,Closed,Medium,Scheduled,True,0.7,Track 15,Standby,360,0,0,1
2025-10-14,22,153421,64,75,69,Closed,High,Clean,False,11.4,Track 7,Inducted,208,0,0,1
2025-10-14,23,184618,21,120,244,Closed,High,Clean,False,0.9,Track 11,Standby,385,0,0,1
2025-10-14,24,156042,15,179,128,Closed,Medium,Clean,False,1.4,Track 14,Standby,322,0,0,1
2025-10-14,25,102021,48,12,313,Open,Low,Clean,False,0.0,Track 8,Maintenance,373,0,1,1
2025-10-15,1,161398,65,7,362,Closed,Low,Clean,False,1.1,Track 4,Standby,434,1,0,2
2025-10-15,2,131653,88,22,4,Open,Low,Clean,False,0.0,Track 10,Maintenance,114,1,1,2
2025-10-15,3,127625,30,119,68,Closed,Low,Clean,False,8.4,Track 11,Inducted,217,0,0,2
2025-10-15,4,138769,79,14,287,Closed,High,Clean,False,13.8,Track 6,Inducted,380,0,0,2
2025-10-15,5,189083,39,5,93,Open,Medium,Clean,False,0.0,Track 6,Maintenance,137,1,1,2
2025-10-15,6,225667,76,124,292,Closed,Medium,Clean,False,1.2,Track 5,Standby,492,0,0,2
2025-10-15,7,152852,38,33,278,Closed,High,Clean,False,0.7,Track 13,Standby,349,0,0,2
2025-10-15,8,223856,25,88,85,Closed,High,Clean,False,12.7,Track 9,Inducted,198,0,0,2
2025-10-15,9,213407,6,138,306,Closed,Medium,Clean,False,12.3,Track 12,Inducted,450,1,0,2
2025-10-15,10,219505,18,173,25,Closed,High,Clean,False,1.5,Track 4,Standby,216,0,0,2
2025-10-15,11,191401,40,115,324,Closed,Low,Clean,False,10.1,Track 4,Inducted,479,0,0,2
2025-10-15,12,115911,19,108,7,Closed,Medium,Clean,False,1.5,Track 9,Standby,134,1,0,2
2025-10-15,13,167950,80,76,340,Closed,Low,Clean,False,1.1,Track 13,Standby,496,0,0,2
2025-10-15,14,220163,85,154,29,Closed,Low,Clean,False,0.9,Track 15,Standby,268,0,0,2
2025-10-15,15,84324,42,122,253,Closed,High,Clean,False,1.2,Track 3,Standby,417,0,0,2
2025-10-15,16,116927,20,22,168,Closed,Medium,Clean,False,11.1,Track 2,Inducted,210,0,0,2
2025-10-15,17,206861,41,22,101,Open,Medium,Clean,False,0.0,Track 10,Maintenance,164,0,1,2
2025-10-15,18,84499,8,174,10,Open,Medium,Clean,False,0.0,Track 5,Maintenance,192,0,1,2
2025-10-15,19,224668,49,154,312,Open,High,Clean,False,0.0,Track 5,Maintenance,515,0,1,2
2025-10-15,20,174494,31,57,23,Open,Low,Clean,False,0.0,Track 12,Maintenance,111,0,1,2
2025-10-15,21,97718,77,115,165,Closed,Medium,Clean,False,10.0,Track 5,Inducted,357,0,0,2
2025-10-15,22,153912,63,74,68,Closed,High,Clean,False,10.7,Track 5,Inducted,205,0,0,2
2025-10-15,23,184618,20,119,243,Open,High,Clean,False,0.0,Track 14,Maintenance,382,0,1,2
2025-10-15,24,156418,14,178,127,Closed,Medium,Clean,False,13.1,Track 11,Inducted,319,0,0,2
2025-10-15,25,102028,47,11,312,Closed,Low,Clean,False,1.0,Track 2,Standby,370,0,0,2
2025-10-16,1,161448,64,6,361,Closed,Low,Clean,False,1.2,Track 13,Standby,431,1,0,3
2025-10-16,2,131653,87,21,3,Open,Low,Clean,False,0.0,Track 7,Maintenance,111,1,1,3
2025-10-16,3,127665,29,118,67,Closed,Low,Scheduled,True,1.0,Track 2,Standby,214,0,0,3
2025-10-16,4,138790,78,13,286,Closed,High,Clean,False,1.0,Track 15,Standby,377,0,0,3
2025-10-16,5,189610,38,4,92,Closed,Medium,Clean,False,12.9,Track 5,Inducted,134,1,0,3
2025-10-16,6,225667,75,123,291,Open,Medium,Clean,False,0.0,Track 14,Maintenance,489,0,1,3
2025-10-16,7,152871,37,32,277,Closed,High,Clean,False,0.7,Track 12,Standby,346,0,0,3
2025-10-16,8,224165,24,87,84,Closed,High,Clean,False,10.9,Track 8,Inducted,195,0,0,3
2025-10-16,9,213421,5,137,305,Closed,Medium,Clean,False,0.7,Track 6,Standby,447,1,0,3
2025-10-16,10,219520,17,172,24,Closed,High,Clean,False,0.8,Track 8,Standby,213,0,0,3
2025-10-16,11,191891,39,114,323,Closed,Low,Clean,False,12.2,Track 6,Inducted,476,0,0,3
2025-10-16,12,115923,18,107,6,Closed,Medium,Clean,False,1.4,Track 10,Standby,131,1,0,3
2025-10-16,13,167967,79,75,339,Closed,Low,Clean,False,0.8,Track 7,Standby,493,0,0,3
2025-10-16,14,220589,84,153,28,Closed,Low,Clean,False,14.0,Track 10,Inducted,265,0,0,3
2025-10-16,15,84324,41,121,252,Closed,High,Clean,False,1.3,Track 3,Standby,414,0,0,3
2025-10-16,16,117486,19,21,167,Closed,Medium,Clean,False,12.6,Track 8,Inducted,207,0,0,3
2025-10-16,17,206880,40,21,100,Closed,Medium,Clean,False,0.5,Track 12,Standby,161,0,0,3
2025-10-16,18,84507,7,173,9,Closed,Medium,Clean,False,0.5,Track 10,Standby,189,1,0,3
2025-10-16,19,224693,48,153,311,Closed,High,Clean,False,1.1,Track 5,Standby,512,0,0,3
2025-10-16,20,174498,30,56,22,Closed,Low,Clean,False,0.8,Track 11,Standby,108,0,0,3
2025-10-16,21,98147,76,114,164,Closed,Medium,Clean,False,12.7,Track 9,Inducted,354,0,0,3
2025-10-16,22,154394,62,73,67,Closed,High,Clean,False,12.3,Track 14,Inducted,202,0,0,3
2025-10-16,23,185097,19,118,242,Closed,High,Clean,False,13.0,Track 6,Inducted,379,0,0,3
2025-10-16,24,156752,13,177,126,Closed,Medium,Clean,False,13.5,Track 5,Inducted,316,0,0,3
2025-10-16,25,102028,46,10,311,Closed,Low,Scheduled,True,0.6,Track 5,Standby,367,0,0,3
2025-10-17,1,161962,63,5,360,Closed,Low,Clean,False,9.5,Track 10,Inducted,428,1,0,4
2025-10-17,2,132123,86,20,2,Closed,Low,Clean,False,10.2,Track 15,Inducted,108,1,0,4
2025-10-17,3,128097,28,117,66,Closed,Low,Clean,False,8.6,Track 13,Inducted,211,0,0,4
2025-10-17,4,138806,77,12,285,Closed,High,Clean,False,1.1,Track 3,Standby,374,0,0,4
2025-10-17,5,190144,37,3,91,Closed,Medium,Clean,False,9.0,Track 9,Inducted,131,1,0,4
2025-10-17,6,225670,74,122,290,Closed,Medium,Clean,False,1.0,Track 13,Standby,486,0,0,4
2025-10-17,7,152871,36,31,276,Open,High,Clean,False,0.0,Track 1,Maintenance,343,0,1,4
2025-10-17,8,224165,23,86,83,Open,High,Clean,False,0.0,Track 15,Maintenance,192,0,1,4
2025-10-17,9,213995,4,136,304,Closed,Medium,Clean,False,10.7,Track 1,Inducted,444,1,0,4
2025-10-17,10,219528,16,171,23,Closed,High,Clean,False,1.0,Track 14,Standby,210,0,0,4
2025-10-17,11,191895,38,113,322,Closed,Low,Clean,False,1.4,Track 6,Standby,473,0,0,4
2025-10-17,12,116330,17,106,5,Closed,Medium,Clean,False,11.2,Track 6,Inducted,128,1,0,4
2025-10-17,13,168302,78,74,338,Closed,Low,Clean,False,9.6,Track 8,Inducted,490,0,0,4
2025-10-17,14,220600,83,152,27,Closed,Low,Clean,False,1.3,Track 8,Standby,262,0,0,4
2025-10-17,15,84369,40,120,251,Closed,High,Clean,False,1.5,Track 4,Standby,411,0,0,4
2025-10-17,16,117808,18,20,166,Closed,Medium,Clean,False,11.2,Track 6,Inducted,204,0,0,4
2025-10-17,17,206922,39,20,99,Closed,Medium,Clean,False,1.3,Track 3,Standby,158,0,0,4
2025-10-17,18,85035,6,172,8,Closed,Medium,Clean,False,12.3,Track 3,Inducted,186,1,0,4
2025-10-17,19,224718,47,152,310,Closed,High,Clean,False,1.5,Track 10,Standby,509,0,0,4
2025-10-17,20,174498,29,55,21,Open,Low,Clean,False,0.0,Track 12,Maintenance,105,0,1,4
2025-10-17,21,98147,75,113,163,Open,Medium,Clean,False,0.0,Track 3,Maintenance,351,0,1,4
2025-10-17,22,154703,61,72,66,Closed,High,Clean,False,13.6,Track 5,Inducted,199,0,0,4
2025-10-17,23,185526,18,117,241,Closed,High,Clean,False,13.3,Track 5,Inducted,376,0,0,4
2025-10-17,24,157346,12,176,125,Closed,Medium,Clean,False,11.0,Track 6,Inducted,313,0,0,4
2025-10-17,25,102062,45,9,310,Closed,Low,Clean,False,0.7,Track 14,Standby,364,0,0,4
2025-10-18,1,161968,62,4,359,Closed,Low,Clean,False,1.1,Track 8,Standby,425,1,0,5
2025-10-18,2,132123,85,19,1,Open,Low,Clean,False,0.0,Track 13,Maintenance,105,1,1,5
2025-10-18,3,128124,27,116,65,Closed,Low,Clean,False,0.6,Track 15,Standby,208,0,0,5
2025-10-18,4,139211,76,11,284,Closed,High,Clean,False,12.7,Track 4,Inducted,371,0,0,5
2025-10-18,5,190169,36,2,90,Closed,Medium,Clean,False,0.8,Track 5,Standby,128,1,0,5
2025-10-18,6,226219,73,121,289,Closed,Medium,Clean,False,12.2,Track 6,Inducted,483,0,0,5
2025-10-18,7,153298,35,30,275,Closed,High,Clean,False,8.9,Track 14,Inducted,340,0,0,5
2025-10-18,8,224194,22,85,82,Closed,High,Clean,False,1.2,Track 1,Standby,189,0,0,5
2025-10-18,9,213995,3,135,303,Open,Medium,Clean,False,0.0,Track 15,Maintenance,441,1,1,5
2025-10-18,10,219528,15,170,22,Open,High,Clean,False,0.0,Track 4,Maintenance,207,0,1,5
2025-10-18,11,192469,37,112,321,Closed,Low,Clean,False,11.4,Track 7,Inducted,470,0,0,5
2025-10-18,12,116372,16,105,4,Closed,Medium,Clean,False,1.0,Track 10,Standby,125,1,0,5
2025-10-18,13,168329,77,73,337,Closed,Low,Clean,False,1.0,Track 7,Standby,487,0,0,5
2025-10-18,14,220600,82,151,26,Open,Low,Clean,False,0.0,Track 14,Maintenance,259,0,1,5
2025-10-18,15,84850,39,119,250,Closed,High,Clean,False,12.4,Track 5,Inducted,408,0,0,5
2025-10-18,16,118126,17,19,165,Closed,Medium,Clean,False,8.9,Track 13,Inducted,201,0,0,5
2025-10-18,17,207250,38,19,98,Closed,Medium,Clean,False,11.3,Track 5,Inducted,155,0,0,5
2025-10-18,18,85079,5,171,7,Closed,Medium,Clean,False,1.3,Track 1,Standby,183,1,0,5
2025-10-18,19,224763,46,151,309,Closed,High,Clean,False,1.0,Track 11,Standby,506,0,0,5
2025-10-18,20,174498,28,54,20,Open,Low,Clean,False,0.0,Track 15,Maintenance,102,0,1,5
2025-10-18,21,98185,74,112,162,Closed,Medium,Clean,False,0.9,Track 14,Standby,348,0,0,5
2025-10-18,22,154707,60,71,65,Closed,High,Clean,False,1.1,Track 1,Standby,196,0,0,5
2025-10-18,23,185986,17,116,240,Closed,High,Clean,False,12.5,Track 13,Inducted,373,0,0,5
2025-10-18,24,157888,11,175,124,Closed,Medium,Clean,False,8.7,Track 11,Inducted,310,0,0,5
2025-10-18,25,102091,44,8,309,Closed,Low,Clean,False,1.3,Track 11,Standby,361,0,0,5
2025-10-19,1,162436,61,3,358,Closed,Low,Clean,False,9.1,Track 2,Inducted,422,1,0,6
2025-10-19,2,132458,84,18,365,Closed,Low,Clean,False,8.5,Track 8,Inducted,467,0,0,6
2025-10-19,3,128718,26,115,64,Closed,Low,Clean,False,12.6,Track 3,Inducted,205,0,0,6
2025-10-19,4,139223,75,10,283,Closed,High,Clean,False,0.7,Track 8,Standby,368,0,0,6
2025-10-19,5,190214,35,1,89,Closed,Medium,Clean,False,0.8,Track 4,Standby,125,1,0,6
2025-10-19,6,226560,72,120,288,Closed,Medium,Clean,False,9.3,Track 14,Inducted,480,0,0,6
2025-10-19,7,153705,34,29,274,Closed,High,Clean,False,11.7,Track 3,Inducted,337,0,0,6
2025-10-19,8,224242,21,84,81,Closed,High,Clean,False,1.4,Track 15,Standby,186,0,0,6
2025-10-19,9,213995,2,134,302,Open,Medium,Clean,False,0.0,Track 6,Maintenance,438,1,1,6
2025-10-19,10,219528,14,169,21,Open,High,Clean,False,0.0,Track 11,Maintenance,204,0,1,6
2025-10-19,11,192513,36,111,320,Closed,Low,Clean,False,0.9,Track 1,Standby,467,0,0,6
2025-10-19,12,116373,15,104,3,Closed,Medium,Clean,False,1.5,Track 13,Standby,122,1,0,6
2025-10-19,13,168329,76,72,336,Open,Low,Clean,False,0.0,Track 6,Maintenance,484,0,1,6
2025-10-19,14,220642,81,150,25,Closed,Low,Clean,False,1.4,Track 3,Standby,256,0,0,6
2025-10-19,15,84868,38,118,249,Closed,High,Clean,False,0.7,Track 12,Standby,405,0,0,6
2025-10-19,16,118600,16,18,164,Closed,Medium,Clean,False,10.8,Track 5,Inducted,198,0,0,6
2025-10-19,17,207592,37,18,97,Closed,Medium,Clean,False,9.9,Track 13,Inducted,152,0,0,6
2025-10-19,18,85417,4,170,6,Closed,Medium,Clean,False,12.1,Track 2,Inducted,180,1,0,6
2025-10-19,19,225302,45,150,308,Closed,High,Clean,False,12.8,Track 7,Inducted,503,0,0,6
2025-10-19,20,174498,27,53,19,Open,Low,Clean,False,0.0,Track 13,Maintenance,99,0,1,6
2025-10-19,21,98220,73,111,161,Closed,Medium,Clean,False,0.7,Track 10,Standby,345,0,0,6
2025-10-19,22,155047,59,70,64,Closed,High,Clean,False,10.4,Track 9,Inducted,193,0,0,6
2025-10-19,23,185986,16,115,239,Open,High,Clean,False,0.0,Track 13,Maintenance,370,0,1,6
2025-10-19,24,157894,10,174,123,Closed,Medium,Clean,False,0.5,Track 4,Standby,307,0,0,6
2025-10-19,25,102091,43,7,308,Open,Low,Clean,False,0.0,Track 9,Maintenance,358,1,1,6
2025-10-20,1,162445,60,2,357,Closed,Low,Clean,False,0.7,Track 4,Standby,419,1,0,0
2025-10-20,2,132458,83,17,364,Open,Low,Clean,False,0.0,Track 7,Maintenance,464,0,1,0
2025-10-20,3,128747,25,114,63,Closed,Low,Clean,False,0.9,Track 2,Standby,202,0,0,0
2025-10-20,4,139272,74,9,282,Closed,High,Clean,False,0.8,Track 5,Standby,365,0,0,0
2025-10-20,5,190216,34,180,88,Closed,Medium,Clean,False,1.3,Track 13,Standby,302,0,0,0
2025-10-20,6,226560,71,119,287,Open,Medium,Clean,False,0.0,Track 12,Maintenance,477,0,1,0
2025-10-20,7,154043,33,28,273,Closed,High,Clean,False,8.5,Track 8,Inducted,334,0,0,0
2025-10-20,8,224591,20,83,80,Closed,High,Clean,False,9.8,Track 15,Inducted,183,0,0,0
2025-10-20,9,214022,1,133,301,Closed,Medium,Clean,False,1.2,Track 2,Standby,435,1,0,0
2025-10-20,10,219895,13,168,20,Closed,High,Clean,False,12.5,Track 3,Inducted,201,0,0,0
2025-10-20,11,192534,35,110,319,Closed,Low,Clean,False,0.9,Track 2,Standby,464,0,0,0
2025-10-20,12,116404,14,103,2,Closed,Medium,Clean,False,0.8,Track 4,Standby,119,1,0,0
2025-10-20,13,168356,75,71,335,Closed,Low,Clean,False,1.3,Track 6,Standby,481,0,0,0
2025-10-20,14,220644,80,149,24,Closed,Low,Clean,False,0.5,Track 7,Standby,253,0,0,0
2025-10-20,15,84874,37,117,248,Closed,High,Clean,False,0.6,Track 9,Standby,402,0,0,0
2025-10-20,16,118954,15,17,163,Closed,Medium,Clean,False,9.3,Track 15,Inducted,195,0,0,0
2025-10-20,17,208025,36,17,96,Closed,Medium,Clean,False,9.2,Track 13,Inducted,149,0,0,0
2025-10-20,18,85720,3,169,5,Closed,Medium,Clean,False,10.4,Track 9,Inducted,177,1,0,0
2025-10-20,19,225710,44,149,307,Closed,High,Clean,False,12.8,Track 2,Inducted,500,0,0,0
2025-10-20,20,174976,26,52,18,Closed,Low,Clean,False,12.5,Track 10,Inducted,96,0,0,0
2025-10-20,21,98220,72,110,160,Open,Medium,Clean,False,0.0,Track 15,Maintenance,342,0,1,0
2025-10-20,22,155505,58,69,63,Closed,High,Clean,False,11.6,Track 7,Inducted,190,0,0,0
2025-10-20,23,186022,15,114,238,Closed,High,Scheduled,True,0.8,Track 3,Standby,367,0,0,0
2025-10-20,24,158391,9,173,122,Closed,Medium,Clean,True,9.9,Track 5,Inducted,304,0,0,0
2025-10-20,25,102091,42,6,307,Open,Low,Clean,False,0.0,Track 15,Maintenance,355,1,1,0
2025-10-21,1,162457,59,1,356,Closed,Low,Clean,False,0.6,Track 12,Standby,416,1,0,1
2025-10-21,2,132491,82,16,363,Closed,Low,Clean,False,1.0,Track 11,Standby,461,0,0,1
2025-10-21,3,129179,24,113,62,Closed,Low,Clean,False,11.9,Track 1,Inducted,199,0,0,1
2025-10-21,4,139272,73,8,281,Open,High,Clean,False,0.0,Track 5,Maintenance,362,0,1,1
2025-10-21,5,190779,33,179,87,Closed,Medium,Clean,False,10.6,Track 4,Inducted,299,0,0,1
2025-10-21,6,226582,70,118,286,Closed,Medium,Clean,False,1.3,Track 9,Standby,474,0,0,1
2025-10-21,7,154043,32,27,272,Open,High,Clean,False,0.0,Track 6,Maintenance,331,0,1,1
2025-10-21,8,224641,19,82,79,Closed,High,Clean,False,0.8,Track 2,Standby,180,0,0,1
2025-10-21,9,214040,90,132,300,Closed,Medium,Clean,False,0.5,Track 2,Standby,522,0,0,1
2025-10-21,10,220385,12,167,19,Closed,High,Clean,False,13.6,Track 3,Inducted,198,0,0,1
2025-10-21,11,192583,34,109,318,Closed,Low,Clean,False,1.1,Track 11,Standby,461,0,0,1
2025-10-21,12,116418,13,102,1,Closed,Medium,Clean,False,0.6,Track 10,Standby,116,1,0,1
2025-10-21,13,168356,74,70,334,Open,Low,Clean,False,0.0,Track 4,Maintenance,478,0,1,1
2025-10-21,14,220648,79,148,23,Closed,Low,Clean,False,1.0,Track 14,Standby,250,0,0,1
2025-10-21,15,84878,36,116,247,Closed,High,Clean,False,1.5,Track 8,Standby,399,0,0,1
2025-10-21,16,118993,14,16,162,Closed,Medium,Scheduled,True,1.0,Track 4,Standby,192,0,0,1
2025-10-21,17,208025,35,16,95,Open,Medium,Clean,False,0.0,Track 1,Maintenance,146,0,1,1
2025-10-21,18,86289,2,168,4,Closed,Medium,Clean,False,12.7,Track 3,Inducted,174,1,0,1
2025-10-21,19,226258,43,148,306,Closed,High,Clean,False,11.4,Track 15,Inducted,497,0,0,1
2025-10-21,20,174985,25,51,17,Closed,Low,Clean,False,0.5,Track 4,Standby,93,0,0,1
2025-10-21,21,98640,71,109,159,Closed,Medium,Clean,False,11.1,Track 14,Inducted,339,0,0,1
2025-10-21,22,155532,57,68,62,Closed,High,Clean,True,1.1,Track 14,Standby,187,0,0,1
2025-10-21,23,186336,14,113,237,Closed,High,Clean,False,11.7,Track 8,Inducted,364,0,0,1
2025-10-21,24,158418,8,172,121,Closed,Medium,Scheduled,True,0.6,Track 11,Standby,301,0,0,1
2025-10-21,25,102110,41,5,306,Closed,Low,Clean,False,1.3,Track 13,Standby,352,1,0,1
2025-10-22,1,162457,58,180,355,Open,Low,Clean,False,0.0,Track 6,Maintenance,593,0,1,2
2025-10-22,2,132491,81,15,362,Open,Low,Clean,False,0.0,Track 4,Maintenance,458,0,1,2
2025-10-22,3,129179,23,112,61,Open,Low,Clean,False,0.0,Track 7,Maintenance,196,0,1,2
2025-10-22,4,139272,72,7,280,Closed,High,Clean,False,1.2,Track 5,Standby,359,1,0,2
2025-10-22,5,190798,32,178,86,Closed,Medium,Clean,False,1.4,Track 2,Standby,296,0,0,2
2025-10-22,6,226587,69,117,285,Closed,Medium,Clean,False,0.9,Track 7,Standby,471,0,0,2
2025-10-22,7,154043,31,26,271,Open,High,Scheduled,True,0.0,Track 9,Maintenance,328,0,1,2
2025-10-22,8,225132,18,81,78,Closed,High,Clean,False,8.8,Track 11,Inducted,177,0,0,2
2025-10-22,9,214040,89,131,299,Open,Medium,Clean,False,0.0,Track 11,Maintenance,519,0,1,2
2025-10-22,10,220385,11,166,18,Open,High,Clean,True,0.0,Track 11,Maintenance,195,0,1,2
2025-10-22,11,192624,33,108,317,Closed,Low,Clean,False,1.5,Track 3,Standby,458,0,0,2
2025-10-22,12,116896,12,101,365,Closed,Medium,Clean,False,9.7,Track 5,Inducted,478,0,0,2
2025-10-22,13,168356,73,69,333,Open,Low,Clean,False,0.0,Track 3,Maintenance,475,0,1,2
2025-10-22,14,220696,78,147,22,Closed,Low,Scheduled,True,0.9,Track 5,Standby,247,0,0,2
2025-10-22,15,84878,35,115,246,Closed,High,Clean,False,1.4,Track 6,Standby,396,0,0,2
2025-10-22,16,118993,13,15,161,Open,Medium,Clean,False,0.0,Track 12,Maintenance,189,0,1,2
2025-10-22,17,208049,34,15,94,Closed,Medium,Clean,False,0.9,Track 8,Standby,143,0,0,2
2025-10-22,18,86829,1,167,3,Closed,Medium,Clean,False,9.7,Track 8,Inducted,171,1,0,2
2025-10-22,19,226572,42,147,305,Closed,High,Clean,False,13.4,Track 13,Inducted,494,0,0,2
2025-10-22,20,175343,24,50,16,Closed,Low,Clean,False,10.9,Track 3,Inducted,90,0,0,2
2025-10-22,21,99104,70,108,158,Closed,Medium,Clean,False,10.2,Track 13,Inducted,336,0,0,2
2025-10-22,22,155532,56,67,61,Open,High,Scheduled,True,0.0,Track 6,Maintenance,184,0,1,2
2025-10-22,23,186336,13,112,236,Open,High,Clean,False,0.0,Track 6,Maintenance,361,0,1,2
2025-10-22,24,158418,7,171,120,Open,Medium,Clean,False,0.0,Track 3,Maintenance,298,1,1,2
2025-10-22,25,102111,40,4,305,Closed,Low,Clean,False,0.9,Track 5,Standby,349,1,0,2
2025-10-23,1,162779,57,179,354,Closed,Low,Clean,False,12.7,Track 8,Inducted,590,0,0,3
2025-10-23,2,132897,80,14,361,Closed,Low,Clean,False,13.8,Track 10,Inducted,455,0,0,3
2025-10-23,3,129215,22,111,60,Closed,Low,Clean,False,0.5,Track 2,Standby,193,0,0,3
2025-10-23,4,139732,71,6,279,Closed,High,Clean,False,12.4,Track 4,Inducted,356,1,0,3
2025-10-23,5,190824,31,177,85,Closed,Medium,Clean,False,0.8,Track 5,Standby,293,0,0,3
2025-10-23,6,227135,68,116,284,Closed,Medium,Clean,False,8.5,Track 7,Inducted,468,0,0,3
2025-10-23,7,154070,30,25,270,Closed,High,Scheduled,True,0.9,Track 7,Standby,325,0,0,3
2025-10-23,8,225142,17,80,77,Closed,High,Clean,False,1.5,Track 13,Standby,174,0,0,3
2025-10-23,9,214040,88,130,298,Open,Medium,Clean,False,0.0,Track 14,Maintenance,516,0,1,3
2025-10-23,10,220385,10,165,17,Open,High,Scheduled,True,0.0,Track 13,Maintenance,192,0,1,3
2025-10-23,11,192633,32,107,316,Closed,Low,Clean,False,1.4,Track 14,Standby,455,0,0,3
2025-10-23,12,117484,11,100,364,Closed,Medium,Clean,False,9.2,Track 4,Inducted,475,0,0,3
2025-10-23,13,168356,72,68,332,Open,Low,Clean,False,0.0,Track 11,Maintenance,472,0,1,3
2025-10-23,14,221126,77,146,21,Closed,Low,Clean,False,9.0,Track 4,Inducted,244,0,0,3
2025-10-23,15,84899,34,114,245,Closed,High,Clean,False,0.8,Track 11,Standby,393,0,0,3
2025-10-23,16,119374,12,14,160,Closed,Medium,Clean,False,11.9,Track 3,Inducted,186,0,0,3
2025-10-23,17,208050,33,14,93,Closed,Medium,Clean,False,0.9,Track 10,Standby,140,0,0,3
2025-10-23,18,86855,90,166,2,Closed,Medium,Clean,False,0.9,Track 5,Standby,258,1,0,3
2025-10-23,19,226587,41,146,304,Closed,High,Clean,False,0.7,Track 15,Standby,491,0,0,3
2025-10-23,20,175343,23,49,15,Open,Low,Clean,False,0.0,Track 9,Maintenance,87,0,1,3
2025-10-23,21,99105,69,107,157,Closed,Medium,Clean,False,0.5,Track 10,Standby,333,0,0,3
2025-10-23,22,156107,55,66,60,Closed,High,Clean,True,9.2,Track 6,Inducted,181,0,0,3
2025-10-23,23,186818,12,111,235,Closed,High,Clean,False,11.8,Track 5,Inducted,358,0,0,3
2025-10-23,24,158418,6,170,119,Open,Medium,Clean,False,0.0,Track 9,Maintenance,295,1,1,3
2025-10-23,25,102111,39,3,304,Open,Low,Clean,False,0.0,Track 12,Maintenance,346,1,1,3
2025-10-24,1,162803,56,178,353,Closed,Low,Clean,False,1.4,Track 1,Standby,587,0,0,4
2025-10-24,2,132897,79,13,360,Open,Low,Clean,False,0.0,Track 6,Maintenance,452,0,1,4
2025-10-24,3,129215,21,110,59,Open,Low,Clean,False,0.0,Track 11,Maintenance,190,0,1,4
2025-10-24,4,140139,70,5,278,Closed,High,Clean,False,13.6,Track 13,Inducted,353,1,0,4
2025-10-24,5,190854,30,176,84,Closed,Medium,Clean,False,1.3,Track 15,Standby,290,0,0,4
2025-10-24,6,227184,67,115,283,Closed,Medium,Clean,False,1.3,Track 11,Standby,465,0,0,4
2025-10-24,7,154534,29,24,269,Closed,High,Clean,False,9.8,Track 1,Inducted,322,0,0,4
2025-10-24,8,225173,16,79,76,Closed,High,Clean,False,1.5,Track 1,Standby,171,0,0,4
2025-10-24,9,214085,87,129,297,Closed,Medium,Clean,False,1.2,Track 13,Standby,513,0,0,4
2025-10-24,10,220385,9,164,16,Open,High,Scheduled,True,0.0,Track 8,Maintenance,189,0,1,4
2025-10-24,11,192633,31,106,315,Open,Low,Clean,False,0.0,Track 6,Maintenance,452,0,1,4
2025-10-24,12,118075,10,99,363,Closed,Medium,Clean,False,10.9,Track 14,Inducted,472,0,0,4
2025-10-24,13,168356,71,67,331,Open,Low,Clean,False,0.0,Track 15,Maintenance,469,0,1,4
2025-10-24,14,221539,76,145,20,Closed,Low,Clean,False,9.1,Track 5,Inducted,241,0,0,4
2025-10-24,15,85413,33,113,244,Closed,High,Clean,False,13.0,Track 10,Inducted,390,0,0,4
2025-10-24,16,119683,11,13,159,Closed,Medium,Clean,False,9.4,Track 2,Inducted,183,0,0,4
2025-10-24,17,208069,32,13,92,Closed,Medium,Clean,False,0.9,Track 10,Standby,137,0,0,4
2025-10-24,18,86892,89,165,1,Closed,Medium,Clean,False,1.3,Track 5,Standby,255,1,0,4
2025-10-24,19,226587,40,145,303,Open,High,Clean,False,0.0,Track 3,Maintenance,488,0,1,4
2025-10-24,20,175650,22,48,14,Closed,Low,Clean,False,11.9,Track 10,Inducted,84,0,0,4
2025-10-24,21,99624,68,106,156,Closed,Medium,Clean,False,12.1,Track 8,Inducted,330,0,0,4
2025-10-24,22,156111,54,65,59,Closed,High,Scheduled,True,1.5,Track 8,Standby,178,0,0,4
2025-10-24,23,186859,11,110,234,Closed,High,Clean,False,0.8,Track 12,Standby,355,0,0,4
2025-10-24,24,158798,5,169,118,Closed,Medium,Clean,False,9.9,Track 14,Inducted,292,1,0,4
2025-10-24,25,102117,38,2,303,Closed,Low,Clean,False,1.1,Track 10,Standby,343,1,0,4
2025-10-25,1,162824,55,177,352,Closed,Low,Clean,False,0.7,Track 15,Standby,584,0,0,5
2025-10-25,2,132897,78,12,359,Open,Low,Clean,False,0.0,Track 1,Maintenance,449,0,1,5
2025-10-25,3,129675,20,109,58,Closed,Low,Clean,False,10.0,Track 1,Inducted,187,0,0,5
2025-10-25,4,140693,69,4,277,Closed,High,Clean,False,9.8,Track 3,Inducted,350,1,0,5
2025-10-25,5,190857,29,175,83,Closed,Medium,Clean,False,1.4,Track 8,Standby,287,0,0,5
2025-10-25,6,227184,66,114,282,Open,Medium,Clean,False,0.0,Track 7,Maintenance,462,0,1,5
2025-10-25,7,155129,28,23,268,Closed,High,Clean,False,11.0,Track 6,Inducted,319,0,0,5
2025-10-25,8,225560,15,78,75,Closed,High,Clean,False,12.6,Track 14,Inducted,168,0,0,5
2025-10-25,9,214092,86,128,296,Closed,Medium,Clean,False,0.8,Track 3,Standby,510,0,0,5
2025-10-25,10,220432,8,163,15,Closed,High,Scheduled,True,0.7,Track 10,Standby,186,0,0,5
2025-10-25,11,192633,30,105,314,Open,Low,Clean,False,0.0,Track 1,Maintenance,449,0,1,5
2025-10-25,12,118567,9,98,362,Closed,Medium,Clean,False,10.8,Track 14,Inducted,469,0,0,5
2025-10-25,13,168399,70,66,330,Closed,Low,Clean,False,0.6,Track 15,Standby,466,0,0,5
2025-10-25,14,221958,75,144,19,Closed,Low,Clean,False,13.0,Track 6,Inducted,238,0,0,5
2025-10-25,15,85998,32,112,243,Closed,High,Clean,False,12.2,Track 4,Inducted,387,0,0,5
2025-10-25,16,119703,10,12,158,Closed,Medium,Clean,False,1.3,Track 10,Standby,180,0,0,5
2025-10-25,17,208406,31,12,91,Closed,Medium,Clean,False,13.0,Track 14,Inducted,134,0,0,5
2025-10-25,18,86892,88,164,365,Open,Medium,Clean,False,0.0,Track 3,Maintenance,617,0,1,5
2025-10-25,19,226960,39,144,302,Closed,High,Clean,False,9.0,Track 12,Inducted,485,0,0,5
2025-10-25,20,175650,21,47,13,Open,Low,Clean,False,0.0,Track 12,Maintenance,81,0,1,5
2025-10-25,21,99624,67,105,155,Open,Medium,Clean,False,0.0,Track 2,Maintenance,327,0,1,5
2025-10-25,22,156125,53,64,58,Closed,High,Clean,False,1.0,Track 9,Standby,175,0,0,5
2025-10-25,23,186903,10,109,233,Closed,High,Clean,False,1.0,Track 1,Standby,352,0,0,5
2025-10-25,24,158798,4,168,117,Open,Medium,Clean,False,0.0,Track 5,Maintenance,289,1,1,5
2025-10-25,25,102678,37,1,302,Closed,Low,Clean,False,8.8,Track 7,Inducted,340,1,0,5
2025-10-26,1,162824,54,176,351,Open,Low,Clean,False,0.0,Track 15,Maintenance,581,0,1,6
2025-10-26,2,133467,77,11,358,Closed,Low,Clean,False,8.3,Track 4,Inducted,446,0,0,6
2025-10-26,3,130198,19,108,57,Closed,Low,Clean,False,11.3,Track 6,Inducted,184,0,0,6
2025-10-26,4,141034,68,3,276,Closed,High,Clean,False,10.7,Track 12,Inducted,347,1,0,6
2025-10-26,5,190890,28,174,82,Closed,Medium,Clean,False,1.3,Track 15,Standby,284,0,0,6
2025-10-26,6,227201,65,113,281,Closed,Medium,Clean,False,1.1,Track 3,Standby,459,0,0,6
2025-10-26,7,155637,27,22,267,Closed,High,Clean,False,12.9,Track 14,Inducted,316,0,0,6
2025-10-26,8,225942,14,77,74,Closed,High,Clean,True,10.0,Track 7,Inducted,165,0,0,6
2025-10-26,9,214602,85,127,295,Closed,Medium,Clean,False,13.3,Track 15,Inducted,507,0,0,6
2025-10-26,10,220433,7,162,14,Closed,High,Clean,False,1.3,Track 13,Standby,183,1,0,6
2025-10-26,11,192990,29,104,313,Closed,Low,Clean,False,10.4,Track 7,Inducted,446,0,0,6
2025-10-26,12,118590,8,97,361,Closed,Medium,Clean,False,1.3,Track 3,Standby,466,0,0,6
2025-10-26,13,168790,69,65,329,Closed,Low,Clean,False,12.4,Track 11,Inducted,463,0,0,6
2025-10-26,14,222005,74,143,18,Closed,Low,Clean,False,0.6,Track 3,Standby,235,0,0,6
2025-10-26,15,86523,31,111,242,Closed,High,Clean,False,8.4,Track 1,Inducted,384,0,0,6
2025-10-26,16,119739,9,11,157,Closed,Medium,Clean,False,0.9,Track 4,Standby,177,0,0,6
2025-10-26,17,208406,30,11,90,Open,Medium,Clean,False,0.0,Track 4,Maintenance,131,0,1,6
2025-10-26,18,87197,87,163,364,Closed,Medium,Clean,False,8.4,Track 7,Inducted,614,0,0,6
2025-10-26,19,226968,38,143,301,Closed,High,Clean,False,0.6,Track 6,Standby,482,0,0,6
2025-10-26,20,175689,20,46,12,Closed,Low,Clean,False,1.0,Track 5,Standby,78,0,0,6
2025-10-26,21,100064,66,104,154,Closed,Medium,Clean,False,13.7,Track 10,Inducted,324,0,0,6
2025-10-26,22,156149,52,63,57,Closed,High,Clean,False,0.9,Track 11,Standby,172,0,0,6
2025-10-26,23,186917,9,108,232,Closed,High,Clean,False,0.6,Track 8,Standby,349,0,0,6
2025-10-26,24,159152,3,167,116,Closed,Medium,Clean,False,8.4,Track 1,Inducted,286,1,0,6
2025-10-26,25,102724,36,180,301,Closed,Low,Clean,False,1.1,Track 1,Standby,517,0,0,6
2025-10-27,1,162840,53,175,350,Closed,Low,Clean,False,1.4,Track 8,Standby,578,0,0,0
2025-10-27,2,133474,76,10,357,Closed,Low,Clean,False,1.2,Track 15,Standby,443,0,0,0
2025-10-27,3,130766,18,107,56,Closed,Low,Clean,False,8.1,Track 15,Inducted,181,0,0,0
2025-10-27,4,141034,67,2,275,Open,High,Clean,False,0.0,Track 8,Maintenance,344,1,1,0
2025-10-27,5,190900,27,173,81,Closed,Medium,Clean,False,1.0,Track 5,Standby,281,0,0,0
2025-10-27,6,227702,64,112,280,Closed,Medium,Clean,False,9.5,Track 5,Inducted,456,0,0,0
2025-10-27,7,156110,26,21,266,Closed,High,Clean,False,9.4,Track 7,Inducted,313,0,0,0
2025-10-27,8,225942,13,76,73,Open,High,Scheduled,True,0.0,Track 4,Maintenance,162,0,1,0
2025-10-27,9,214620,84,126,294,Closed,Medium,Clean,False,0.9,Track 10,Standby,504,0,0,0
2025-10-27,10,221025,6,161,13,Closed,High,Clean,False,9.6,Track 9,Inducted,180,1,0,0
2025-10-27,11,193346,28,103,312,Closed,Low,Clean,False,8.2,Track 7,Inducted,443,0,0,0
2025-10-27,12,118961,7,96,360,Closed,Medium,Clean,False,8.9,Track 8,Inducted,463,1,0,0
2025-10-27,13,168824,68,64,328,Closed,Low,Clean,False,0.8,Track 12,Standby,460,0,0,0
2025-10-27,14,222005,73,142,17,Open,Low,Clean,False,0.0,Track 15,Maintenance,232,0,1,0
2025-10-27,15,86552,30,110,241,Closed,High,Clean,False,1.2,Track 7,Standby,381,0,0,0
2025-10-27,16,119739,8,10,156,Open,Medium,Clean,False,0.0,Track 10,Maintenance,174,0,1,0
2025-10-27,17,208925,29,10,89,Closed,Medium,Clean,False,13.5,Track 4,Inducted,128,0,0,0
2025-10-27,18,87208,86,162,363,Closed,Medium,Clean,False,1.3,Track 10,Standby,611,0,0,0
2025-10-27,19,226968,37,142,300,Open,High,Clean,False,0.0,Track 7,Maintenance,479,0,1,0
2025-10-27,20,175700,19,45,11,Closed,Low,Clean,False,0.8,Track 10,Standby,75,0,0,0
2025-10-27,21,100076,65,103,153,Closed,Medium,Clean,False,1.4,Track 10,Standby,321,0,0,0
2025-10-27,22,156152,51,62,56,Closed,High,Clean,False,0.7,Track 3,Standby,169,0,0,0
2025-10-27,23,186917,8,107,231,Open,High,Clean,False,0.0,Track 7,Maintenance,346,0,1,0
2025-10-27,24,159152,2,166,115,Open,Medium,Clean,False,0.0,Track 10,Maintenance,283,1,1,0
2025-10-27,25,102757,35,179,300,Closed,Low,Clean,False,1.1,Track 10,Standby,514,0,0,0
2025-10-28,1,163354,52,174,349,Closed,Low,Clean,False,13.1,Track 9,Inducted,575,0,0,1
2025-10-28,2,133972,75,9,356,Closed,Low,Clean,False,10.9,Track 11,Inducted,440,0,0,1
2025-10-28,3,130766,17,106,55,Open,Low,Clean,False,0.0,Track 13,Maintenance,178,0,1,1
2025-10-28,4,141034,66,1,274,Open,High,Clean,False,0.0,Track 15,Maintenance,341,1,1,1
2025-10-28,5,190900,26,172,80,Open,Medium,Clean,False,0.0,Track 11,Maintenance,278,0,1,1
2025-10-28,6,227745,63,111,279,Closed,Medium,Clean,False,0.8,Track 4,Standby,453,0,0,1
2025-10-28,7,156134,25,20,265,Closed,High,Clean,False,0.7,Track 5,Standby,310,0,0,1
2025-10-28,8,225975,12,75,72,Closed,High,Clean,True,1.1,Track 12,Standby,159,0,0,1
2025-10-28,9,214967,83,125,293,Closed,Medium,Clean,False,8.5,Track 15,Inducted,501,0,0,1
2025-10-28,10,221025,5,160,12,Open,High,Clean,False,0.0,Track 12,Maintenance,177,1,1,1
2025-10-28,11,193346,27,102,311,Open,Low,Clean,False,0.0,Track 3,Maintenance,440,0,1,1
2025-10-28,12,118976,6,95,359,Closed,Medium,Scheduled,True,1.2,Track 14,Standby,460,1,0,1
2025-10-28,13,168864,67,63,327,Closed,Low,Clean,False,0.8,Track 3,Standby,457,0,0,1
2025-10-28,14,222005,72,141,16,Open,Low,Clean,False,0.0,Track 15,Maintenance,229,0,1,1
2025-10-28,15,86554,29,109,240,Closed,High,Clean,False,1.0,Track 6,Standby,378,0,0,1
2025-10-28,16,120096,7,9,155,Closed,Medium,Clean,False,10.2,Track 13,Inducted,171,1,0,1
2025-10-28,17,209235,28,9,88,Closed,Medium,Clean,False,8.4,Track 5,Inducted,125,0,0,1
2025-10-28,18,87553,85,161,362,Closed,Medium,Clean,False,13.7,Track 2,Inducted,608,0,0,1
2025-10-28,19,226982,36,141,299,Closed,High,Clean,False,1.0,Track 12,Standby,476,0,0,1
2025-10-28,20,175712,18,44,10,Closed,Low,Clean,False,1.3,Track 7,Standby,72,0,0,1
2025-10-28,21,100079,64,102,152,Closed,Medium,Clean,False,0.9,Track 9,Standby,318,0,0,1
2025-10-28,22,156152,50,61,55,Open,High,Clean,False,0.0,Track 2,Maintenance,166,0,1,1
2025-10-28,23,187373,7,106,230,Closed,High,Clean,False,12.9,Track 13,Inducted,343,1,0,1
2025-10-28,24,159161,1,165,114,Closed,Medium,Clean,False,1.1,Track 3,Standby,280,1,0,1
2025-10-28,25,103238,34,178,299,Closed,Low,Clean,False,8.4,Track 12,Inducted,511,0,0,1
2025-10-29,1,163730,51,173,348,Closed,Low,Clean,False,9.5,Track 5,Inducted,572,0,0,2
2025-10-29,2,134445,74,8,355,Closed,Low,Clean,False,11.3,Track 6,Inducted,437,0,0,2
2025-10-29,3,130781,16,105,54,Closed,Low,Clean,False,0.9,Track 6,Standby,175,0,0,2
2025-10-29,4,141519,65,180,273,Closed,High,Clean,False,9.0,Track 7,Inducted,518,0,0,2
2025-10-29,5,190900,25,171,79,Open,Medium,Clean,False,0.0,Track 6,Maintenance,275,0,1,2
2025-10-29,6,228336,62,110,278,Closed,Medium,Clean,False,11.5,Track 3,Inducted,450,0,0,2
2025-10-29,7,156161,24,19,264,Closed,High,Clean,False,0.7,Track 13,Standby,307,0,0,2
2025-10-29,8,226024,11,74,71,Closed,High,Scheduled,True,1.1,Track 12,Standby,156,0,0,2
2025-10-29,9,214989,82,124,292,Closed,Medium,Clean,False,0.9,Track 11,Standby,498,0,0,2
2025-10-29,10,221544,4,159,11,Closed,High,Clean,False,9.9,Track 15,Inducted,174,1,0,2
2025-10-29,11,193764,26,101,310,Closed,Low,Clean,False,9.4,Track 3,Inducted,437,0,0,2
2025-10-29,12,119536,5,94,358,Closed,Medium,Clean,False,12.2,Track 9,Inducted,457,1,0,2
2025-10-29,13,169267,66,62,326,Closed,Low,Clean,False,9.5,Track 1,Inducted,454,0,0,2
2025-10-29,14,222005,71,140,15,Open,Low,Clean,False,0.0,Track 6,Maintenance,226,0,1,2
2025-10-29,15,86554,28,108,239,Open,High,Scheduled,True,0.0,Track 8,Maintenance,375,0,1,2
2025-10-29,16,120096,6,8,154,Open,Medium,Clean,False,0.0,Track 11,Maintenance,168,1,1,2
2025-10-29,17,209235,27,8,87,Closed,Medium,Clean,False,1.4,Track 13,Standby,122,0,0,2
2025-10-29,18,88051,84,160,361,Closed,Medium,Clean,False,12.7,Track 4,Inducted,605,0,0,2
2025-10-29,19,226994,35,140,298,Closed,High,Clean,False,1.0,Track 10,Standby,473,0,0,2
2025-10-29,20,175712,17,43,9,Open,Low,Clean,False,0.0,Track 13,Maintenance,69,0,1,2
2025-10-29,21,100521,63,101,151,Closed,Medium,Clean,False,9.7,Track 12,Inducted,315,0,0,2
2025-10-29,22,156190,49,60,54,Closed,High,Clean,False,1.4,Track 8,Standby,163,0,0,2
2025-10-29,23,187406,6,105,229,Closed,High,Clean,False,0.7,Track 7,Standby,340,1,0,2
2025-10-29,24,159161,90,164,113,Open,Medium,Clean,False,0.0,Track 5,Maintenance,367,0,1,2
2025-10-29,25,103286,33,177,298,Closed,Low,Clean,False,0.7,Track 14,Standby,508,0,0,2
2025-10-30,1,163767,50,172,347,Closed,Low,Clean,False,1.0,Track 1,Standby,569,0,0,3
2025-10-30,2,134445,73,7,354,Open,Low,Clean,False,0.0,Track 4,Maintenance,434,1,1,3
2025-10-30,3,130781,15,104,53,Open,Low,Clean,False,0.0,Track 3,Maintenance,172,0,1,3
2025-10-30,4,141939,64,179,272,Closed,High,Clean,False,10.3,Track 3,Inducted,515,0,0,3
2025-10-30,5,191394,24,170,78,Closed,Medium,Clean,False,8.6,Track 9,Inducted,272,0,0,3
2025-10-30,6,228737,61,109,277,Closed,Medium,Clean,False,13.1,Track 8,Inducted,447,0,0,3
2025-10-30,7,156161,23,18,263,Open,High,Clean,False,0.0,Track 12,Maintenance,304,0,1,3
2025-10-30,8,226575,10,73,70,Closed,High,Clean,False,11.4,Track 4,Inducted,153,0,0,3
2025-10-30,9,215006,81,123,291,Closed,Medium,Clean,False,1.4,Track 12,Standby,495,0,0,3
2025-10-30,10,221547,3,158,10,Closed,High,Clean,False,1.0,Track 1,Standby,171,1,0,3
2025-10-30,11,193807,25,100,309,Closed,Low,Clean,False,1.5,Track 7,Standby,434,0,0,3
2025-10-30,12,119558,4,93,357,Closed,Medium,Clean,False,1.1,Track 13,Standby,454,1,0,3
2025-10-30,13,169313,65,61,325,Closed,Low,Clean,True,0.5,Track 15,Standby,451,0,0,3
2025-10-30,14,222016,70,139,14,Closed,Low,Clean,False,1.3,Track 2,Standby,223,0,0,3
2025-10-30,15,86554,27,107,238,Open,High,Scheduled,True,0.0,Track 4,Maintenance,372,0,1,3
2025-10-30,16,120096,5,7,153,Closed,Medium,Clean,False,0.8,Track 14,Standby,165,1,0,3
2025-10-30,17,209243,26,7,86,Closed,Medium,Clean,False,1.3,Track 12,Standby,119,1,0,3
2025-10-30,18,88051,83,159,360,Open,Medium,Clean,False,0.0,Track 8,Maintenance,602,0,1,3
2025-10-30,19,226998,34,139,297,Closed,High,Clean,False,0.5,Track 14,Standby,470,0,0,3
2025-10-30,20,175744,16,42,8,Closed,Low,Clean,False,0.6,Track 3,Standby,66,0,0,3
2025-10-30,21,100998,62,100,150,Closed,Medium,Clean,False,11.9,Track 12,Inducted,312,0,0,3
2025-10-30,22,156226,48,59,53,Closed,High,Clean,False,0.6,Track 14,Standby,160,0,0,3
2025-10-30,23,187406,5,104,228,Open,High,Clean,False,0.0,Track 9,Maintenance,337,1,1,3
2025-10-30,24,159161,89,163,112,Closed,Medium,Clean,False,1.3,Track 13,Standby,364,0,0,3
2025-10-30,25,103872,32,176,297,Closed,Low,Clean,False,11.1,Track 15,Inducted,505,0,0,3
2025-10-31,1,164146,49,171,346,Closed,Low,Clean,False,12.7,Track 12,Inducted,566,0,0,4
2025-10-31,2,134764,72,6,353,Closed,Low,Clean,False,11.1,Track 9,Inducted,431,1,0,4
2025-10-31,3,131273,14,103,52,Closed,Low,Clean,False,11.1,Track 9,Inducted,169,0,0,4
2025-10-31,4,141939,63,178,271,Open,High,Clean,False,0.0,Track 7,Maintenance,512,0,1,4
2025-10-31,5,191394,23,169,77,Open,Medium,Scheduled,True,0.0,Track 6,Maintenance,269,0,1,4
2025-10-31,6,229304,60,108,276,Closed,Medium,Clean,False,10.3,Track 1,Inducted,444,0,0,4
2025-10-31,7,156172,22,17,262,Closed,High,Clean,False,0.8,Track 3,Standby,301,0,0,4
2025-10-31,8,226580,9,72,69,Closed,High,Clean,False,0.6,Track 8,Standby,150,0,0,4
2025-10-31,9,215043,80,122,290,Closed,Medium,Clean,False,0.8,Track 5,Standby,492,0,0,4
2025-10-31,10,221596,2,157,9,Closed,High,Clean,False,1.1,Track 14,Standby,168,1,0,4
2025-10-31,11,193849,24,99,308,Closed,Low,Scheduled,True,0.8,Track 15,Standby,431,0,0,4
2025-10-31,12,119602,3,92,356,Closed,Medium,Clean,False,1.1,Track 3,Standby,451,1,0,4
2025-10-31,13,169318,64,60,324,Closed,Low,Scheduled,True,0.6,Track 5,Standby,448,0,0,4
2025-10-31,14,222016,69,138,13,Open,Low,Clean,False,0.0,Track 12,Maintenance,220,0,1,4
2025-10-31,15,86554,26,106,237,Open,High,Clean,True,0.0,Track 9,Maintenance,369,0,1,4
2025-10-31,16,120120,4,6,152,Closed,Medium,Clean,False,0.7,Track 3,Standby,162,1,0,4
2025-10-31,17,209270,25,6,85,Closed,Medium,Clean,False,0.8,Track 12,Standby,116,1,0,4
2025-10-31,18,88426,82,158,359,Closed,Medium,Clean,False,12.3,Track 6,Inducted,599,0,0,4
2025-10-31,19,227588,33,138,296,Closed,High,Clean,False,8.7,Track 4,Inducted,467,0,0,4
2025-10-31,20,175793,15,41,7,Closed,Low,Clean,False,0.9,Track 3,Standby,63,1,0,4
2025-10-31,21,101361,61,99,149,Closed,Medium,Clean,False,11.3,Track 4,Inducted,309,0,0,4
2025-10-31,22,156226,47,58,52,Open,High,Clean,False,0.0,Track 1,Maintenance,157,0,1,4
2025-10-31,23,187842,4,103,227,Closed,High,Clean,False,11.4,Track 13,Inducted,334,1,0,4
2025-10-31,24,159189,88,162,111,Closed,Medium,Clean,False,0.6,Track 15,Standby,361,0,0,4
2025-10-31,25,103879,31,175,296,Closed,Low,Clean,False,0.7,Track 4,Standby,502,0,0,4
2025-11-01,1,164188,48,170,345,Closed,Low,Clean,False,1.4,Track 7,Standby,563,0,0,5
2025-11-01,2,135144,71,5,352,Closed,Low,Clean,False,12.5,Track 2,Inducted,428,1,0,5
2025-11-01,3,131273,13,102,51,Open,Low,Clean,False,0.0,Track 9,Maintenance,166,0,1,5
2025-11-01,4,141946,62,177,270,Closed,High,Clean,False,1.2,Track 6,Standby,509,0,0,5
2025-11-01,5,191414,22,168,76,Closed,Medium,Scheduled,True,1.4,Track 7,Standby,266,0,0,5
2025-11-01,6,229310,59,107,275,Closed,Medium,Clean,False,1.1,Track 2,Standby,441,0,0,5
2025-11-01,7,156546,21,16,261,Closed,High,Clean,False,10.4,Track 2,Inducted,298,0,0,5
2025-11-01,8,226580,8,71,68,Open,High,Clean,False,0.0,Track 4,Maintenance,147,0,1,5
2025-11-01,9,215053,79,121,289,Closed,Medium,Clean,False,0.9,Track 6,Standby,489,0,0,5
2025-11-01,10,221599,1,156,8,Closed,High,Clean,False,0.7,Track 3,Standby,165,1,0,5
2025-11-01,11,194399,23,98,307,Closed,Low,Clean,False,12.5,Track 9,Inducted,428,0,0,5
2025-11-01,12,119933,2,91,355,Closed,Medium,Clean,False,9.4,Track 6,Inducted,448,1,0,5
2025-11-01,13,169348,63,59,323,Closed,Low,Clean,False,1.4,Track 5,Standby,445,0,0,5
2025-11-01,14,222016,68,137,12,Open,Low,Clean,False,0.0,Track 11,Maintenance,217,0,1,5
2025-11-01,15,86554,25,105,236,Open,High,Scheduled,True,0.0,Track 7,Maintenance,366,0,1,5
2025-11-01,16,120135,3,5,151,Closed,Medium,Clean,False,1.2,Track 1,Standby,159,1,0,5
2025-11-01,17,209579,24,5,84,Closed,Medium,Clean,False,10.5,Track 13,Inducted,113,1,0,5
2025-11-01,18,88446,81,157,358,Closed,Medium,Clean,False,0.6,Track 6,Standby,596,0,0,5
2025-11-01,19,228029,32,137,295,Closed,High,Clean,False,10.3,Track 10,Inducted,464,0,0,5
2025-11-01,20,175821,14,40,6,Closed,Low,Clean,False,1.2,Track 4,Standby,60,1,0,5
2025-11-01,21,101897,60,98,148,Closed,Medium,Clean,False,11.9,Track 5,Inducted,306,0,0,5
2025-11-01,22,156657,46,57,51,Closed,High,Clean,False,11.6,Track 9,Inducted,154,0,0,5
2025-11-01,23,187842,3,102,226,Open,High,Clean,False,0.0,Track 13,Maintenance,331,1,1,5
2025-11-01,24,159189,87,161,110,Open,Medium,Clean,False,0.0,Track 4,Maintenance,358,0,1,5
2025-11-01,25,104309,30,174,295,Closed,Low,Clean,False,10.9,Track 8,Inducted,499,0,0,5
2025-11-02,1,164549,47,169,344,Closed,Low,Clean,False,9.8,Track 9,Inducted,560,0,0,6
2025-11-02,2,135734,70,4,351,Closed,Low,Clean,False,10.9,Track 3,Inducted,425,1,0,6
2025-11-02,3,131285,12,101,50,Closed,Low,Clean,False,1.5,Track 3,Standby,163,0,0,6
2025-11-02,4,141975,61,176,269,Closed,High,Clean,False,0.6,Track 3,Standby,506,0,0,6
2025-11-02,5,191841,21,167,75,Closed,Medium,Clean,False,9.9,Track 14,Inducted,263,0,0,6
2025-11-02,6,229334,58,106,274,Closed,Medium,Scheduled,True,1.4,Track 12,Standby,438,0,0,6
2025-11-02,7,156546,20,15,260,Open,High,Clean,False,0.0,Track 3,Maintenance,295,0,1,6
2025-11-02,8,226596,7,70,67,Closed,High,Clean,False,0.6,Track 12,Standby,144,1,0,6
2025-11-02,9,215619,78,120,288,Closed,Medium,Clean,False,9.6,Track 4,Inducted,486,0,0,6
2025-11-02,10,222071,90,155,7,Closed,High,Clean,False,12.1,Track 11,Inducted,252,1,0,6
2025-11-02,11,194399,22,97,306,Open,Low,Clean,False,0.0,Track 8,Maintenance,425,0,1,6
2025-11-02,12,120272,1,90,354,Closed,Medium,Clean,False,12.7,Track 1,Inducted,445,1,0,6
2025-11-02,13,169802,62,58,322,Closed,Low,Clean,False,13.5,Track 13,Inducted,442,0,0,6
2025-11-02,14,222018,67,136,11,Closed,Low,Clean,False,1.0,Track 7,Standby,214,0,0,6
2025-11-02,15,86554,24,104,235,Open,High,Scheduled,True,0.0,Track 6,Maintenance,363,0,1,6
2025-11-02,16,120152,2,4,150,Closed,Medium,Clean,False,1.5,Track 5,Standby,156,1,0,6
2025-11-02,17,210117,23,4,83,Closed,Medium,Clean,False,14.0,Track 11,Inducted,110,1,0,6
2025-11-02,18,88987,80,156,357,Closed,Medium,Clean,False,12.5,Track 11,Inducted,593,0,0,6
2025-11-02,19,228078,31,136,294,Closed,High,Clean,False,1.2,Track 3,Standby,461,0,0,6
2025-11-02,20,176413,13,39,5,Closed,Low,Clean,False,10.0,Track 14,Inducted,57,1,0,6
2025-11-02,21,101897,59,97,147,Open,Medium,Clean,False,0.0,Track 13,Maintenance,303,0,1,6
2025-11-02,22,156657,45,56,50,Open,High,Clean,False,0.0,Track 1,Maintenance,151,0,1,6
2025-11-02,23,188251,2,101,225,Closed,High,Clean,False,10.6,Track 4,Inducted,328,1,0,6
2025-11-02,24,159679,86,160,109,Closed,Medium,Clean,False,9.0,Track 5,Inducted,355,0,0,6
2025-11-02,25,104309,29,173,294,Open,Low,Clean,False,0.0,Track 13,Maintenance,496,0,1,6
2025-11-03,1,164555,46,168,343,Closed,Low,Clean,False,0.7,Track 2,Standby,557,0,0,0
2025-11-03,2,135783,69,3,350,Closed,Low,Scheduled,True,0.6,Track 5,Standby,422,1,0,0
2025-11-03,3,131285,11,100,49,Open,Low,Clean,False,0.0,Track 2,Maintenance,160,0,1,0
2025-11-03,4,142021,60,175,268,Closed,High,Clean,False,1.4,Track 6,Standby,503,0,0,0
2025-11-03,5,191891,20,166,74,Closed,Medium,Clean,False,0.8,Track 1,Standby,260,0,0,0
2025-11-03,6,229664,57,105,273,Closed,Medium,Clean,False,10.5,Track 1,Inducted,435,0,0,0
2025-11-03,7,157033,19,14,259,Closed,High,Clean,False,8.4,Track 2,Inducted,292,0,0,0
2025-11-03,8,226972,6,69,66,Closed,High,Clean,False,10.4,Track 8,Inducted,141,1,0,0
2025-11-03,9,215623,77,119,287,Closed,Medium,Scheduled,True,0.8,Track 10,Standby,483,0,0,0
2025-11-03,10,222670,89,154,6,Closed,High,Clean,False,8.8,Track 6,Inducted,249,1,0,0
2025-11-03,11,194946,21,96,305,Closed,Low,Clean,False,10.3,Track 11,Inducted,422,0,0,0
2025-11-03,12,120677,90,89,353,Closed,Medium,Clean,False,10.3,Track 6,Inducted,532,0,0,0
2025-11-03,13,169815,61,57,321,Closed,Low,Clean,False,1.3,Track 5,Standby,439,0,0,0
2025-11-03,14,222047,66,135,10,Closed,Low,Clean,False,0.6,Track 7,Standby,211,0,0,0
2025-11-03,15,87023,23,103,234,Closed,High,Clean,True,13.5,Track 5,Inducted,360,0,0,0
2025-11-03,16,120698,1,3,149,Closed,Medium,Clean,False,9.6,Track 9,Inducted,153,1,0,0
2025-11-03,17,210167,22,3,82,Closed,Medium,Scheduled,True,1.4,Track 15,Standby,107,1,0,0
2025-11-03,18,89020,79,155,356,Closed,Medium,Clean,False,1.5,Track 3,Standby,590,0,0,0
2025-11-03,19,228460,30,135,293,Closed,High,Clean,False,11.2,Track 13,Inducted,458,0,0,0
2025-11-03,20,176415,12,38,4,Closed,Low,Scheduled,True,0.9,Track 7,Standby,54,1,0,0
2025-11-03,21,102269,58,96,146,Closed,Medium,Clean,False,8.3,Track 1,Inducted,300,0,0,0
2025-11-03,22,157114,44,55,49,Closed,High,Clean,False,13.3,Track 3,Inducted,148,0,0,0
2025-11-03,23,188744,1,100,224,Closed,High,Clean,False,10.7,Track 7,Inducted,325,1,0,0
2025-11-03,24,159721,85,159,108,Closed,Medium,Clean,False,1.2,Track 6,Standby,352,0,0,0
2025-11-03,25,104309,28,172,293,Open,Low,Clean,False,0.0,Track 11,Maintenance,493,0,1,0
2025-11-04,1,164604,45,167,342,Closed,Low,Clean,False,0.7,Track 15,Standby,554,0,0,1
2025-11-04,2,136248,68,2,349,Closed,Low,Clean,False,11.5,Track 8,Inducted,419,1,0,1
2025-11-04,3,131302,10,99,48,Closed,Low,Clean,False,0.7,Track 12,Standby,157,0,0,1
2025-11-04,4,142066,59,174,267,Closed,High,Clean,False,1.2,Track 15,Standby,500,0,0,1
2025-11-04,5,191919,19,165,73,Closed,Medium,Clean,False,0.6,Track 7,Standby,257,0,0,1
2025-11-04,6,229664,56,104,272,Open,Medium,Clean,False,0.0,Track 2,Maintenance,432,0,1,1
2025-11-04,7,157446,18,13,258,Closed,High,Clean,False,13.5,Track 4,Inducted,289,0,0,1
2025-11-04,8,226972,5,68,65,Open,High,Clean,False,0.0,Track 11,Maintenance,138,1,1,1
2025-11-04,9,215643,76,118,286,Closed,Medium,Clean,False,1.2,Track 4,Standby,480,0,0,1
2025-11-04,10,223091,88,153,5,Closed,High,Clean,False,13.3,Track 6,Inducted,246,1,0,1
2025-11-04,11,194985,20,95,304,Closed,Low,Clean,False,0.7,Track 7,Standby,419,0,0,1
2025-11-04,12,121161,89,88,352,Closed,Medium,Clean,False,13.3,Track 3,Inducted,529,0,0,1
2025-11-04,13,170184,60,56,320,Closed,Low,Clean,False,13.4,Track 12,Inducted,436,0,0,1
2025-11-04,14,222459,65,134,9,Closed,Low,Clean,False,10.7,Track 2,Inducted,208,0,0,1
2025-11-04,15,87023,22,102,233,Open,High,Scheduled,True,0.0,Track 9,Maintenance,357,0,1,1
2025-11-04,16,120705,90,2,148,Closed,Medium,Clean,False,0.6,Track 3,Standby,240,1,0,1
2025-11-04,17,210682,21,2,81,Closed,Medium,Clean,False,10.0,Track 10,Inducted,104,1,0,1
2025-11-04,18,89053,78,154,355,Closed,Medium,Clean,False,0.8,Track 3,Standby,587,0,0,1
2025-11-04,19,229040,29,134,292,Closed,High,Clean,False,12.1,Track 3,Inducted,455,0,0,1
2025-11-04,20,176821,11,37,3,Closed,Low,Clean,False,8.4,Track 1,Inducted,51,1,0,1
2025-11-04,21,102292,57,95,145,Closed,Medium,Clean,False,0.8,Track 10,Standby,297,0,0,1
2025-11-04,22,157114,43,54,48,Open,High,Clean,False,0.0,Track 10,Maintenance,145,0,1,1
2025-11-04,23,189150,90,99,223,Closed,High,Clean,False,11.1,Track 5,Inducted,412,0,0,1
2025-11-04,24,159760,84,158,107,Closed,Medium,Clean,False,0.5,Track 9,Standby,349,0,0,1
2025-11-04,25,104675,27,171,292,Closed,Low,Clean,False,10.9,Track 14,Inducted,490,0,0,1
2025-11-05,1,164604,44,166,341,Open,Low,Clean,False,0.0,Track 4,Maintenance,551,0,1,2
2025-11-05,2,136257,67,1,348,Closed,Low,Clean,False,1.0,Track 11,Standby,416,1,0,2
2025-11-05,3,131338,9,98,47,Closed,Low,Clean,False,0.8,Track 14,Standby,154,0,0,2
2025-11-05,4,142476,58,173,266,Closed,High,Clean,False,8.3,Track 1,Inducted,497,0,0,2
2025-11-05,5,191934,18,164,72,Closed,Medium,Clean,False,0.7,Track 11,Standby,254,0,0,2
2025-11-05,6,230055,55,103,271,Closed,Medium,Clean,False,13.0,Track 6,Inducted,429,0,0,2
2025-11-05,7,157834,17,12,257,Closed,High,Clean,False,8.9,Track 6,Inducted,286,0,0,2
2025-11-05,8,227452,4,67,64,Closed,High,Clean,False,9.0,Track 4,Inducted,135,1,0,2
2025-11-05,9,215946,75,117,285,Closed,Medium,Clean,False,8.6,Track 1,Inducted,477,0,0,2
2025-11-05,10,223093,87,152,4,Closed,High,Clean,False,1.3,Track 8,Standby,243,1,0,2
2025-11-05,11,194985,19,94,303,Open,Low,Clean,False,0.0,Track 3,Maintenance,416,0,1,2
2025-11-05,12,121503,88,87,351,Closed,Medium,Clean,False,8.6,Track 13,Inducted,526,0,0,2
2025-11-05,13,170526,59,55,319,Closed,Low,Clean,False,8.4,Track 11,Inducted,433,0,0,2
2025-11-05,14,222494,64,133,8,Closed,Low,Clean,False,1.3,Track 4,Standby,205,0,0,2
2025-11-05,15,87052,21,101,232,Closed,High,Clean,True,0.5,Track 1,Standby,354,0,0,2
2025-11-05,16,120755,89,1,147,Closed,Medium,Clean,False,0.6,Track 11,Standby,237,1,0,2
2025-11-05,17,211197,20,1,80,Closed,Medium,Clean,False,10.7,Track 8,Inducted,101,1,0,2
2025-11-05,18,89430,77,153,354,Closed,Medium,Clean,False,13.9,Track 4,Inducted,584,0,0,2
2025-11-05,19,229574,28,133,291,Closed,High,Clean,False,9.1,Track 10,Inducted,452,0,0,2
2025-11-05,20,176857,10,36,2,Closed,Low,Clean,False,0.9,Track 11,Standby,48,1,0,2
2025-11-05,21,102324,56,94,144,Closed,Medium,Clean,False,0.9,Track 9,Standby,294,0,0,2
2025-11-05,22,157114,42,53,47,Open,High,Clean,False,0.0,Track 6,Maintenance,142,0,1,2
2025-11-05,23,189493,89,98,222,Closed,High,Clean,False,10.8,Track 14,Inducted,409,0,0,2
2025-11-05,24,159803,83,157,106,Closed,Medium,Clean,False,1.3,Track 5,Standby,346,0,0,2
2025-11-05,25,104675,26,170,291,Open,Low,Clean,False,0.0,Track 3,Maintenance,487,0,1,2
2025-11-06,1,165069,43,165,340,Closed,Low,Clean,False,12.6,Track 13,Inducted,548,0,0,3
2025-11-06,2,136264,66,180,347,Closed,Low,Clean,False,1.2,Track 3,Standby,593,0,0,3
2025-11-06,3,131806,8,97,46,Closed,Low,Clean,False,12.2,Track 13,Inducted,151,0,0,3
2025-11-06,4,142476,57,172,265,Open,High,Clean,False,0.0,Track 13,Maintenance,494,0,1,3
2025-11-06,5,192499,17,163,71,Closed,Medium,Clean,False,8.8,Track 13,Inducted,251,0,0,3
2025-11-06,6,230563,54,102,270,Closed,Medium,Clean,False,11.7,Track 10,Inducted,426,0,0,3
2025-11-06,7,157834,16,11,256,Open,High,Clean,False,0.0,Track 11,Maintenance,283,0,1,3
2025-11-06,8,227827,3,66,63,Closed,High,Clean,False,9.2,Track 14,Inducted,132,1,0,3
2025-11-06,9,215954,74,116,284,Closed,Medium,Clean,False,1.5,Track 7,Standby,474,0,0,3
2025-11-06,10,223093,86,151,3,Open,High,Clean,False,0.0,Track 1,Maintenance,240,1,1,3
2025-11-06,11,195369,18,93,302,Closed,Low,Clean,False,13.5,Track 10,Inducted,413,0,0,3
2025-11-06,12,122071,87,86,350,Closed,Medium,Clean,False,13.6,Track 7,Inducted,523,0,0,3
2025-11-06,13,170526,58,54,318,Open,Low,Clean,False,0.0,Track 2,Maintenance,430,0,1,3
2025-11-06,14,222812,63,132,7,Closed,Low,Clean,False,11.9,Track 3,Inducted,202,1,0,3
2025-11-06,15,87052,20,100,231,Open,High,Scheduled,True,0.0,Track 2,Maintenance,351,0,1,3
2025-11-06,16,120776,88,180,146,Closed,Medium,Clean,False,1.4,Track 15,Standby,414,0,0,3
2025-11-06,17,211197,19,180,79,Open,Medium,Clean,False,0.0,Track 6,Maintenance,278,0,1,3
2025-11-06,18,89455,76,152,353,Closed,Medium,Clean,False,1.2,Track 11,Standby,581,0,0,3
2025-11-06,19,229593,27,132,290,Closed,High,Clean,False,0.8,Track 6,Standby,449,0,0,3
2025-11-06,20,176891,9,35,1,Closed,Low,Clean,False,1.2,Track 6,Standby,45,1,0,3
2025-11-06,21,102333,55,93,143,Closed,Medium,Clean,False,0.9,Track 7,Standby,291,0,0,3
2025-11-06,22,157132,41,52,46,Closed,High,Clean,False,1.1,Track 14,Standby,139,0,0,3
2025-11-06,23,189493,88,97,221,Open,High,Clean,False,0.0,Track 3,Maintenance,406,0,1,3
2025-11-06,24,159834,82,156,105,Closed,Medium,Clean,False,0.9,Track 9,Standby,343,0,0,3
2025-11-06,25,104675,25,169,290,Open,Low,Clean,False,0.0,Track 9,Maintenance,484,0,1,3
2025-11-07,1,165069,42,164,339,Open,Low,Clean,False,0.0,Track 3,Maintenance,545,0,1,4
2025-11-07,2,136264,65,179,346,Open,Low,Clean,False,0.0,Track 2,Maintenance,590,0,1,4
2025-11-07,3,131806,7,96,45,Open,Low,Clean,False,0.0,Track 15,Maintenance,148,1,1,4
2025-11-07,4,142476,56,171,264,Open,High,Clean,False,0.0,Track 9,Maintenance,491,0,1,4
2025-11-07,5,192912,16,162,70,Closed,Medium,Clean,False,9.4,Track 1,Inducted,248,0,0,4
2025-11-07,6,230582,53,101,269,Closed,Medium,Clean,False,1.1,Track 5,Standby,423,0,0,4
2025-11-07,7,157854,15,10,255,Closed,High,Clean,False,1.1,Track 14,Standby,280,0,0,4
2025-11-07,8,228133,2,65,62,Closed,High,Clean,False,8.2,Track 15,Inducted,129,1,0,4
2025-11-07,9,216529,73,115,283,Closed,Medium,Clean,False,11.6,Track 8,Inducted,471,0,0,4
2025-11-07,10,223093,85,150,2,Open,High,Clean,False,0.0,Track 11,Maintenance,237,1,1,4
2025-11-07,11,195398,17,92,301,Closed,Low,Clean,False,1.0,Track 15,Standby,410,0,0,4
2025-11-07,12,122516,86,85,349,Closed,Medium,Clean,False,11.9,Track 9,Inducted,520,0,0,4
2025-11-07,13,170884,57,53,317,Closed,Low,Clean,False,11.3,Track 12,Inducted,427,0,0,4
2025-11-07,14,222850,62,131,6,Closed,Low,Clean,False,0.7,Track 11,Standby,199,1,0,4
2025-11-07,15,87057,19,99,230,Closed,High,Clean,True,1.2,Track 14,Standby,348,0,0,4
2025-11-07,16,120776,87,179,145,Open,Medium,Clean,False,0.0,Track 7,Maintenance,411,0,1,4
2025-11-07,17,211197,18,179,78,Open,Medium,Clean,False,0.0,Track 1,Maintenance,275,0,1,4
2025-11-07,18,89470,75,151,352,Closed,Medium,Clean,False,0.8,Track 8,Standby,578,0,0,4
2025-11-07,19,229613,26,131,289,Closed,High,Clean,False,0.7,Track 15,Standby,446,0,0,4
2025-11-07,20,176891,8,34,365,Open,Low,Clean,False,0.0,Track 3,Maintenance,407,0,1,4
2025-11-07,21,102633,54,92,142,Closed,Medium,Clean,False,9.1,Track 9,Inducted,288,0,0,4
2025-11-07,22,157173,40,51,45,Closed,High,Clean,False,1.4,Track 7,Standby,136,0,0,4
2025-11-07,23,189527,87,96,220,Closed,High,Clean,False,1.3,Track 8,Standby,403,0,0,4
2025-11-07,24,159834,81,155,104,Open,Medium,Clean,False,0.0,Track 7,Maintenance,340,0,1,4
2025-11-07,25,104700,24,168,289,Closed,Low,Clean,False,0.7,Track 14,Standby,481,0,0,4
2025-11-08,1,165579,41,163,338,Closed,Low,Clean,False,11.9,Track 3,Inducted,542,0,0,5
2025-11-08,2,136856,64,178,345,Closed,Low,Clean,False,11.7,Track 1,Inducted,587,0,0,5
2025-11-08,3,131845,6,95,44,Closed,Low,Clean,False,0.6,Track 15,Standby,145,1,0,5
2025-11-08,4,142807,55,170,263,Closed,High,Clean,False,10.0,Track 13,Inducted,488,0,0,5
2025-11-08,5,192932,15,161,69,Closed,Medium,Clean,False,1.4,Track 2,Standby,245,0,0,5
2025-11-08,6,230948,52,100,268,Closed,Medium,Clean,False,10.0,Track 1,Inducted,420,0,0,5
2025-11-08,7,157857,14,9,254,Closed,High,Clean,False,1.2,Track 11,Standby,277,0,0,5
2025-11-08,8,228140,1,64,61,Closed,High,Clean,False,0.8,Track 2,Standby,126,1,0,5
2025-11-08,9,216578,72,114,282,Closed,Medium,Clean,False,1.1,Track 12,Standby,468,0,0,5
2025-11-08,10,223093,84,149,1,Open,High,Clean,False,0.0,Track 14,Maintenance,234,1,1,5
2025-11-08,11,195431,16,91,300,Closed,Low,Clean,False,0.9,Track 14,Standby,407,0,0,5
2025-11-08,12,122516,85,84,348,Open,Medium,Clean,False,0.0,Track 2,Maintenance,517,0,1,5
2025-11-08,13,171358,56,52,316,Closed,Low,Clean,False,11.4,Track 14,Inducted,424,0,0,5
2025-11-08,14,222850,61,130,5,Open,Low,Clean,False,0.0,Track 3,Maintenance,196,1,1,5
2025-11-08,15,87093,18,98,229,Closed,High,Clean,True,1.2,Track 12,Standby,345,0,0,5
2025-11-08,16,121158,86,178,144,Closed,Medium,Clean,False,9.7,Track 15,Inducted,408,0,0,5
2025-11-08,17,211204,17,178,77,Closed,Medium,Clean,False,0.8,Track 3,Standby,272,0,0,5
2025-11-08,18,89482,74,150,351,Closed,Medium,Clean,False,1.0,Track 13,Standby,575,0,0,5
2025-11-08,19,229617,25,130,288,Closed,High,Clean,False,1.2,Track 13,Standby,443,0,0,5
2025-11-08,20,176899,7,33,364,Closed,Low,Clean,False,0.7,Track 3,Standby,404,1,0,5
2025-11-08,21,102677,53,91,141,Closed,Medium,Clean,False,1.2,Track 14,Standby,285,0,0,5
2025-11-08,22,157215,39,50,44,Closed,High,Clean,False,1.3,Track 5,Standby,133,0,0,5
2025-11-08,23,189544,86,95,219,Closed,High,Clean,False,0.6,Track 12,Standby,400,0,0,5
2025-11-08,24,159834,80,154,103,Open,Medium,Clean,False,0.0,Track 2,Maintenance,337,0,1,5
2025-11-08,25,104705,23,167,288,Closed,Low,Clean,False,0.6,Track 8,Standby,478,0,0,5
2025-11-09,1,165629,40,162,337,Closed,Low,Clean,False,1.2,Track 9,Standby,539,0,0,6
2025-11-09,2,136893,63,177,344,Closed,Low,Clean,False,1.4,Track 1,Standby,584,0,0,6
2025-11-09,3,131845,5,94,43,Closed,Low,Clean,False,0.8,Track 3,Standby,142,1,0,6
2025-11-09,4,142853,54,169,262,Closed,High,Scheduled,True,0.8,Track 14,Standby,485,0,0,6
2025-11-09,5,192944,14,160,68,Closed,Medium,Clean,False,0.6,Track 8,Standby,242,0,0,6
2025-11-09,6,231459,51,99,267,Closed,Medium,Clean,False,11.8,Track 12,Inducted,417,0,0,6
2025-11-09,7,157857,13,8,253,Open,High,Clean,False,0.0,Track 10,Maintenance,274,0,1,6
2025-11-09,8,228140,90,63,60,Open,High,Clean,False,0.0,Track 8,Maintenance,213,0,1,6
2025-11-09,9,216578,71,113,281,Open,Medium,Clean,False,0.0,Track 14,Maintenance,465,0,1,6
2025-11-09,10,223125,83,148,365,Closed,High,Clean,False,0.8,Track 2,Standby,596,0,0,6
2025-11-09,11,195790,15,90,299,Closed,Low,Clean,False,8.9,Track 7,Inducted,404,0,0,6
2025-11-09,12,122996,84,83,347,Closed,Medium,Clean,False,8.5,Track 8,Inducted,514,0,0,6
2025-11-09,13,171806,55,51,315,Closed,Low,Clean,False,13.4,Track 7,Inducted,421,0,0,6
2025-11-09,14,223268,60,129,4,Closed,Low,Clean,False,10.3,Track 13,Inducted,193,1,0,6
2025-11-09,15,87100,17,97,228,Closed,High,Scheduled,True,1.0,Track 12,Standby,342,0,0,6
2025-11-09,16,121608,85,177,143,Closed,Medium,Clean,False,12.7,Track 12,Inducted,405,0,0,6
2025-11-09,17,211794,16,177,76,Closed,Medium,Clean,False,8.9,Track 7,Inducted,269,0,0,6
2025-11-09,18,89482,73,149,350,Open,Medium,Clean,False,0.0,Track 2,Maintenance,572,0,1,6
2025-11-09,19,229625,24,129,287,Closed,High,Clean,False,0.9,Track 14,Standby,440,0,0,6
2025-11-09,20,177408,6,32,363,Closed,Low,Clean,False,8.1,Track 1,Inducted,401,1,0,6
2025-11-09,21,102981,52,90,140,Closed,Medium,Clean,False,8.4,Track 5,Inducted,282,0,0,6
2025-11-09,22,157260,38,49,43,Closed,High,Clean,False,1.2,Track 13,Standby,130,0,0,6
2025-11-09,23,189544,85,94,218,Open,High,Clean,False,0.0,Track 7,Maintenance,397,0,1,6
2025-11-09,24,159877,79,153,102,Closed,Medium,Clean,False,1.4,Track 8,Standby,334,0,0,6
2025-11-09,25,105121,22,166,287,Closed,Low,Clean,False,13.6,Track 3,Inducted,475,0,0,6
2025-11-10,1,165632,39,161,336,Closed,Low,Clean,False,0.5,Track 3,Standby,536,0,0,0
2025-11-10,2,137467,62,176,343,Closed,Low,Clean,False,11.5,Track 12,Inducted,581,0,0,0
2025-11-10,3,131891,4,93,42,Closed,Low,Clean,False,1.2,Track 14,Standby,139,1,0,0
2025-11-10,4,142853,53,168,261,Open,High,Clean,False,0.0,Track 15,Maintenance,482,0,1,0
2025-11-10,5,192974,13,159,67,Closed,Medium,Clean,False,0.9,Track 10,Standby,239,0,0,0
2025-11-10,6,231791,50,98,266,Closed,Medium,Clean,False,13.7,Track 12,Inducted,414,0,0,0
2025-11-10,7,157897,12,7,252,Closed,High,Clean,False,0.6,Track 2,Standby,271,1,0,0
2025-11-10,8,228588,89,62,59,Closed,High,Clean,False,13.3,Track 8,Inducted,210,0,0,0
2025-11-10,9,216607,70,112,280,Closed,Medium,Clean,False,1.4,Track 9,Standby,462,0,0,0
2025-11-10,10,223480,82,147,364,Closed,High,Clean,False,13.0,Track 13,Inducted,593,0,0,0
2025-11-10,11,195790,14,89,298,Open,Low,Clean,False,0.0,Track 15,Maintenance,401,0,1,0
2025-11-10,12,123537,83,82,346,Closed,Medium,Clean,False,8.6,Track 7,Inducted,511,0,0,0
2025-11-10,13,171806,54,50,314,Open,Low,Clean,False,0.0,Track 6,Maintenance,418,0,1,0
2025-11-10,14,223306,59,128,3,Closed,Low,Clean,False,1.5,Track 8,Standby,190,1,0,0
2025-11-10,15,87133,16,96,227,Closed,High,Clean,False,1.1,Track 7,Standby,339,0,0,0
2025-11-10,16,121941,84,176,142,Closed,Medium,Clean,False,8.3,Track 14,Inducted,402,0,0,0
2025-11-10,17,211794,15,176,75,Open,Medium,Clean,False,0.0,Track 9,Maintenance,266,0,1,0
2025-11-10,18,89482,72,148,349,Open,Medium,Scheduled,True,0.0,Track 12,Maintenance,569,0,1,0
2025-11-10,19,230007,23,128,286,Closed,High,Clean,False,11.2,Track 15,Inducted,437,0,0,0
2025-11-10,20,177430,5,31,362,Closed,Low,Clean,False,1.1,Track 8,Standby,398,1,0,0
2025-11-10,21,103298,51,89,139,Closed,Medium,Clean,False,12.4,Track 4,Inducted,279,0,0,0
2025-11-10,22,157260,37,48,42,Open,High,Clean,False,0.0,Track 11,Maintenance,127,0,1,0
2025-11-10,23,189556,84,93,217,Closed,High,Clean,False,1.1,Track 4,Standby,394,0,0,0
2025-11-10,24,160238,78,152,101,Closed,Medium,Clean,False,13.4,Track 2,Inducted,331,0,0,0
2025-11-10,25,105550,21,165,286,Closed,Low,Clean,False,13.8,Track 5,Inducted,472,0,0,0
2025-11-11,1,166222,38,160,335,Closed,Low,Clean,False,13.0,Track 6,Inducted,533,0,0,1
2025-11-11,2,137490,61,175,342,Closed,Low,Clean,False,1.3,Track 5,Standby,578,0,0,1
2025-11-11,3,131891,3,92,41,Open,Low,Clean,False,0.0,Track 3,Maintenance,136,1,1,1
2025-11-11,4,143188,52,167,260,Closed,High,Clean,False,10.3,Track 4,Inducted,479,0,0,1
2025-11-11,5,192988,12,158,66,Closed,Medium,Clean,False,1.4,Track 14,Standby,236,0,0,1
2025-11-11,6,231791,49,97,265,Open,Medium,Clean,False,0.0,Track 7,Maintenance,411,0,1,1
2025-11-11,7,158492,11,6,251,Closed,High,Clean,False,12.8,Track 12,Inducted,268,1,0,1
2025-11-11,8,228588,88,61,58,Open,High,Clean,False,0.0,Track 10,Maintenance,207,0,1,1
2025-11-11,9,216996,69,111,279,Closed,Medium,Clean,False,12.1,Track 3,Inducted,459,0,0,1
2025-11-11,10,223494,81,146,363,Closed,High,Clean,False,1.5,Track 5,Standby,590,0,0,1
2025-11-11,11,195790,13,88,297,Open,Low,Clean,False,0.0,Track 12,Maintenance,398,0,1,1
2025-11-11,12,123918,82,81,345,Closed,Medium,Clean,False,9.4,Track 8,Inducted,508,0,0,1
2025-11-11,13,172372,53,49,313,Closed,Low,Clean,False,8.2,Track 13,Inducted,415,0,0,1
2025-11-11,14,223350,58,127,2,Closed,Low,Clean,False,1.2,Track 3,Standby,187,1,0,1
2025-11-11,15,87480,15,95,226,Closed,High,Clean,False,12.3,Track 14,Inducted,336,0,0,1
2025-11-11,16,121941,83,175,141,Open,Medium,Clean,False,0.0,Track 1,Maintenance,399,0,1,1
2025-11-11,17,212342,14,175,74,Closed,Medium,Clean,False,8.6,Track 3,Inducted,263,0,0,1
2025-11-11,18,89482,71,147,348,Open,Medium,Scheduled,True,0.0,Track 4,Maintenance,566,0,1,1
2025-11-11,19,230412,22,127,285,Closed,High,Clean,False,10.5,Track 14,Inducted,434,0,0,1
2025-11-11,20,177780,4,30,361,Closed,Low,Clean,False,9.5,Track 4,Inducted,395,1,0,1
2025-11-11,21,103305,50,88,138,Closed,Medium,Clean,False,0.7,Track 2,Standby,276,0,0,1
2025-11-11,22,157260,36,47,41,Open,High,Clean,False,0.0,Track 8,Maintenance,124,0,1,1
2025-11-11,23,189924,83,92,216,Closed,High,Clean,False,9.5,Track 12,Inducted,391,0,0,1
2025-11-11,24,160280,77,151,100,Closed,Medium,Clean,False,0.9,Track 1,Standby,328,0,0,1
2025-11-11,25,105550,20,164,285,Open,Low,Clean,False,0.0,Track 2,Maintenance,469,0,1,1
2025-11-12,1,166222,37,159,334,Open,Low,Clean,False,0.0,Track 14,Maintenance,530,0,1,2
2025-11-12,2,137518,60,174,341,Closed,Low,Clean,False,0.5,Track 5,Standby,575,0,0,2
2025-11-12,3,132287,2,91,40,Closed,Low,Clean,False,8.2,Track 12,Inducted,133,1,0,2
2025-11-12,4,143497,51,166,259,Closed,High,Clean,False,9.7,Track 10,Inducted,476,0,0,2
2025-11-12,5,193310,11,157,65,Closed,Medium,Clean,False,12.9,Track 7,Inducted,233,0,0,2
2025-11-12,6,231808,48,96,264,Closed,Medium,Clean,False,1.4,Track 4,Standby,408,0,0,2
2025-11-12,7,159034,10,5,250,Closed,High,Clean,False,12.6,Track 6,Inducted,265,1,0,2
2025-11-12,8,229107,87,60,57,Closed,High,Clean,False,12.9,Track 3,Inducted,204,0,0,2
2025-11-12,9,217014,68,110,278,Closed,Medium,Clean,False,1.4,Track 8,Standby,456,0,0,2
2025-11-12,10,223494,80,145,362,Open,High,Clean,False,0.0,Track 7,Maintenance,587,0,1,2
2025-11-12,11,195816,12,87,296,Closed,Low,Clean,False,0.9,Track 14,Standby,395,0,0,2
2025-11-12,12,123918,81,80,344,Open,Medium,Clean,False,0.0,Track 15,Maintenance,505,0,1,2
2025-11-12,13,172401,52,48,312,Closed,Low,Clean,False,0.6,Track 2,Standby,412,0,0,2
2025-11-12,14,223390,57,126,1,Closed,Low,Clean,False,1.4,Track 1,Standby,184,1,0,2
2025-11-12,15,87510,14,94,225,Closed,High,Clean,False,0.8,Track 7,Standby,333,0,0,2
2025-11-12,16,121941,82,174,140,Open,Medium,Clean,False,0.0,Track 11,Maintenance,396,0,1,2
2025-11-12,17,212342,13,174,73,Open,Medium,Clean,False,0.0,Track 1,Maintenance,260,0,1,2
2025-11-12,18,89482,70,146,347,Open,Medium,Clean,True,0.0,Track 13,Maintenance,563,0,1,2
2025-11-12,19,230412,21,126,284,Closed,High,Scheduled,True,1.1,Track 15,Standby,431,0,0,2
2025-11-12,20,177829,3,29,360,Closed,Low,Clean,False,0.6,Track 2,Standby,392,1,0,2
2025-11-12,21,103305,49,87,137,Open,Medium,Clean,False,0.0,Track 11,Maintenance,273,0,1,2
2025-11-12,22,157260,35,46,40,Open,High,Clean,False,0.0,Track 9,Maintenance,121,0,1,2
2025-11-12,23,190317,82,91,215,Closed,High,Clean,False,10.9,Track 2,Inducted,388,0,0,2
2025-11-12,24,160280,76,150,99,Open,Medium,Clean,False,0.0,Track 13,Maintenance,325,0,1,2
2025-11-12,25,105550,19,163,284,Open,Low,Clean,False,0.0,Track 11,Maintenance,466,0,1,2
2025-11-13,1,166265,36,158,333,Closed,Low,Clean,True,1.3,Track 3,Standby,527,0,0,3
2025-11-13,2,137518,59,173,340,Open,Low,Clean,False,0.0,Track 3,Maintenance,572,0,1,3
2025-11-13,3,132336,1,90,39,Closed,Low,Clean,False,0.7,Track 13,Standby,130,1,0,3
2025-11-13,4,143523,50,165,258,Closed,High,Clean,False,1.3,Track 3,Standby,473,0,0,3
2025-11-13,5,193321,10,156,64,Closed,Medium,Clean,False,1.4,Track 9,Standby,230,0,0,3
2025-11-13,6,232313,47,95,263,Closed,Medium,Clean,False,10.2,Track 7,Inducted,405,0,0,3
2025-11-13,7,159084,9,4,249,Closed,High,Clean,False,1.0,Track 5,Standby,262,1,0,3
2025-11-13,8,229155,86,59,56,Closed,High,Clean,False,0.8,Track 7,Standby,201,0,0,3
2025-11-13,9,217055,67,109,277,Closed,Medium,Clean,False,1.4,Track 15,Standby,453,0,0,3
2025-11-13,10,223494,79,144,361,Closed,High,Clean,False,1.1,Track 9,Standby,584,0,0,3
2025-11-13,11,195816,11,86,295,Open,Low,Clean,False,0.0,Track 1,Maintenance,392,0,1,3
2025-11-13,12,123918,80,79,343,Open,Medium,Clean,False,0.0,Track 3,Maintenance,502,0,1,3
2025-11-13,13,172415,51,47,311,Closed,Low,Clean,False,0.7,Track 13,Standby,409,0,0,3
2025-11-13,14,223972,56,125,365,Closed,Low,Clean,False,11.0,Track 6,Inducted,546,0,0,3
2025-11-13,15,87515,13,93,224,Closed,High,Clean,False,0.6,Track 1,Standby,330,0,0,3
2025-11-13,16,122344,81,173,139,Closed,Medium,Clean,False,8.2,Track 11,Inducted,393,0,0,3
2025-11-13,17,212369,12,173,72,Closed,Medium,Clean,False,1.0,Track 2,Standby,257,0,0,3
2025-11-13,18,89532,69,145,346,Closed,Medium,Scheduled,True,1.5,Track 12,Standby,560,0,0,3
2025-11-13,19,230412,20,125,283,Open,High,Clean,False,0.0,Track 11,Maintenance,428,0,1,3
2025-11-13,20,177862,2,28,359,Closed,Low,Clean,False,1.3,Track 10,Standby,389,1,0,3
2025-11-13,21,103708,48,86,136,Closed,Medium,Clean,False,10.5,Track 5,Inducted,270,0,0,3
2025-11-13,22,157260,34,45,39,Open,High,Clean,False,0.0,Track 14,Maintenance,118,0,1,3
2025-11-13,23,190628,81,90,214,Closed,High,Clean,False,12.3,Track 8,Inducted,385,0,0,3
2025-11-13,24,160280,75,149,98,Open,Medium,Clean,False,0.0,Track 4,Maintenance,322,0,1,3
2025-11-13,25,105550,18,162,283,Open,Low,Clean,False,0.0,Track 12,Maintenance,463,0,1,3
2025-11-14,1,166308,35,157,332,Closed,Low,Scheduled,True,0.9,Track 5,Standby,524,0,0,4
2025-11-14,2,137988,58,172,339,Closed,Low,Clean,False,13.9,Track 11,Inducted,569,0,0,4
2025-11-14,3,132900,90,89,38,Closed,Low,Clean,False,13.3,Track 2,Inducted,217,0,0,4
2025-11-14,4,143929,49,164,257,Closed,High,Clean,False,11.1,Track 13,Inducted,470,0,0,4
2025-11-14,5,193353,9,155,63,Closed,Medium,Clean,False,1.0,Track 6,Standby,227,0,0,4
2025-11-14,6,232852,46,94,262,Closed,Medium,Clean,False,12.8,Track 13,Inducted,402,0,0,4
2025-11-14,7,159084,8,3,248,Open,High,Clean,False,0.0,Track 15,Maintenance,259,1,1,4
2025-11-14,8,229155,85,58,55,Open,High,Clean,False,0.0,Track 14,Maintenance,198,0,1,4
2025-11-14,9,217425,66,108,276,Closed,Medium,Clean,False,10.1,Track 10,Inducted,450,0,0,4
2025-11-14,10,223494,78,143,360,Open,High,Clean,False,0.0,Track 1,Maintenance,581,0,1,4
2025-11-14,11,195816,10,85,294,Open,Low,Clean,False,0.0,Track 2,Maintenance,389,0,1,4
2025-11-14,12,123918,79,78,342,Open,Medium,Clean,False,0.0,Track 13,Maintenance,499,0,1,4
2025-11-14,13,172458,50,46,310,Closed,Low,Clean,False,0.6,Track 2,Standby,406,0,0,4
2025-11-14,14,224296,55,124,364,Closed,Low,Clean,False,8.7,Track 7,Inducted,543,0,0,4
2025-11-14,15,87515,12,92,223,Open,High,Clean,False,0.0,Track 1,Maintenance,327,0,1,4
2025-11-14,16,122344,80,172,138,Open,Medium,Clean,False,0.0,Track 12,Maintenance,390,0,1,4
2025-11-14,17,212902,11,172,71,Closed,Medium,Clean,False,12.0,Track 5,Inducted,254,0,0,4
2025-11-14,18,89532,68,144,345,Open,Medium,Clean,False,0.0,Track 7,Maintenance,557,0,1,4
2025-11-14,19,230974,19,124,282,Closed,High,Clean,False,11.1,Track 3,Inducted,425,0,0,4
2025-11-14,20,178308,1,27,358,Closed,Low,Clean,False,13.5,Track 2,Inducted,386,1,0,4
2025-11-14,21,103756,47,85,135,Closed,Medium,Scheduled,True,0.5,Track 5,Standby,267,0,0,4
2025-11-14,22,157287,33,44,38,Closed,High,Clean,False,0.7,Track 6,Standby,115,0,0,4
2025-11-14,23,190632,80,89,213,Closed,High,Clean,False,1.2,Track 11,Standby,382,0,0,4
2025-11-14,24,160325,74,148,97,Closed,Medium,Clean,False,1.1,Track 1,Standby,319,0,0,4
2025-11-14,25,105560,17,161,282,Closed,Low,Clean,False,1.5,Track 15,Standby,460,0,0,4
2025-11-15,1,166351,34,156,331,Closed,Low,Clean,False,1.1,Track 4,Standby,521,0,0,5
2025-11-15,2,138493,57,171,338,Closed,Low,Clean,False,12.4,Track 7,Inducted,566,0,0,5
2025-11-15,3,133258,89,88,37,Closed,Low,Clean,False,13.3,Track 4,Inducted,214,0,0,5
2025-11-15,4,144407,48,163,256,Closed,High,Clean,False,10.6,Track 10,Inducted,467,0,0,5
2025-11-15,5,193353,8,154,62,Open,Medium,Clean,False,0.0,Track 9,Maintenance,224,0,1,5
2025-11-15,6,232902,45,93,261,Closed,Medium,Clean,False,0.6,Track 13,Standby,399,0,0,5
2025-11-15,7,159409,7,2,247,Closed,High,Clean,False,10.3,Track 15,Inducted,256,1,0,5
2025-11-15,8,229688,84,57,54,Closed,High,Clean,False,10.7,Track 8,Inducted,195,0,0,5
2025-11-15,9,217882,65,107,275,Closed,Medium,Clean,False,11.5,Track 15,Inducted,447,0,0,5
2025-11-15,10,223494,77,142,359,Open,High,Clean,False,0.0,Track 2,Maintenance,578,0,1,5
2025-11-15,11,196396,9,84,293,Closed,Low,Clean,False,13.7,Track 15,Inducted,386,0,0,5
2025-11-15,12,123925,78,77,341,Closed,Medium,Clean,False,0.5,Track 7,Standby,496,0,0,5
2025-11-15,13,172458,49,45,309,Open,Low,Clean,False,0.0,Track 5,Maintenance,403,0,1,5
2025-11-15,14,224320,54,123,363,Closed,Low,Clean,False,1.4,Track 10,Standby,540,0,0,5
2025-11-15,15,87529,11,91,222,Closed,High,Clean,False,1.4,Track 15,Standby,324,0,0,5
2025-11-15,16,122344,79,171,137,Open,Medium,Clean,False,0.0,Track 12,Maintenance,387,0,1,5
2025-11-15,17,212908,10,171,70,Closed,Medium,Clean,False,0.6,Track 8,Standby,251,0,0,5
2025-11-15,18,89532,67,143,344,Open,Medium,Clean,False,0.0,Track 14,Maintenance,554,0,1,5
2025-11-15,19,230994,18,123,281,Closed,High,Clean,False,0.8,Track 8,Standby,422,0,0,5
2025-11-15,20,178732,90,26,357,Closed,Low,Clean,False,13.6,Track 6,Inducted,473,0,0,5
2025-11-15,21,104141,46,84,134,Closed,Medium,Clean,False,11.0,Track 9,Inducted,264,0,0,5
2025-11-15,22,157633,32,43,37,Closed,High,Clean,False,12.7,Track 11,Inducted,112,0,0,5
2025-11-15,23,191169,79,88,212,Closed,High,Clean,False,8.6,Track 9,Inducted,379,0,0,5
2025-11-15,24,160325,73,147,96,Open,Medium,Clean,False,0.0,Track 9,Maintenance,316,0,1,5
2025-11-15,25,105561,16,160,281,Closed,Low,Clean,False,1.3,Track 13,Standby,457,0,0,5
2025-11-16,1,166388,33,155,330,Closed,Low,Clean,False,0.6,Track 15,Standby,518,0,0,6
2025-11-16,2,138984,56,170,337,Closed,Low,Clean,False,13.7,Track 1,Inducted,563,0,0,6
2025-11-16,3,133299,88,87,36,Closed,Low,Scheduled,True,1.0,Track 15,Standby,211,0,0,6
2025-11-16,4,144424,47,162,255,Closed,High,Clean,False,1.5,Track 15,Standby,464,0,0,6
2025-11-16,5,193353,7,153,61,Open,Medium,Clean,False,0.0,Track 11,Maintenance,221,1,1,6
2025-11-16,6,232946,44,92,260,Closed,Medium,Clean,False,0.7,Track 12,Standby,396,0,0,6
2025-11-16,7,159417,6,1,246,Closed,High,Clean,False,1.4,Track 12,Standby,253,1,0,6
2025-11-16,8,229688,83,56,53,Open,High,Clean,False,0.0,Track 4,Maintenance,192,0,1,6
2025-11-16,9,218423,64,106,274,Closed,Medium,Clean,False,13.0,Track 13,Inducted,444,0,0,6
2025-11-16,10,223494,76,141,358,Open,High,Clean,False,0.0,Track 15,Maintenance,575,0,1,6
2025-11-16,11,196396,8,83,292,Open,Low,Clean,False,0.0,Track 9,Maintenance,383,0,1,6
2025-11-16,12,123963,77,76,340,Closed,Medium,Clean,False,0.8,Track 12,Standby,493,0,0,6
2025-11-16,13,172882,48,44,308,Closed,Low,Clean,False,9.8,Track 3,Inducted,400,0,0,6
2025-11-16,14,224320,53,122,362,Open,Low,Clean,False,0.0,Track 2,Maintenance,537,0,1,6
2025-11-16,15,87916,10,90,221,Closed,High,Clean,False,8.4,Track 14,Inducted,321,0,0,6
2025-11-16,16,122391,78,170,136,Closed,Medium,Clean,False,1.4,Track 6,Standby,384,0,0,6
2025-11-16,17,212908,9,170,69,Open,Medium,Clean,False,0.0,Track 12,Maintenance,248,0,1,6
2025-11-16,18,89532,66,142,343,Open,Medium,Clean,False,0.0,Track 11,Maintenance,551,0,1,6
2025-11-16,19,231387,17,122,280,Closed,High,Clean,False,11.8,Track 9,Inducted,419,0,0,6
2025-11-16,20,178732,89,25,356,Open,Low,Clean,False,0.0,Track 5,Maintenance,470,0,1,6
2025-11-16,21,104141,45,83,133,Open,Medium,Clean,False,0.0,Track 9,Maintenance,261,0,1,6
2025-11-16,22,157640,31,42,36,Closed,High,Clean,False,0.9,Track 7,Standby,109,0,0,6
2025-11-16,23,191169,78,87,211,Open,High,Clean,False,0.0,Track 10,Maintenance,376,0,1,6
2025-11-16,24,160325,72,146,95,Open,Medium,Clean,False,0.0,Track 3,Maintenance,313,0,1,6
2025-11-16,25,105994,15,159,280,Closed,Low,Clean,True,12.4,Track 9,Inducted,454,0,0,6
2025-11-17,1,166855,32,154,329,Closed,Low,Clean,False,11.5,Track 12,Inducted,515,0,0,0
2025-11-17,2,139301,55,169,336,Closed,Low,Clean,False,10.1,Track 9,Inducted,560,0,0,0
2025-11-17,3,133897,87,86,35,Closed,Low,Clean,False,10.3,Track 8,Inducted,208,0,0,0
2025-11-17,4,144456,46,161,254,Closed,High,Clean,False,1.0,Track 14,Standby,461,0,0,0
2025-11-17,5,193920,6,152,60,Closed,Medium,Clean,False,13.4,Track 5,Inducted,218,1,0,0
2025-11-17,6,233375,43,91,259,Closed,Medium,Clean,False,10.5,Track 2,Inducted,393,0,0,0
2025-11-17,7,159440,5,180,245,Closed,High,Clean,False,1.4,Track 9,Standby,430,1,0,0
2025-11-17,8,229708,82,55,52,Closed,High,Clean,False,1.4,Track 2,Standby,189,0,0,0
2025-11-17,9,218835,63,105,273,Closed,Medium,Clean,False,12.8,Track 3,Inducted,441,0,0,0
2025-11-17,10,223943,75,140,357,Closed,High,Clean,False,10.9,Track 14,Inducted,572,0,0,0
2025-11-17,11,196396,7,82,291,Open,Low,Clean,False,0.0,Track 6,Maintenance,380,1,1,0
2025-11-17,12,123963,76,75,339,Open,Medium,Clean,False,0.0,Track 4,Maintenance,490,0,1,0
2025-11-17,13,172882,47,43,307,Open,Low,Clean,False,0.0,Track 1,Maintenance,397,0,1,0
2025-11-17,14,224351,52,121,361,Closed,Low,Clean,False,1.2,Track 10,Standby,534,0,0,0
2025-11-17,15,87916,9,89,220,Open,High,Clean,False,0.0,Track 4,Maintenance,318,0,1,0
2025-11-17,16,122405,77,169,135,Closed,Medium,Clean,False,0.8,Track 12,Standby,381,0,0,0
2025-11-17,17,213492,8,169,68,Closed,Medium,Clean,False,8.8,Track 7,Inducted,245,0,0,0
2025-11-17,18,89532,65,141,342,Open,Medium,Clean,False,0.0,Track 10,Maintenance,548,0,1,0
2025-11-17,19,231412,16,121,279,Closed,High,Clean,False,0.7,Track 9,Standby,416,0,0,0
2025-11-17,20,179182,88,24,355,Closed,Low,Clean,False,10.1,Track 3,Inducted,467,0,0,0
2025-11-17,21,104181,44,82,132,Closed,Medium,Clean,False,0.8,Track 9,Standby,258,0,0,0
2025-11-17,22,157651,30,41,35,Closed,High,Clean,False,1.0,Track 8,Standby,106,0,0,0
2025-11-17,23,191169,77,86,210,Open,High,Clean,False,0.0,Track 3,Maintenance,373,0,1,0
2025-11-17,24,160326,71,145,94,Closed,Medium,Clean,False,1.0,Track 3,Standby,310,0,0,0
2025-11-17,25,106021,14,158,279,Closed,Low,Scheduled,True,0.7,Track 10,Standby,451,0,0,0
2025-11-18,1,167341,31,153,328,Closed,Low,Clean,False,13.7,Track 14,Inducted,512,0,0,1
2025-11-18,2,139301,54,168,335,Open,Low,Clean,False,0.0,Track 6,Maintenance,557,0,1,1
2025-11-18,3,133913,86,85,34,Closed,Low,Clean,False,1.5,Track 12,Standby,205,0,0,1
2025-11-18,4,144500,45,160,253,Closed,High,Clean,False,0.5,Track 15,Standby,458,0,0,1
2025-11-18,5,194321,5,151,59,Closed,Medium,Clean,False,8.1,Track 10,Inducted,215,1,0,1
2025-11-18,6,233824,42,90,258,Closed,Medium,Clean,False,8.9,Track 1,Inducted,390,0,0,1
2025-11-18,7,159831,4,179,244,Closed,High,Clean,False,8.5,Track 8,Inducted,427,1,0,1
2025-11-18,8,230010,81,54,51,Closed,High,Clean,False,12.7,Track 14,Inducted,186,0,0,1
2025-11-18,9,218839,62,104,272,Closed,Medium,Clean,False,0.7,Track 14,Standby,438,0,0,1
2025-11-18,10,224422,74,139,356,Closed,High,Clean,False,13.5,Track 3,Inducted,569,0,0,1
2025-11-18,11,196855,6,81,290,Closed,Low,Clean,False,14.0,Track 10,Inducted,377,1,0,1
2025-11-18,12,124524,75,74,338,Closed,Medium,Clean,False,13.0,Track 10,Inducted,487,0,0,1
2025-11-18,13,173410,46,42,306,Closed,Low,Clean,False,12.5,Track 12,Inducted,394,0,0,1
2025-11-18,14,224881,51,120,360,Closed,Low,Clean,False,14.0,Track 12,Inducted,531,0,0,1
2025-11-18,15,87916,8,88,219,Open,High,Clean,False,0.0,Track 6,Maintenance,315,0,1,1
2025-11-18,16,122405,76,168,134,Open,Medium,Clean,False,0.0,Track 6,Maintenance,378,0,1,1
2025-11-18,17,213498,7,168,67,Closed,Medium,Clean,False,1.1,Track 1,Standby,242,1,0,1
2025-11-18,18,90042,64,140,341,Closed,Medium,Clean,False,10.9,Track 4,Inducted,545,0,0,1
2025-11-18,19,231747,15,120,278,Closed,High,Clean,False,12.5,Track 13,Inducted,413,0,0,1
2025-11-18,20,179206,87,23,354,Closed,Low,Clean,False,1.0,Track 9,Standby,464,0,0,1
2025-11-18,21,104181,43,81,131,Open,Medium,Clean,False,0.0,Track 4,Maintenance,255,0,1,1
2025-11-18,22,157692,29,40,34,Closed,High,Clean,False,0.6,Track 3,Standby,103,0,0,1
2025-11-18,23,191697,76,85,209,Closed,High,Clean,False,11.7,Track 5,Inducted,370,0,0,1
2025-11-18,24,160742,70,144,93,Closed,Medium,Clean,False,8.4,Track 10,Inducted,307,0,0,1
2025-11-18,25,106067,13,157,278,Closed,Low,Clean,False,1.5,Track 12,Standby,448,0,0,1
2025-11-19,1,167743,30,152,327,Closed,Low,Clean,False,12.0,Track 13,Inducted,509,0,0,2
2025-11-19,2,139783,53,167,334,Closed,Low,Clean,False,11.6,Track 3,Inducted,554,0,0,2
2025-11-19,3,134255,85,84,33,Closed,Low,Clean,False,8.8,Track 12,Inducted,202,0,0,2
2025-11-19,4,144500,44,159,252,Open,High,Clean,False,0.0,Track 6,Maintenance,455,0,1,2
2025-11-19,5,194839,4,150,58,Closed,Medium,Clean,False,11.7,Track 6,Inducted,212,1,0,2
2025-11-19,6,233824,41,89,257,Open,Medium,Clean,False,0.0,Track 15,Maintenance,387,0,1,2
2025-11-19,7,159847,3,178,243,Closed,High,Clean,False,0.6,Track 14,Standby,424,1,0,2
2025-11-19,8,230010,80,53,50,Open,High,Clean,False,0.0,Track 15,Maintenance,183,0,1,2
2025-11-19,9,218839,61,103,271,Open,Medium,Clean,False,0.0,Track 14,Maintenance,435,0,1,2
2025-11-19,10,224422,73,138,355,Open,High,Clean,False,0.0,Track 7,Maintenance,566,0,1,2
2025-11-19,11,196855,5,80,289,Open,Low,Clean,False,0.0,Track 12,Maintenance,374,1,1,2
2025-11-19,12,125084,74,73,337,Closed,Medium,Clean,False,12.6,Track 10,Inducted,484,0,0,2
2025-11-19,13,173451,45,41,305,Closed,Low,Clean,False,1.1,Track 3,Standby,391,0,0,2
2025-11-19,14,225411,50,119,359,Closed,Low,Clean,False,13.8,Track 5,Inducted,528,0,0,2
2025-11-19,15,87916,7,87,218,Open,High,Clean,False,0.0,Track 7,Maintenance,312,1,1,2
2025-11-19,16,122783,75,167,133,Closed,Medium,Clean,False,10.1,Track 12,Inducted,375,0,0,2
2025-11-19,17,213504,6,167,66,Closed,Medium,Clean,False,1.2,Track 14,Standby,239,1,0,2
2025-11-19,18,90054,63,139,340,Closed,Medium,Clean,False,0.8,Track 5,Standby,542,0,0,2
2025-11-19,19,231749,14,119,277,Closed,High,Clean,False,1.4,Track 14,Standby,410,0,0,2
2025-11-19,20,179256,86,22,353,Closed,Low,Clean,False,1.2,Track 11,Standby,461,0,0,2
2025-11-19,21,104199,42,80,130,Closed,Medium,Clean,False,1.0,Track 2,Standby,252,0,0,2
2025-11-19,22,157692,28,39,33,Open,High,Clean,False,0.0,Track 5,Maintenance,100,0,1,2
2025-11-19,23,192183,75,84,208,Closed,High,Clean,False,13.3,Track 3,Inducted,367,0,0,2
2025-11-19,24,161151,69,143,92,Closed,Medium,Clean,False,8.8,Track 14,Inducted,304,0,0,2
2025-11-19,25,106483,12,156,277,Closed,Low,Clean,False,12.3,Track 9,Inducted,445,0,0,2
2025-11-20,1,167743,29,151,326,Open,Low,Clean,False,0.0,Track 10,Maintenance,506,0,1,3
2025-11-20,2,139812,52,166,333,Closed,Low,Clean,False,1.5,Track 1,Standby,551,0,0,3
2025-11-20,3,134261,84,83,32,Closed,Low,Clean,False,1.2,Track 2,Standby,199,0,0,3
2025-11-20,4,144531,43,158,251,Closed,High,Clean,False,1.5,Track 7,Standby,452,0,0,3
2025-11-20,5,194839,3,149,57,Open,Medium,Clean,False,0.0,Track 8,Maintenance,209,1,1,3
2025-11-20,6,233824,40,88,256,Open,Medium,Clean,False,0.0,Track 7,Maintenance,384,0,1,3
2025-11-20,7,159850,2,177,242,Closed,High,Clean,False,1.1,Track 2,Standby,421,1,0,3
2025-11-20,8,230364,79,52,49,Closed,High,Clean,False,13.9,Track 10,Inducted,180,0,0,3
2025-11-20,9,218859,60,102,270,Closed,Medium,Clean,False,1.2,Track 15,Standby,432,0,0,3
2025-11-20,10,224824,72,137,354,Closed,High,Clean,False,11.0,Track 5,Inducted,563,0,0,3
2025-11-20,11,197361,4,79,288,Closed,Low,Clean,False,9.4,Track 7,Inducted,371,1,0,3
2025-11-20,12,125124,73,72,336,Closed,Medium,Clean,False,1.0,Track 7,Standby,481,0,0,3
2025-11-20,13,173472,44,40,304,Closed,Low,Clean,False,1.2,Track 14,Standby,388,0,0,3
2025-11-20,14,225909,49,118,358,Closed,Low,Clean,False,11.0,Track 4,Inducted,525,0,0,3
2025-11-20,15,87921,6,86,217,Closed,High,Clean,False,1.0,Track 11,Standby,309,1,0,3
2025-11-20,16,122791,74,166,132,Closed,Medium,Clean,False,1.3,Track 6,Standby,372,0,0,3
2025-11-20,17,213504,5,166,65,Open,Medium,Clean,False,0.0,Track 13,Maintenance,236,1,1,3
2025-11-20,18,90621,62,138,339,Closed,Medium,Clean,False,8.9,Track 10,Inducted,539,0,0,3
2025-11-20,19,231794,13,118,276,Closed,High,Clean,False,0.8,Track 13,Standby,407,0,0,3
2025-11-20,20,179256,85,21,352,Open,Low,Clean,False,0.0,Track 8,Maintenance,458,0,1,3
2025-11-20,21,104233,41,79,129,Closed,Medium,Clean,False,1.2,Track 7,Standby,249,0,0,3
2025-11-20,22,158131,27,38,32,Closed,High,Clean,False,13.1,Track 6,Inducted,97,0,0,3
2025-11-20,23,192223,74,83,207,Closed,High,Scheduled,True,1.4,Track 14,Standby,364,0,0,3
2025-11-20,24,161151,68,142,91,Closed,Medium,Clean,False,0.8,Track 4,Standby,301,0,0,3
2025-11-20,25,106994,11,155,276,Closed,Low,Clean,False,10.0,Track 15,Inducted,442,0,0,3
2025-11-21,1,168273,28,150,325,Closed,Low,Clean,False,9.6,Track 8,Inducted,503,0,0,4
2025-11-21,2,139861,51,165,332,Closed,Low,Clean,False,1.0,Track 12,Standby,548,0,0,4
2025-11-21,3,134261,83,82,31,Open,Low,Clean,False,0.0,Track 15,Maintenance,196,0,1,4
2025-11-21,4,145091,42,157,250,Closed,High,Clean,False,8.1,Track 5,Inducted,449,0,0,4
2025-11-21,5,194875,2,148,56,Closed,Medium,Clean,False,0.6,Track 12,Standby,206,1,0,4
2025-11-21,6,234136,39,87,255,Closed,Medium,Clean,False,12.5,Track 6,Inducted,381,0,0,4
2025-11-21,7,159850,1,176,241,Open,High,Clean,False,0.0,Track 15,Maintenance,418,1,1,4
2025-11-21,8,230386,78,51,48,Closed,High,Clean,False,1.0,Track 4,Standby,177,0,0,4
2025-11-21,9,218867,59,101,269,Closed,Medium,Clean,False,0.5,Track 9,Standby,429,0,0,4
2025-11-21,10,224828,71,136,353,Closed,High,Clean,False,1.1,Track 5,Standby,560,0,0,4
2025-11-21,11,197827,3,78,287,Closed,Low,Clean,False,11.9,Track 11,Inducted,368,1,0,4
2025-11-21,12,125516,72,71,335,Closed,Medium,Clean,False,10.0,Track 14,Inducted,478,0,0,4
2025-11-21,13,173498,43,39,303,Closed,Low,Clean,False,1.3,Track 7,Standby,385,0,0,4
2025-11-21,14,226389,48,117,357,Closed,Low,Clean,False,8.8,Track 8,Inducted,522,0,0,4
2025-11-21,15,87921,5,85,216,Open,High,Clean,False,0.0,Track 7,Maintenance,306,1,1,4
2025-11-21,16,122822,73,165,131,Closed,Medium,Scheduled,True,1.5,Track 10,Standby,369,0,0,4
2025-11-21,17,214053,4,165,64,Closed,Medium,Clean,False,12.6,Track 11,Inducted,233,1,0,4
2025-11-21,18,90946,61,137,338,Closed,Medium,Clean,False,8.3,Track 3,Inducted,536,0,0,4
2025-11-21,19,232369,12,117,275,Closed,High,Clean,False,13.4,Track 14,Inducted,404,0,0,4
2025-11-21,20,179256,84,20,351,Open,Low,Clean,False,0.0,Track 2,Maintenance,455,0,1,4
2025-11-21,21,104282,40,78,128,Closed,Medium,Clean,False,0.7,Track 10,Standby,246,0,0,4
2025-11-21,22,158179,26,37,31,Closed,High,Clean,False,0.8,Track 6,Standby,94,0,0,4
2025-11-21,23,192549,73,82,206,Closed,High,Clean,False,12.4,Track 6,Inducted,361,0,0,4
2025-11-21,24,161151,67,141,90,Open,Medium,Scheduled,True,0.0,Track 9,Maintenance,298,0,1,4
2025-11-21,25,106994,10,154,275,Open,Low,Clean,False,0.0,Track 7,Maintenance,439,0,1,4
2025-11-22,1,168654,27,149,324,Closed,Low,Clean,False,14.0,Track 5,Inducted,500,0,0,5
2025-11-22,2,139866,50,164,331,Closed,Low,Clean,False,1.1,Track 7,Standby,545,0,0,5
2025-11-22,3,134851,82,81,30,Closed,Low,Clean,False,9.9,Track 13,Inducted,193,0,0,5
2025-11-22,4,145467,41,156,249,Closed,High,Clean,False,9.4,Track 4,Inducted,446,0,0,5
2025-11-22,5,194888,1,147,55,Closed,Medium,Clean,False,0.8,Track 9,Standby,203,1,0,5
2025-11-22,6,234144,38,86,254,Closed,Medium,Clean,False,1.3,Track 4,Standby,378,0,0,5
2025-11-22,7,159850,90,175,240,Open,High,Clean,False,0.0,Track 9,Maintenance,505,0,1,5
2025-11-22,8,230386,77,50,47,Open,High,Clean,False,0.0,Track 15,Maintenance,174,0,1,5
2025-11-22,9,218905,58,100,268,Closed,Medium,Clean,False,1.4,Track 9,Standby,426,0,0,5
2025-11-22,10,224828,70,135,352,Open,High,Clean,False,0.0,Track 3,Maintenance,557,0,1,5
2025-11-22,11,197827,2,77,286,Open,Low,Clean,False,0.0,Track 12,Maintenance,365,1,1,5
2025-11-22,12,125516,71,70,334,Open,Medium,Clean,False,0.0,Track 9,Maintenance,475,0,1,5
2025-11-22,13,173530,42,38,302,Closed,Low,Clean,False,1.0,Track 7,Standby,382,0,0,5
2025-11-22,14,226401,47,116,356,Closed,Low,Scheduled,True,0.9,Track 15,Standby,519,0,0,5
2025-11-22,15,87940,4,84,215,Closed,High,Clean,False,0.7,Track 8,Standby,303,1,0,5
2025-11-22,16,123176,72,164,130,Closed,Medium,Clean,False,10.7,Track 12,Inducted,366,0,0,5
2025-11-22,17,214056,3,164,63,Closed,Medium,Clean,False,1.0,Track 13,Standby,230,1,0,5
2025-11-22,18,90992,60,136,337,Closed,Medium,Clean,False,0.6,Track 12,Standby,533,0,0,5
2025-11-22,19,232781,11,116,274,Closed,High,Clean,False,12.3,Track 10,Inducted,401,0,0,5
2025-11-22,20,179564,83,19,350,Closed,Low,Clean,False,11.1,Track 13,Inducted,452,0,0,5
2025-11-22,21,104282,39,77,127,Open,Medium,Clean,False,0.0,Track 13,Maintenance,243,0,1,5
2025-11-22,22,158179,25,36,30,Open,High,Clean,False,0.0,Track 6,Maintenance,91,0,1,5
2025-11-22,23,192564,72,81,205,Closed,High,Clean,False,1.0,Track 15,Standby,358,0,0,5
2025-11-22,24,161167,66,140,89,Closed,Medium,Scheduled,True,1.5,Track 2,Standby,295,0,0,5
2025-11-22,25,107536,9,153,274,Closed,Low,Clean,False,13.5,Track 4,Inducted,436,0,0,5
2025-11-23,1,168674,26,148,323,Closed,Low,Clean,False,1.0,Track 14,Standby,497,0,0,6
2025-11-23,2,140303,49,163,330,Closed,Low,Clean,False,9.8,Track 12,Inducted,542,0,0,6
2025-11-23,3,134851,81,80,29,Open,Low,Clean,False,0.0,Track 6,Maintenance,190,0,1,6
2025-11-23,4,145912,40,155,248,Closed,High,Clean,False,13.0,Track 8,Inducted,443,0,0,6
2025-11-23,5,194888,90,146,54,Open,Medium,Clean,False,0.0,Track 14,Maintenance,290,0,1,6
2025-11-23,6,234155,37,85,253,Closed,Medium,Clean,False,1.3,Track 6,Standby,375,0,0,6
2025-11-23,7,159861,89,174,239,Closed,High,Clean,True,0.6,Track 2,Standby,502,0,0,6
2025-11-23,8,230386,76,49,46,Open,High,Clean,False,0.0,Track 3,Maintenance,171,0,1,6
2025-11-23,9,218934,57,99,267,Closed,Medium,Clean,False,1.2,Track 1,Standby,423,0,0,6
2025-11-23,10,224841,69,134,351,Closed,High,Clean,False,1.2,Track 14,Standby,554,0,0,6
2025-11-23,11,197827,1,76,285,Open,Low,Clean,False,0.0,Track 7,Maintenance,362,1,1,6
2025-11-23,12,125516,70,69,333,Open,Medium,Clean,False,0.0,Track 9,Maintenance,472,0,1,6
2025-11-23,13,173574,41,37,301,Closed,Low,Clean,False,0.7,Track 10,Standby,379,0,0,6
2025-11-23,14,226416,46,115,355,Closed,Low,Clean,False,0.7,Track 15,Standby,516,0,0,6
2025-11-23,15,87940,3,83,214,Open,High,Clean,False,0.0,Track 11,Maintenance,300,1,1,6
2025-11-23,16,123192,71,163,129,Closed,Medium,Clean,False,1.2,Track 13,Standby,363,0,0,6
2025-11-23,17,214056,2,163,62,Open,Medium,Clean,False,0.0,Track 8,Maintenance,227,1,1,6
2025-11-23,18,91024,59,135,336,Closed,Medium,Clean,False,1.1,Track 1,Standby,530,0,0,6
2025-11-23,19,232818,10,115,273,Closed,High,Clean,False,0.8,Track 4,Standby,398,0,0,6
2025-11-23,20,179577,82,18,349,Closed,Low,Clean,False,0.7,Track 9,Standby,449,0,0,6
2025-11-23,21,104626,38,76,126,Closed,Medium,Clean,False,9.6,Track 4,Inducted,240,0,0,6
2025-11-23,22,158568,24,35,29,Closed,High,Clean,False,10.1,Track 8,Inducted,88,0,0,6
2025-11-23,23,192609,71,80,204,Closed,High,Clean,False,0.9,Track 3,Standby,355,0,0,6
2025-11-23,24,161578,65,139,88,Closed,Medium,Clean,False,12.0,Track 3,Inducted,292,0,0,6
2025-11-23,25,107867,8,152,273,Closed,Low,Clean,False,10.4,Track 6,Inducted,433,0,0,6
2025-11-24,1,168687,25,147,322,Closed,Low,Clean,False,0.9,Track 14,Standby,494,0,0,0
2025-11-24,2,140840,48,162,329,Closed,Low,Clean,False,8.5,Track 1,Inducted,539,0,0,0
2025-11-24,3,134851,80,79,28,Open,Low,Clean,False,0.0,Track 1,Maintenance,187,0,1,0
2025-11-24,4,146368,39,154,247,Closed,High,Clean,False,13.8,Track 6,Inducted,440,0,0,0
2025-11-24,5,194893,89,145,53,Closed,Medium,Clean,False,1.0,Track 4,Standby,287,0,0,0
2025-11-24,6,234637,36,84,252,Closed,Medium,Clean,False,12.3,Track 4,Inducted,372,0,0,0
2025-11-24,7,159867,88,173,238,Closed,High,Scheduled,True,1.4,Track 2,Standby,499,0,0,0
2025-11-24,8,230386,75,48,45,Open,High,Clean,False,0.0,Track 10,Maintenance,168,0,1,0
2025-11-24,9,219325,56,98,266,Closed,Medium,Clean,False,12.9,Track 8,Inducted,420,0,0,0
2025-11-24,10,224841,68,133,350,Open,High,Clean,False,0.0,Track 9,Maintenance,551,0,1,0
2025-11-24,11,198147,90,75,284,Closed,Low,Clean,False,12.3,Track 10,Inducted,449,0,0,0
2025-11-24,12,125516,69,68,332,Open,Medium,Clean,False,0.0,Track 2,Maintenance,469,0,1,0
2025-11-24,13,173583,40,36,300,Closed,Low,Clean,False,1.1,Track 14,Standby,376,0,0,0
2025-11-24,14,226416,45,114,354,Open,Low,Clean,False,0.0,Track 3,Maintenance,513,0,1,0
2025-11-24,15,88466,2,82,213,Closed,High,Clean,False,10.0,Track 14,Inducted,297,1,0,0
2025-11-24,16,123663,70,162,128,Closed,Medium,Clean,False,11.4,Track 13,Inducted,360,0,0,0
2025-11-24,17,214451,1,162,61,Closed,Medium,Clean,False,11.7,Track 11,Inducted,224,1,0,0
2025-11-24,18,91024,58,134,335,Open,Medium,Clean,False,0.0,Track 1,Maintenance,527,0,1,0
2025-11-24,19,232818,9,114,272,Open,High,Clean,False,0.0,Track 2,Maintenance,395,0,1,0
2025-11-24,20,179603,81,17,348,Closed,Low,Clean,False,1.0,Track 15,Standby,446,0,0,0
2025-11-24,21,104653,37,75,125,Closed,Medium,Clean,False,0.9,Track 10,Standby,237,0,0,0
2025-11-24,22,158568,23,34,28,Open,High,Scheduled,True,0.0,Track 15,Maintenance,85,0,1,0
2025-11-24,23,192623,70,79,203,Closed,High,Clean,False,1.1,Track 8,Standby,352,0,0,0
2025-11-24,24,161628,64,138,87,Closed,Medium,Clean,False,1.0,Track 12,Standby,289,0,0,0
2025-11-24,25,107867,7,151,272,Open,Low,Clean,False,0.0,Track 11,Maintenance,430,1,1,0
2025-11-25,1,169287,24,146,321,Closed,Low,Clean,False,11.0,Track 14,Inducted,491,0,0,1
2025-11-25,2,140840,47,161,328,Open,Low,Clean,False,0.0,Track 8,Maintenance,536,0,1,1
2025-11-25,3,135192,79,78,27,Closed,Low,Clean,False,9.3,Track 3,Inducted,184,0,0,1
2025-11-25,4,146960,38,153,246,Closed,High,Clean,False,11.7,Track 14,Inducted,437,0,0,1
2025-11-25,5,194929,88,144,52,Closed,Medium,Clean,False,0.6,Track 9,Standby,284,0,0,1
2025-11-25,6,234982,35,83,251,Closed,Medium,Clean,False,13.4,Track 10,Inducted,369,0,0,1
2025-11-25,7,160443,87,172,237,Closed,High,Clean,False,13.6,Track 12,Inducted,496,0,0,1
2025-11-25,8,230699,74,47,44,Closed,High,Clean,False,8.8,Track 3,Inducted,165,0,0,1
2025-11-25,9,219370,55,97,265,Closed,Medium,Clean,False,1.3,Track 6,Standby,417,0,0,1
2025-11-25,10,224870,67,132,349,Closed,High,Scheduled,True,1.1,Track 10,Standby,548,0,0,1
2025-11-25,11,198152,89,74,283,Closed,Low,Clean,False,1.0,Track 14,Standby,446,0,0,1
2025-11-25,12,125516,68,67,331,Open,Medium,Clean,False,0.0,Track 11,Maintenance,466,0,1,1
2025-11-25,13,174129,39,35,299,Closed,Low,Clean,False,8.9,Track 1,Inducted,373,0,0,1
2025-11-25,14,226443,44,113,353,Closed,Low,Clean,False,1.1,Track 11,Standby,510,0,0,1
2025-11-25,15,88897,1,81,212,Closed,High,Clean,False,8.5,Track 2,Inducted,294,1,0,1
2025-11-25,16,124016,69,161,127,Closed,Medium,Clean,False,9.7,Track 4,Inducted,357,0,0,1
2025-11-25,17,214455,90,161,60,Closed,Medium,Clean,False,0.9,Track 9,Standby,311,0,0,1
2025-11-25,18,91475,57,133,334,Closed,Medium,Clean,False,8.2,Track 4,Inducted,524,0,0,1
2025-11-25,19,232855,8,113,271,Closed,High,Clean,False,1.4,Track 7,Standby,392,0,0,1
2025-11-25,20,179607,80,16,347,Closed,Low,Clean,False,0.8,Track 8,Standby,443,0,0,1
2025-11-25,21,104657,36,74,124,Closed,Medium,Clean,False,1.5,Track 12,Standby,234,0,0,1
2025-11-25,22,158604,22,33,27,Closed,High,Scheduled,True,1.1,Track 15,Standby,82,0,0,1
2025-11-25,23,192657,69,78,202,Closed,High,Clean,False,0.8,Track 10,Standby,349,0,0,1
2025-11-25,24,162200,63,137,86,Closed,Medium,Clean,False,12.7,Track 15,Inducted,286,0,0,1
2025-11-25,25,108419,6,150,271,Closed,Low,Clean,False,11.7,Track 2,Inducted,427,1,0,1
2025-11-26,1,169287,23,145,320,Open,Low,Clean,False,0.0,Track 3,Maintenance,488,0,1,2
2025-11-26,2,141225,46,160,327,Closed,Low,Clean,False,11.4,Track 7,Inducted,533,0,0,2
2025-11-26,3,135687,78,77,26,Closed,Low,Clean,False,9.4,Track 8,Inducted,181,0,0,2
2025-11-26,4,147384,37,152,245,Closed,High,Clean,False,12.7,Track 8,Inducted,434,0,0,2
2025-11-26,5,195405,87,143,51,Closed,Medium,Clean,False,13.1,Track 6,Inducted,281,0,0,2
2025-11-26,6,235506,34,82,250,Closed,Medium,Clean,False,13.0,Track 13,Inducted,366,0,0,2
2025-11-26,7,160443,86,171,236,Open,High,Clean,False,0.0,Track 15,Maintenance,493,0,1,2
2025-11-26,8,231008,73,46,43,Closed,High,Clean,False,11.1,Track 14,Inducted,162,0,0,2
2025-11-26,9,219802,54,96,264,Closed,Medium,Clean,False,13.6,Track 8,Inducted,414,0,0,2
2025-11-26,10,224905,66,131,348,Closed,High,Clean,False,1.3,Track 10,Standby,545,0,0,2
2025-11-26,11,198185,88,73,282,Closed,Low,Clean,False,1.4,Track 4,Standby,443,0,0,2
2025-11-26,12,125516,67,66,330,Open,Medium,Clean,False,0.0,Track 12,Maintenance,463,0,1,2
2025-11-26,13,174140,38,34,298,Closed,Low,Clean,False,1.2,Track 11,Standby,370,0,0,2
2025-11-26,14,226443,43,112,352,Open,Low,Clean,False,0.0,Track 11,Maintenance,507,0,1,2
2025-11-26,15,88903,90,80,211,Closed,High,Clean,False,1.1,Track 12,Standby,381,0,0,2
2025-11-26,16,124058,68,160,126,Closed,Medium,Clean,False,1.5,Track 4,Standby,354,0,0,2
2025-11-26,17,215004,89,160,59,Closed,Medium,Clean,False,10.1,Track 4,Inducted,308,0,0,2
2025-11-26,18,91503,56,132,333,Closed,Medium,Clean,False,1.2,Track 7,Standby,521,0,0,2
2025-11-26,19,233156,7,112,270,Closed,High,Clean,False,10.2,Track 9,Inducted,389,1,0,2
2025-11-26,20,180174,79,15,346,Closed,Low,Clean,False,11.4,Track 14,Inducted,440,0,0,2
2025-11-26,21,104697,35,73,123,Closed,Medium,Clean,False,0.6,Track 5,Standby,231,0,0,2
2025-11-26,22,158604,21,32,26,Open,High,Clean,False,0.0,Track 10,Maintenance,79,0,1,2
2025-11-26,23,192705,68,77,201,Closed,High,Clean,False,0.6,Track 2,Standby,346,0,0,2
2025-11-26,24,162710,62,136,85,Closed,Medium,Clean,False,12.2,Track 1,Inducted,283,0,0,2
2025-11-26,25,108456,5,149,270,Closed,Low,Clean,False,0.7,Track 2,Standby,424,1,0,2
2025-11-27,1,169287,22,144,319,Open,Low,Clean,False,0.0,Track 7,Maintenance,485,0,1,3
2025-11-27,2,141225,45,159,326,Open,Low,Clean,False,0.0,Track 8,Maintenance,530,0,1,3
2025-11-27,3,135732,77,76,25,Closed,Low,Clean,False,1.0,Track 12,Standby,178,0,0,3
2025-11-27,4,147426,36,151,244,Closed,High,Clean,False,0.9,Track 4,Standby,431,0,0,3
2025-11-27,5,195405,86,142,50,Open,Medium,Clean,False,0.0,Track 8,Maintenance,278,0,1,3
2025-11-27,6,235506,33,81,249,Open,Medium,Clean,False,0.0,Track 5,Maintenance,363,0,1,3
2025-11-27,7,161022,85,170,235,Closed,High,Clean,False,13.7,Track 10,Inducted,490,0,0,3
2025-11-27,8,231008,72,45,42,Open,High,Clean,False,0.0,Track 15,Maintenance,159,0,1,3
2025-11-27,9,219819,53,95,263,Closed,Medium,Clean,False,1.1,Track 6,Standby,411,0,0,3
2025-11-27,10,224905,65,130,347,Open,High,Clean,False,0.0,Track 9,Maintenance,542,0,1,3
2025-11-27,11,198217,87,72,281,Closed,Low,Clean,False,0.7,Track 10,Standby,440,0,0,3
2025-11-27,12,125540,66,65,329,Closed,Medium,Clean,False,1.1,Track 5,Standby,460,0,0,3
2025-11-27,13,174685,37,33,297,Closed,Low,Clean,False,13.8,Track 15,Inducted,367,0,0,3
2025-11-27,14,226471,42,111,351,Closed,Low,Clean,False,1.0,Track 14,Standby,504,0,0,3
2025-11-27,15,88949,89,79,210,Closed,High,Clean,False,0.8,Track 8,Standby,378,0,0,3
2025-11-27,16,124073,67,159,125,Closed,Medium,Clean,False,1.1,Track 5,Standby,351,0,0,3
2025-11-27,17,215045,88,159,58,Closed,Medium,Clean,False,0.6,Track 10,Standby,305,0,0,3
2025-11-27,18,91536,55,131,332,Closed,Medium,Clean,False,0.8,Track 11,Standby,518,0,0,3
2025-11-27,19,233199,6,111,269,Closed,High,Clean,False,0.8,Track 4,Standby,386,1,0,3
2025-11-27,20,180174,78,14,345,Open,Low,Clean,False,0.0,Track 7,Maintenance,437,0,1,3
2025-11-27,21,104715,34,72,122,Closed,Medium,Clean,False,0.8,Track 11,Standby,228,0,0,3
2025-11-27,22,158612,20,31,25,Closed,High,Clean,False,0.7,Track 7,Standby,76,0,0,3
2025-11-27,23,192705,67,76,200,Open,High,Clean,False,0.0,Track 2,Maintenance,343,0,1,3
2025-11-27,24,162753,61,135,84,Closed,Medium,Clean,False,1.0,Track 13,Standby,280,0,0,3
2025-11-27,25,108457,4,148,269,Closed,Low,Clean,False,0.6,Track 4,Standby,421,1,0,3
2025-11-28,1,169326,21,143,318,Closed,Low,Clean,False,0.8,Track 12,Standby,482,0,0,4
2025-11-28,2,141238,44,158,325,Closed,Low,Clean,False,0.8,Track 12,Standby,527,0,0,4
2025-11-28,3,135767,76,75,24,Closed,Low,Clean,False,1.3,Track 14,Standby,175,0,0,4
2025-11-28,4,147426,35,150,243,Open,High,Clean,False,0.0,Track 2,Maintenance,428,0,1,4
2025-11-28,5,195985,85,141,49,Closed,Medium,Clean,False,13.2,Track 15,Inducted,275,0,0,4
2025-11-28,6,235506,32,80,248,Open,Medium,Clean,False,0.0,Track 2,Maintenance,360,0,1,4
2025-11-28,7,161471,84,169,234,Closed,High,Clean,False,11.7,Track 3,Inducted,487,0,0,4
2025-11-28,8,231012,71,44,41,Closed,High,Clean,False,1.4,Track 10,Standby,156,0,0,4
2025-11-28,9,219819,52,94,262,Open,Medium,Clean,False,0.0,Track 12,Maintenance,408,0,1,4
2025-11-28,10,224931,64,129,346,Closed,High,Clean,False,1.2,Track 9,Standby,539,0,0,4
2025-11-28,11,198260,86,71,280,Closed,Low,Clean,False,0.8,Track 1,Standby,437,0,0,4
2025-11-28,12,125563,65,64,328,Closed,Medium,Scheduled,True,0.6,Track 10,Standby,457,0,0,4
2025-11-28,13,174685,36,32,296,Open,Low,Clean,False,0.0,Track 6,Maintenance,364,0,1,4
2025-11-28,14,226519,41,110,350,Closed,Low,Clean,False,0.6,Track 11,Standby,501,0,0,4
2025-11-28,15,89549,88,78,209,Closed,High,Clean,False,8.6,Track 2,Inducted,375,0,0,4
2025-11-28,16,124118,66,158,124,Closed,Medium,Clean,False,1.0,Track 3,Standby,348,0,0,4
2025-11-28,17,215045,87,158,57,Open,Medium,Clean,False,0.0,Track 12,Maintenance,302,0,1,4
2025-11-28,18,91543,54,130,331,Closed,Medium,Clean,False,0.8,Track 11,Standby,515,0,0,4
2025-11-28,19,233199,5,110,268,Open,High,Clean,False,0.0,Track 3,Maintenance,383,1,1,4
2025-11-28,20,180174,77,13,344,Closed,Low,Clean,False,1.4,Track 15,Standby,434,0,0,4
2025-11-28,21,104726,33,71,121,Closed,Medium,Clean,False,1.2,Track 13,Standby,225,0,0,4
2025-11-28,22,158638,19,30,24,Closed,High,Clean,False,1.0,Track 10,Standby,73,0,0,4
2025-11-28,23,192705,66,75,199,Open,High,Clean,False,0.0,Track 8,Maintenance,340,0,1,4
2025-11-28,24,162761,60,134,83,Closed,Medium,Clean,False,1.1,Track 14,Standby,277,0,0,4
2025-11-28,25,108865,3,147,268,Closed,Low,Clean,False,9.8,Track 9,Inducted,418,1,0,4
2025-11-29,1,169352,20,142,317,Closed,Low,Clean,False,1.2,Track 14,Standby,479,0,0,5
2025-11-29,2,141821,43,157,324,Closed,Low,Clean,False,12.9,Track 4,Inducted,524,0,0,5
2025-11-29,3,135783,75,74,23,Closed,Low,Clean,False,0.5,Track 6,Standby,172,0,0,5
2025-11-29,4,147426,34,149,242,Open,High,Clean,False,0.0,Track 6,Maintenance,425,0,1,5
2025-11-29,5,196030,84,140,48,Closed,Medium,Clean,False,1.0,Track 11,Standby,272,0,0,5
2025-11-29,6,235506,31,79,247,Open,Medium,Clean,False,0.0,Track 6,Maintenance,357,0,1,5
2025-11-29,7,161471,83,168,233,Open,High,Clean,False,0.0,Track 5,Maintenance,484,0,1,5
2025-11-29,8,231012,70,43,40,Open,High,Scheduled,True,0.0,Track 12,Maintenance,153,0,1,5
2025-11-29,9,220241,51,93,261,Closed,Medium,Clean,False,9.5,Track 6,Inducted,405,0,0,5
2025-11-29,10,225279,63,128,345,Closed,High,Clean,False,8.9,Track 4,Inducted,536,0,0,5
2025-11-29,11,198269,85,70,279,Closed,Low,Clean,False,1.5,Track 7,Standby,434,0,0,5
2025-11-29,12,126123,64,63,327,Closed,Medium,Clean,False,12.3,Track 9,Inducted,454,0,0,5
2025-11-29,13,174698,35,31,295,Closed,Low,Clean,False,0.9,Track 2,Standby,361,0,0,5
2025-11-29,14,226909,40,109,349,Closed,Low,Clean,False,13.7,Track 1,Inducted,498,0,0,5
2025-11-29,15,90053,87,77,208,Closed,High,Clean,False,11.6,Track 3,Inducted,372,0,0,5
2025-11-29,16,124425,65,157,123,Closed,Medium,Clean,False,13.8,Track 4,Inducted,345,0,0,5
2025-11-29,17,215058,86,157,56,Closed,Medium,Clean,False,1.1,Track 9,Standby,299,0,0,5
2025-11-29,18,91883,53,129,330,Closed,Medium,Clean,False,12.0,Track 1,Inducted,512,0,0,5
2025-11-29,19,233199,4,109,267,Open,High,Clean,False,0.0,Track 13,Maintenance,380,1,1,5
2025-11-29,20,180221,76,12,343,Closed,Low,Clean,False,1.3,Track 10,Standby,431,0,0,5
2025-11-29,21,104761,32,70,120,Closed,Medium,Clean,False,1.1,Track 5,Standby,222,0,0,5
2025-11-29,22,158638,18,29,23,Open,High,Clean,False,0.0,Track 15,Maintenance,70,0,1,5
2025-11-29,23,193065,65,74,198,Closed,High,Clean,False,12.3,Track 1,Inducted,337,0,0,5
2025-11-29,24,162761,59,133,82,Open,Medium,Clean,False,0.0,Track 5,Maintenance,274,0,1,5
2025-11-29,25,109197,2,146,267,Closed,Low,Clean,False,13.9,Track 12,Inducted,415,1,0,5
2025-11-30,1,169851,19,141,316,Closed,Low,Clean,False,9.8,Track 11,Inducted,476,0,0,6
2025-11-30,2,142311,42,156,323,Closed,Low,Clean,False,11.2,Track 3,Inducted,521,0,0,6
2025-11-30,3,135783,74,73,22,Open,Low,Clean,False,0.0,Track 12,Maintenance,169,0,1,6
2025-11-30,4,147435,33,148,241,Closed,High,Clean,False,0.9,Track 14,Standby,422,0,0,6
2025-11-30,5,196066,83,139,47,Closed,Medium,Clean,False,1.3,Track 6,Standby,269,0,0,6
2025-11-30,6,235541,30,78,246,Closed,Medium,Clean,False,0.7,Track 12,Standby,354,0,0,6
2025-11-30,7,161900,82,167,232,Closed,High,Clean,False,8.4,Track 15,Inducted,481,0,0,6
2025-11-30,8,231338,69,42,39,Closed,High,Clean,True,10.6,Track 2,Inducted,150,0,0,6
2025-11-30,9,220744,50,92,260,Closed,Medium,Clean,False,9.4,Track 6,Inducted,402,0,0,6
2025-11-30,10,225288,62,127,344,Closed,High,Clean,False,1.1,Track 3,Standby,533,0,0,6
2025-11-30,11,198310,84,69,278,Closed,Low,Clean,False,0.6,Track 4,Standby,431,0,0,6
2025-11-30,12,126123,63,62,326,Open,Medium,Clean,False,0.0,Track 3,Maintenance,451,0,1,6
2025-11-30,13,175193,34,30,294,Closed,Low,Clean,False,11.4,Track 10,Inducted,358,0,0,6
2025-11-30,14,226909,39,108,348,Open,Low,Clean,False,0.0,Track 13,Maintenance,495,0,1,6
2025-11-30,15,90053,86,76,207,Open,High,Clean,False,0.0,Track 15,Maintenance,369,0,1,6
2025-11-30,16,124425,64,156,122,Open,Medium,Clean,False,0.0,Track 11,Maintenance,342,0,1,6
2025-11-30,17,215058,85,156,55,Open,Medium,Clean,False,0.0,Track 12,Maintenance,296,0,1,6
2025-11-30,18,91898,52,128,329,Closed,Medium,Clean,False,1.3,Track 11,Standby,509,0,0,6
2025-11-30,19,233219,3,108,266,Closed,High,Clean,False,0.5,Track 14,Standby,377,1,0,6
2025-11-30,20,180221,75,11,342,Open,Low,Clean,False,0.0,Track 10,Maintenance,428,0,1,6
2025-11-30,21,105303,31,69,119,Closed,Medium,Clean,False,10.5,Track 8,Inducted,219,0,0,6
2025-11-30,22,159021,17,28,22,Closed,High,Clean,False,10.2,Track 3,Inducted,67,0,0,6
2025-11-30,23,193065,64,73,197,Open,High,Clean,False,0.0,Track 2,Maintenance,334,0,1,6
2025-11-30,24,162786,58,132,81,Closed,Medium,Clean,False,1.4,Track 15,Standby,271,0,0,6
2025-11-30,25,109197,1,145,266,Open,Low,Clean,False,0.0,Track 14,Maintenance,412,1,1,6
2025-12-01,1,170309,18,140,315,Closed,Low,Clean,False,11.0,Track 5,Inducted,473,0,0,0
2025-12-01,2,142311,41,155,322,Open,Low,Clean,False,0.0,Track 12,Maintenance,518,0,1,0
2025-12-01,3,135787,73,72,21,Closed,Low,Clean,False,1.2,Track 13,Standby,166,0,0,0
2025-12-01,4,147435,32,147,240,Open,High,Clean,False,0.0,Track 14,Maintenance,419,0,1,0
2025-12-01,5,196573,82,138,46,Closed,Medium,Clean,False,10.2,Track 3,Inducted,266,0,0,0
2025-12-01,6,235977,29,77,245,Closed,Medium,Clean,False,9.6,Track 7,Inducted,351,0,0,0
2025-12-01,7,161913,81,166,231,Closed,High,Clean,False,0.7,Track 5,Standby,478,0,0,0
2025-12-01,8,231357,68,41,38,Closed,High,Scheduled,True,1.3,Track 14,Standby,147,0,0,0
2025-12-01,9,220750,49,91,259,Closed,Medium,Clean,False,0.7,Track 7,Standby,399,0,0,0
2025-12-01,10,225301,61,126,343,Closed,High,Clean,False,1.2,Track 15,Standby,530,0,0,0
2025-12-01,11,198703,83,68,277,Closed,Low,Clean,True,13.4,Track 3,Inducted,428,0,0,0
2025-12-01,12,126123,62,61,325,Open,Medium,Clean,False,0.0,Track 6,Maintenance,448,0,1,0
2025-12-01,13,175213,33,29,293,Closed,Low,Scheduled,True,0.5,Track 6,Standby,355,0,0,0
2025-12-01,14,226956,38,107,347,Closed,Low,Clean,False,1.2,Track 7,Standby,492,0,0,0
2025-12-01,15,90053,85,75,206,Open,High,Clean,False,0.0,Track 4,Maintenance,366,0,1,0
2025-12-01,16,124442,63,155,121,Closed,Medium,Clean,False,1.3,Track 12,Standby,339,0,0,0
2025-12-01,17,215082,84,155,54,Closed,Medium,Clean,False,0.8,Track 12,Standby,293,0,0,0
2025-12-01,18,91898,51,127,328,Open,Medium,Clean,False,0.0,Track 7,Maintenance,506,0,1,0
2025-12-01,19,233749,2,107,265,Closed,High,Clean,False,11.1,Track 8,Inducted,374,1,0,0
2025-12-01,20,180266,74,10,341,Closed,Low,Clean,False,1.1,Track 11,Standby,425,0,0,0
2025-12-01,21,105648,30,68,118,Closed,Medium,Clean,False,8.5,Track 12,Inducted,216,0,0,0
2025-12-01,22,159046,16,27,21,Closed,High,Clean,False,1.2,Track 4,Standby,64,0,0,0
2025-12-01,23,193518,63,72,196,Closed,High,Clean,False,13.9,Track 13,Inducted,331,0,0,0
2025-12-01,24,162786,57,131,80,Open,Medium,Clean,False,0.0,Track 6,Maintenance,268,0,1,0
2025-12-01,25,109572,90,144,265,Closed,Low,Clean,False,10.1,Track 4,Inducted,499,0,0,0
2025-12-02,1,170791,17,139,314,Closed,Low,Clean,False,9.9,Track 14,Inducted,470,0,0,1
2025-12-02,2,142359,40,154,321,Closed,Low,Clean,False,1.5,Track 11,Standby,515,0,0,1
2025-12-02,3,135805,72,71,20,Closed,Low,Clean,False,1.4,Track 6,Standby,163,0,0,1
2025-12-02,4,147435,31,146,239,Open,High,Clean,False,0.0,Track 4,Maintenance,416,0,1,1
2025-12-02,5,196607,81,137,45,Closed,Medium,Clean,True,1.0,Track 4,Standby,263,0,0,1
2025-12-02,6,235993,28,76,244,Closed,Medium,Clean,False,1.0,Track 15,Standby,348,0,0,1
2025-12-02,7,161927,80,165,230,Closed,High,Clean,False,1.0,Track 11,Standby,475,0,0,1
2025-12-02,8,231745,67,40,37,Closed,High,Clean,False,10.1,Track 6,Inducted,144,0,0,1
2025-12-02,9,220772,48,90,258,Closed,Medium,Clean,False,0.8,Track 3,Standby,396,0,0,1
2025-12-02,10,225757,60,125,342,Closed,High,Clean,False,12.0,Track 5,Inducted,527,0,0,1
2025-12-02,11,199092,82,67,276,Closed,Low,Clean,True,8.2,Track 12,Inducted,425,0,0,1
2025-12-02,12,126123,61,60,324,Open,Medium,Clean,False,0.0,Track 13,Maintenance,445,0,1,1
2025-12-02,13,175221,32,28,292,Closed,Low,Clean,False,1.1,Track 10,Standby,352,0,0,1
2025-12-02,14,227000,37,106,346,Closed,Low,Clean,False,0.8,Track 14,Standby,489,0,0,1
2025-12-02,15,90053,84,74,205,Open,High,Clean,False,0.0,Track 14,Maintenance,363,0,1,1
2025-12-02,16,124459,62,154,120,Closed,Medium,Clean,False,0.7,Track 9,Standby,336,0,0,1
2025-12-02,17,215082,83,154,53,Open,Medium,Clean,False,0.0,Track 10,Maintenance,290,0,1,1
2025-12-02,18,91898,50,126,327,Open,Medium,Clean,False,0.0,Track 10,Maintenance,503,0,1,1
2025-12-02,19,233749,1,106,264,Open,High,Clean,False,0.0,Track 9,Maintenance,371,1,1,1
2025-12-02,20,180694,73,9,340,Closed,Low,Clean,False,8.6,Track 9,Inducted,422,0,0,1
2025-12-02,21,105683,29,67,117,Closed,Medium,Clean,False,0.8,Track 5,Standby,213,0,0,1
2025-12-02,22,159059,15,26,20,Closed,High,Clean,False,0.9,Track 7,Standby,61,0,0,1
2025-12-02,23,193518,62,71,195,Open,High,Clean,False,0.0,Track 14,Maintenance,328,0,1,1
2025-12-02,24,162800,56,130,79,Closed,Medium,Clean,False,1.2,Track 2,Standby,265,0,0,1
2025-12-02,25,109909,89,143,264,Closed,Low,Clean,False,8.6,Track 14,Inducted,496,0,0,1
2025-12-03,1,171226,16,138,313,Closed,Low,Clean,False,13.6,Track 3,Inducted,467,0,0,2
2025-12-03,2,142359,39,153,320,Open,Low,Clean,False,0.0,Track 3,Maintenance,512,0,1,2
2025-12-03,3,136336,71,70,19,Closed,Low,Clean,False,8.5,Track 7,Inducted,160,0,0,2
2025-12-03,4,147435,30,145,238,Open,High,Clean,False,0.0,Track 3,Maintenance,413,0,1,2
2025-12-03,5,196915,80,136,44,Closed,Medium,Clean,True,8.7,Track 12,Inducted,260,0,0,2
2025-12-03,6,236009,27,75,243,Closed,Medium,Scheduled,True,1.5,Track 7,Standby,345,0,0,2
2025-12-03,7,161933,79,164,229,Closed,High,Clean,False,1.3,Track 14,Standby,472,0,0,2
2025-12-03,8,232128,66,39,36,Closed,High,Clean,False,8.4,Track 6,Inducted,141,0,0,2
2025-12-03,9,220772,47,89,257,Open,Medium,Clean,False,0.0,Track 3,Maintenance,393,0,1,2
2025-12-03,10,226287,59,124,341,Closed,High,Clean,False,13.5,Track 9,Inducted,524,0,0,2
2025-12-03,11,199139,81,66,275,Closed,Low,Scheduled,True,1.1,Track 9,Standby,422,0,0,2
2025-12-03,12,126163,60,59,323,Closed,Medium,Clean,False,1.3,Track 10,Standby,442,0,0,2
2025-12-03,13,175226,31,27,291,Closed,Low,Clean,False,0.9,Track 11,Standby,349,0,0,2
2025-12-03,14,227516,36,105,345,Closed,Low,Clean,False,13.3,Track 15,Inducted,486,0,0,2
2025-12-03,15,90538,83,73,204,Closed,High,Clean,False,11.4,Track 13,Inducted,360,0,0,2
2025-12-03,16,124871,61,153,119,Closed,Medium,Clean,False,11.4,Track 11,Inducted,333,0,0,2
2025-12-03,17,215105,82,153,52,Closed,Medium,Clean,False,0.9,Track 6,Standby,287,0,0,2
2025-12-03,18,92334,49,125,326,Closed,Medium,Clean,False,8.4,Track 2,Inducted,500,0,0,2
2025-12-03,19,234273,90,105,263,Closed,High,Clean,False,13.2,Track 12,Inducted,458,0,0,2
2025-12-03,20,180694,72,8,339,Open,Low,Clean,False,0.0,Track 11,Maintenance,419,0,1,2
2025-12-03,21,106272,28,66,116,Closed,Medium,Clean,False,12.0,Track 6,Inducted,210,0,0,2
2025-12-03,22,159086,14,25,19,Closed,High,Clean,False,0.7,Track 1,Standby,58,0,0,2
2025-12-03,23,193981,61,70,194,Closed,High,Clean,False,8.1,Track 7,Inducted,325,0,0,2
2025-12-03,24,162830,55,129,78,Closed,Medium,Clean,False,1.1,Track 10,Standby,262,0,0,2
2025-12-03,25,109940,88,142,263,Closed,Low,Clean,False,1.5,Track 12,Standby,493,0,0,2
2025-12-04,1,171276,15,137,312,Closed,Low,Clean,False,1.2,Track 6,Standby,464,0,0,3
2025-12-04,2,142367,38,152,319,Closed,Low,Scheduled,True,1.3,Track 7,Standby,509,0,0,3
2025-12-04,3,136380,70,69,18,Closed,Low,Clean,False,1.3,Track 10,Standby,157,0,0,3
2025-12-04,4,147435,29,144,237,Open,High,Clean,False,0.0,Track 10,Maintenance,410,0,1,3
2025-12-04,5,196945,79,135,43,Closed,Medium,Scheduled,True,1.0,Track 6,Standby,257,0,0,3
2025-12-04,6,236036,26,74,242,Closed,Medium,Clean,False,1.1,Track 9,Standby,342,0,0,3
2025-12-04,7,162259,78,163,228,Closed,High,Clean,False,10.9,Track 11,Inducted,469,0,0,3
2025-12-04,8,232132,65,38,35,Closed,High,Clean,False,0.6,Track 9,Standby,138,0,0,3
2025-12-04,9,220776,46,88,256,Closed,Medium,Scheduled,True,1.3,Track 10,Standby,390,0,0,3
2025-12-04,10,226316,58,123,340,Closed,High,Clean,False,1.0,Track 15,Standby,521,0,0,3
2025-12-04,11,199439,80,65,274,Closed,Low,Clean,False,11.1,Track 4,Inducted,419,0,0,3
2025-12-04,12,126207,59,58,322,Closed,Medium,Clean,False,1.1,Track 8,Standby,439,0,0,3
2025-12-04,13,175226,30,26,290,Open,Low,Clean,False,0.0,Track 1,Maintenance,346,0,1,3
2025-12-04,14,227954,35,104,344,Closed,Low,Clean,False,12.2,Track 2,Inducted,483,0,0,3
2025-12-04,15,90583,82,72,203,Closed,High,Clean,False,0.5,Track 5,Standby,357,0,0,3
2025-12-04,16,124871,60,152,118,Open,Medium,Clean,False,0.0,Track 9,Maintenance,330,0,1,3
2025-12-04,17,215105,81,152,51,Open,Medium,Clean,True,0.0,Track 10,Maintenance,284,0,1,3
2025-12-04,18,92334,48,124,325,Open,Medium,Clean,False,0.0,Track 6,Maintenance,497,0,1,3
2025-12-04,19,234577,89,104,262,Closed,High,Clean,False,10.1,Track 4,Inducted,455,0,0,3
2025-12-04,20,180694,71,7,338,Open,Low,Clean,True,0.0,Track 15,Maintenance,416,1,1,3
2025-12-04,21,106272,27,65,115,Open,Medium,Clean,False,0.0,Track 15,Maintenance,207,0,1,3
2025-12-04,22,159086,13,24,18,Open,High,Clean,False,0.0,Track 3,Maintenance,55,0,1,3
2025-12-04,23,194029,60,69,193,Closed,High,Clean,False,0.8,Track 5,Standby,322,0,0,3
2025-12-04,24,162830,54,128,77,Open,Medium,Clean,False,0.0,Track 10,Maintenance,259,0,1,3
2025-12-04,25,110439,87,141,262,Closed,Low,Clean,False,9.4,Track 2,Inducted,490,0,0,3
2025-12-05,1,171276,14,136,311,Open,Low,Clean,False,0.0,Track 11,Maintenance,461,0,1,4
2025-12-05,2,142911,37,151,318,Closed,Low,Clean,False,13.0,Track 7,Inducted,506,0,0,4
2025-12-05,3,136917,69,68,17,Closed,Low,Clean,False,8.3,Track 9,Inducted,154,0,0,4
2025-12-05,4,147439,28,143,236,Closed,High,Clean,False,0.9,Track 13,Standby,407,0,0,4
2025-12-05,5,197542,78,134,42,Closed,Medium,Clean,False,9.0,Track 6,Inducted,254,0,0,4
2025-12-05,6,236036,25,73,241,Open,Medium,Clean,False,0.0,Track 1,Maintenance,339,0,1,4
2025-12-05,7,162284,77,162,227,Closed,High,Clean,False,1.2,Track 10,Standby,466,0,0,4
2025-12-05,8,232168,64,37,34,Closed,High,Clean,False,1.4,Track 4,Standby,135,0,0,4
2025-12-05,9,220776,45,87,255,Open,Medium,Clean,False,0.0,Track 9,Maintenance,387,0,1,4
2025-12-05,10,226316,57,122,339,Open,High,Clean,False,0.0,Track 7,Maintenance,518,0,1,4
2025-12-05,11,199439,79,64,273,Closed,Low,Clean,False,0.8,Track 3,Standby,416,0,0,4
2025-12-05,12,126207,58,57,321,Open,Medium,Clean,False,0.0,Track 5,Maintenance,436,0,1,4
2025-12-05,13,175261,29,25,289,Closed,Low,Clean,False,1.1,Track 1,Standby,343,0,0,4
2025-12-05,14,228476,34,103,343,Closed,Low,Clean,False,8.2,Track 6,Inducted,480,0,0,4
2025-12-05,15,90885,81,71,202,Closed,High,Clean,False,8.3,Track 10,Inducted,354,0,0,4
2025-12-05,16,124871,59,151,117,Open,Medium,Clean,False,0.0,Track 10,Maintenance,327,0,1,4
2025-12-05,17,215149,80,151,50,Closed,Medium,Scheduled,True,0.6,Track 15,Standby,281,0,0,4
2025-12-05,18,92801,47,123,324,Closed,Medium,Clean,False,9.7,Track 5,Inducted,494,0,0,4
2025-12-05,19,234577,88,103,261,Open,High,Clean,False,0.0,Track 15,Maintenance,452,0,1,4
2025-12-05,20,180719,70,6,337,Closed,Low,Scheduled,True,1.1,Track 1,Standby,413,1,0,4
2025-12-05,21,106587,26,64,114,Closed,Medium,Clean,False,10.0,Track 7,Inducted,204,0,0,4
2025-12-05,22,159472,12,23,17,Closed,High,Clean,False,8.1,Track 10,Inducted,52,0,0,4
2025-12-05,23,194058,59,68,192,Closed,High,Clean,False,0.6,Track 10,Standby,319,0,0,4
2025-12-05,24,163342,53,127,76,Closed,Medium,Clean,False,12.3,Track 10,Inducted,256,0,0,4
2025-12-05,25,110951,86,140,261,Closed,Low,Clean,False,12.3,Track 13,Inducted,487,0,0,4
2025-12-06,1,171276,13,135,310,Open,Low,Clean,False,0.0,Track 7,Maintenance,458,0,1,5
2025-12-06,2,142911,36,150,317,Open,Low,Clean,False,0.0,Track 8,Maintenance,503,0,1,5
2025-12-06,3,137408,68,67,16,Closed,Low,Clean,False,8.1,Track 2,Inducted,151,0,0,5
2025-12-06,4,147470,27,142,235,Closed,High,Clean,False,1.2,Track 15,Standby,404,0,0,5
2025-12-06,5,197542,77,133,41,Open,Medium,Clean,False,0.0,Track 1,Maintenance,251,0,1,5
2025-12-06,6,236085,24,72,240,Closed,Medium,Clean,False,0.6,Track 13,Standby,336,0,0,5
2025-12-06,7,162284,76,161,226,Open,High,Clean,False,0.0,Track 6,Maintenance,463,0,1,5
2025-12-06,8,232174,63,36,33,Closed,High,Clean,False,1.2,Track 15,Standby,132,0,0,5
2025-12-06,9,220786,44,86,254,Closed,Medium,Clean,False,0.8,Track 11,Standby,384,0,0,5
2025-12-06,10,226844,56,121,338,Closed,High,Clean,False,13.5,Track 5,Inducted,515,0,0,5
2025-12-06,11,199934,78,63,272,Closed,Low,Clean,False,13.6,Track 12,Inducted,413,0,0,5
2025-12-06,12,126254,57,56,320,Closed,Medium,Clean,False,0.9,Track 9,Standby,433,0,0,5
2025-12-06,13,175261,28,24,288,Open,Low,Clean,False,0.0,Track 8,Maintenance,340,0,1,5
2025-12-06,14,228500,33,102,342,Closed,Low,Clean,False,0.8,Track 13,Standby,477,0,0,5
2025-12-06,15,90885,80,70,201,Open,High,Clean,False,0.0,Track 14,Maintenance,351,0,1,5
2025-12-06,16,124878,58,150,116,Closed,Medium,Clean,False,1.4,Track 7,Standby,324,0,0,5
2025-12-06,17,215561,79,150,49,Closed,Medium,Clean,False,10.9,Track 4,Inducted,278,0,0,5
2025-12-06,18,93103,46,122,323,Closed,Medium,Clean,False,10.4,Track 10,Inducted,491,0,0,5
2025-12-06,19,234959,87,102,260,Closed,High,Clean,False,12.3,Track 1,Inducted,449,0,0,5
2025-12-06,20,181286,69,5,336,Closed,Low,Clean,False,9.1,Track 3,Inducted,410,1,0,5
2025-12-06,21,106587,25,63,113,Open,Medium,Clean,False,0.0,Track 6,Maintenance,201,0,1,5
2025-12-06,22,159472,11,22,16,Open,High,Clean,False,0.0,Track 15,Maintenance,49,0,1,5
2025-12-06,23,194067,58,67,191,Closed,High,Clean,False,0.8,Track 4,Standby,316,0,0,5
2025-12-06,24,163357,52,126,75,Closed,Medium,Clean,False,1.0,Track 13,Standby,253,0,0,5
2025-12-06,25,110999,85,139,260,Closed,Low,Clean,False,0.9,Track 3,Standby,484,0,0,5
2025-12-07,1,171276,12,134,309,Open,Low,Clean,False,0.0,Track 1,Maintenance,455,0,1,6
2025-12-07,2,142911,35,149,316,Open,Low,Clean,False,0.0,Track 15,Maintenance,500,0,1,6
2025-12-07,3,138001,67,66,15,Closed,Low,Clean,False,8.6,Track 2,Inducted,148,0,0,6
2025-12-07,4,147470,26,141,234,Open,High,Clean,False,0.0,Track 11,Maintenance,401,0,1,6
2025-12-07,5,197979,76,132,40,Closed,Medium,Clean,False,9.6,Track 3,Inducted,248,0,0,6
2025-12-07,6,236643,23,71,239,Closed,Medium,Clean,False,9.1,Track 14,Inducted,333,0,0,6
2025-12-07,7,162325,75,160,225,Closed,High,Clean,False,0.7,Track 11,Standby,460,0,0,6
2025-12-07,8,232540,62,35,32,Closed,High,Clean,False,9.5,Track 6,Inducted,129,0,0,6
2025-12-07,9,220786,43,85,253,Open,Medium,Clean,False,0.0,Track 1,Maintenance,381,0,1,6
2025-12-07,10,226870,55,120,337,Closed,High,Clean,False,1.5,Track 4,Standby,512,0,0,6
2025-12-07,11,200404,77,62,271,Closed,Low,Clean,False,12.2,Track 3,Inducted,410,0,0,6
2025-12-07,12,126304,56,55,319,Closed,Medium,Clean,False,0.9,Track 1,Standby,430,0,0,6
2025-12-07,13,175262,27,23,287,Closed,Low,Clean,False,1.5,Track 5,Standby,337,0,0,6
2025-12-07,14,228500,32,101,341,Open,Low,Clean,False,0.0,Track 10,Maintenance,474,0,1,6
2025-12-07,15,90885,79,69,200,Open,High,Clean,False,0.0,Track 1,Maintenance,348,0,1,6
2025-12-07,16,124904,57,149,115,Closed,Medium,Clean,False,0.5,Track 2,Standby,321,0,0,6
2025-12-07,17,215561,78,149,48,Open,Medium,Clean,False,0.0,Track 8,Maintenance,275,0,1,6
2025-12-07,18,93103,45,121,322,Open,Medium,Clean,False,0.0,Track 4,Maintenance,488,0,1,6
2025-12-07,19,234998,86,101,259,Closed,High,Clean,False,1.4,Track 11,Standby,446,0,0,6
2025-12-07,20,181829,68,4,335,Closed,Low,Clean,False,9.2,Track 1,Inducted,407,1,0,6
2025-12-07,21,106619,24,62,112,Closed,Medium,Clean,False,1.2,Track 11,Standby,198,0,0,6
2025-12-07,22,159472,10,21,15,Open,High,Clean,False,0.0,Track 14,Maintenance,46,0,1,6
2025-12-07,23,194067,57,66,190,Open,High,Clean,False,0.0,Track 1,Maintenance,313,0,1,6
2025-12-07,24,163357,51,125,74,Open,Medium,Clean,False,0.0,Track 15,Maintenance,250,0,1,6
2025-12-07,25,110999,84,138,259,Open,Low,Clean,False,0.0,Track 4,Maintenance,481,0,1,6
2025-12-08,1,171870,11,133,308,Closed,Low,Clean,False,10.2,Track 5,Inducted,452,0,0,0
2025-12-08,2,143222,34,148,315,Closed,Low,Clean,False,8.1,Track 5,Inducted,497,0,0,0
2025-12-08,3,138343,66,65,14,Closed,Low,Clean,False,12.5,Track 11,Inducted,145,0,0,0
2025-12-08,4,147953,25,140,233,Closed,High,Clean,False,13.0,Track 2,Inducted,398,0,0,0
2025-12-08,5,198328,75,131,39,Closed,Medium,Clean,False,11.0,Track 2,Inducted,245,0,0,0
2025-12-08,6,236661,22,70,238,Closed,Medium,Clean,False,1.0,Track 1,Standby,330,0,0,0
2025-12-08,7,162352,74,159,224,Closed,High,Clean,False,1.3,Track 8,Standby,457,0,0,0
2025-12-08,8,232965,61,34,31,Closed,High,Clean,False,8.8,Track 12,Inducted,126,0,0,0
2025-12-08,9,221099,42,84,252,Closed,Medium,Clean,False,10.2,Track 14,Inducted,378,0,0,0
2025-12-08,10,226891,54,119,336,Closed,High,Clean,False,0.7,Track 7,Standby,509,0,0,0
2025-12-08,11,200942,76,61,270,Closed,Low,Clean,False,8.5,Track 8,Inducted,407,0,0,0
2025-12-08,12,126664,55,54,318,Closed,Medium,Clean,False,9.0,Track 2,Inducted,427,0,0,0
2025-12-08,13,175702,26,22,286,Closed,Low,Clean,False,12.5,Track 14,Inducted,334,0,0,0
2025-12-08,14,228534,31,100,340,Closed,Low,Clean,False,0.5,Track 14,Standby,471,0,0,0
2025-12-08,15,90903,78,68,199,Closed,High,Clean,False,0.8,Track 9,Standby,345,0,0,0
2025-12-08,16,124904,56,148,114,Open,Medium,Clean,False,0.0,Track 5,Maintenance,318,0,1,0
2025-12-08,17,215571,77,148,47,Closed,Medium,Clean,False,0.7,Track 15,Standby,272,0,0,0
2025-12-08,18,93103,44,120,321,Open,Medium,Clean,False,0.0,Track 4,Maintenance,485,0,1,0
2025-12-08,19,235305,85,100,258,Closed,High,Clean,False,11.3,Track 6,Inducted,443,0,0,0
2025-12-08,20,182215,67,3,334,Closed,Low,Clean,False,11.6,Track 1,Inducted,404,1,0,0
2025-12-08,21,106928,23,61,111,Closed,Medium,Clean,False,11.7,Track 6,Inducted,195,0,0,0
2025-12-08,22,159472,9,20,14,Open,High,Clean,False,0.0,Track 6,Maintenance,43,0,1,0
2025-12-08,23,194613,56,65,189,Closed,High,Clean,False,10.2,Track 4,Inducted,310,0,0,0
2025-12-08,24,163395,50,124,73,Closed,Medium,Clean,False,0.9,Track 11,Standby,247,0,0,0
2025-12-08,25,111000,83,137,258,Closed,Low,Clean,False,0.6,Track 14,Standby,478,0,0,0
2025-12-09,1,172395,10,132,307,Closed,Low,Clean,False,10.6,Track 1,Inducted,449,0,0,1
2025-12-09,2,143222,33,147,314,Open,Low,Clean,False,0.0,Track 3,Maintenance,494,0,1,1
2025-12-09,3,138348,65,64,13,Closed,Low,Clean,False,1.2,Track 2,Standby,142,0,0,1
2025-12-09,4,148385,24,139,232,Closed,High,Clean,False,8.7,Track 13,Inducted,395,0,0,1
2025-12-09,5,198857,74,130,38,Closed,Medium,Clean,False,12.2,Track 9,Inducted,242,0,0,1
2025-12-09,6,237168,21,69,237,Closed,Medium,Clean,False,10.9,Track 15,Inducted,327,0,0,1
2025-12-09,7,162790,73,158,223,Closed,High,Clean,False,8.1,Track 13,Inducted,454,0,0,1
2025-12-09,8,232965,60,33,30,Open,High,Clean,False,0.0,Track 2,Maintenance,123,0,1,1
2025-12-09,9,221104,41,83,251,Closed,Medium,Clean,False,1.4,Track 9,Standby,375,0,0,1
2025-12-09,10,227444,53,118,335,Closed,High,Clean,False,9.3,Track 7,Inducted,506,0,0,1
2025-12-09,11,200988,75,60,269,Closed,Low,Clean,False,1.4,Track 7,Standby,404,0,0,1
2025-12-09,12,126701,54,53,317,Closed,Medium,Clean,False,0.7,Track 2,Standby,424,0,0,1
2025-12-09,13,176275,25,21,285,Closed,Low,Clean,False,13.0,Track 4,Inducted,331,0,0,1
2025-12-09,14,228534,30,99,339,Open,Low,Clean,False,0.0,Track 4,Maintenance,468,0,1,1
2025-12-09,15,90943,77,67,198,Closed,High,Clean,False,1.1,Track 2,Standby,342,0,0,1
2025-12-09,16,124919,55,147,113,Closed,Medium,Clean,False,0.5,Track 11,Standby,315,0,0,1
2025-12-09,17,216165,76,147,46,Closed,Medium,Clean,False,11.8,Track 10,Inducted,269,0,0,1
2025-12-09,18,93642,43,119,320,Closed,Medium,Clean,False,11.6,Track 5,Inducted,482,0,0,1
2025-12-09,19,235312,84,99,257,Closed,High,Clean,False,1.3,Track 7,Standby,440,0,0,1
2025-12-09,20,182709,66,2,333,Closed,Low,Clean,False,10.0,Track 9,Inducted,401,1,0,1
2025-12-09,21,106928,22,60,110,Open,Medium,Clean,False,0.0,Track 3,Maintenance,192,0,1,1
2025-12-09,22,159502,8,19,13,Closed,High,Clean,False,1.2,Track 4,Standby,40,0,0,1
2025-12-09,23,195077,55,64,188,Closed,High,Clean,False,10.0,Track 10,Inducted,307,0,0,1
2025-12-09,24,163395,49,123,72,Open,Medium,Clean,False,0.0,Track 6,Maintenance,244,0,1,1
2025-12-09,25,111000,82,136,257,Open,Low,Clean,False,0.0,Track 7,Maintenance,475,0,1,1
2025-12-10,1,172730,9,131,306,Closed,Low,Clean,False,10.7,Track 9,Inducted,446,0,0,2
2025-12-10,2,143802,32,146,313,Closed,Low,Clean,False,10.6,Track 10,Inducted,491,0,0,2
2025-12-10,3,138773,64,63,12,Closed,Low,Clean,False,10.8,Track 14,Inducted,139,0,0,2
2025-12-10,4,148416,23,138,231,Closed,High,Clean,True,1.1,Track 2,Standby,392,0,0,2
2025-12-10,5,198871,73,129,37,Closed,Medium,Clean,False,1.1,Track 5,Standby,239,0,0,2
2025-12-10,6,237577,20,68,236,Closed,Medium,Clean,False,11.5,Track 3,Inducted,324,0,0,2
2025-12-10,7,163124,72,157,222,Closed,High,Clean,False,13.6,Track 11,Inducted,451,0,0,2
2025-12-10,8,233357,59,32,29,Closed,High,Clean,False,11.1,Track 10,Inducted,120,0,0,2
2025-12-10,9,221111,40,82,250,Closed,Medium,Clean,False,1.2,Track 8,Standby,372,0,0,2
2025-12-10,10,227758,52,117,334,Closed,High,Clean,False,14.0,Track 12,Inducted,503,0,0,2
2025-12-10,11,201005,74,59,268,Closed,Low,Clean,False,1.3,Track 10,Standby,401,0,0,2
2025-12-10,12,127046,53,52,316,Closed,Medium,Clean,False,11.8,Track 8,Inducted,421,0,0,2
2025-12-10,13,176679,24,20,284,Closed,Low,Clean,False,12.3,Track 2,Inducted,328,0,0,2
2025-12-10,14,228540,29,98,338,Closed,Low,Clean,False,1.3,Track 2,Standby,465,0,0,2
2025-12-10,15,90990,76,66,197,Closed,High,Scheduled,True,0.6,Track 8,Standby,339,0,0,2
2025-12-10,16,125489,54,146,112,Closed,Medium,Clean,False,9.1,Track 8,Inducted,312,0,0,2
2025-12-10,17,216726,75,146,45,Closed,Medium,Clean,False,9.2,Track 7,Inducted,266,0,0,2
2025-12-10,18,93642,42,118,319,Open,Medium,Clean,False,0.0,Track 8,Maintenance,479,0,1,2
2025-12-10,19,235326,83,98,256,Closed,High,Clean,False,1.2,Track 8,Standby,437,0,0,2
2025-12-10,20,183011,65,1,332,Closed,Low,Clean,False,11.3,Track 5,Inducted,398,1,0,2
2025-12-10,21,107268,21,59,109,Closed,Medium,Clean,False,13.1,Track 14,Inducted,189,0,0,2
2025-12-10,22,159502,7,18,12,Open,High,Clean,False,0.0,Track 11,Maintenance,37,1,1,2
2025-12-10,23,195113,54,63,187,Closed,High,Clean,False,1.4,Track 11,Standby,304,0,0,2
2025-12-10,24,163990,48,122,71,Closed,Medium,Clean,False,13.8,Track 11,Inducted,241,0,0,2
2025-12-10,25,111009,81,135,256,Closed,Low,Clean,False,0.7,Track 13,Standby,472,0,0,2
2025-12-11,1,172778,8,130,305,Closed,Low,Clean,False,1.2,Track 2,Standby,443,0,0,3
2025-12-11,2,143802,31,145,312,Open,Low,Clean,False,0.0,Track 14,Maintenance,488,0,1,3
2025-12-11,3,139312,63,62,11,Closed,Low,Clean,False,12.1,Track 1,Inducted,136,0,0,3
2025-12-11,4,148416,22,137,230,Open,High,Scheduled,True,0.0,Track 11,Maintenance,389,0,1,3
2025-12-11,5,198871,72,128,36,Open,Medium,Clean,False,0.0,Track 13,Maintenance,236,0,1,3
2025-12-11,6,237614,19,67,235,Closed,Medium,Clean,False,1.3,Track 4,Standby,321,0,0,3
2025-12-11,7,163124,71,156,221,Open,High,Clean,False,0.0,Track 7,Maintenance,448,0,1,3
2025-12-11,8,233391,58,31,28,Closed,High,Clean,False,1.3,Track 4,Standby,117,0,0,3
2025-12-11,9,221136,39,81,249,Closed,Medium,Clean,False,0.7,Track 3,Standby,369,0,0,3
2025-12-11,10,228281,51,116,333,Closed,High,Clean,False,8.9,Track 9,Inducted,500,0,0,3
2025-12-11,11,201399,73,58,267,Closed,Low,Clean,False,9.0,Track 2,Inducted,398,0,0,3
2025-12-11,12,127503,52,51,315,Closed,Medium,Clean,False,12.7,Track 9,Inducted,418,0,0,3
2025-12-11,13,176679,23,19,283,Open,Low,Clean,False,0.0,Track 1,Maintenance,325,0,1,3
2025-12-11,14,229127,28,97,337,Closed,Low,Clean,False,12.9,Track 15,Inducted,462,0,0,3
2025-12-11,15,91025,75,65,196,Closed,High,Clean,False,1.1,Track 2,Standby,336,0,0,3
2025-12-11,16,125882,53,145,111,Closed,Medium,Clean,False,10.7,Track 3,Inducted,309,0,0,3
2025-12-11,17,216728,74,145,44,Closed,Medium,Clean,False,1.3,Track 15,Standby,263,0,0,3
2025-12-11,18,93642,41,117,318,Open,Medium,Clean,False,0.0,Track 15,Maintenance,476,0,1,3
2025-12-11,19,235666,82,97,255,Closed,High,Clean,False,10.9,Track 8,Inducted,434,0,0,3
2025-12-11,20,183552,64,180,331,Closed,Low,Clean,False,11.3,Track 7,Inducted,575,0,0,3
2025-12-11,21,107711,20,58,108,Closed,Medium,Clean,False,8.4,Track 12,Inducted,186,0,0,3
2025-12-11,22,159541,6,17,11,Closed,High,Clean,False,0.7,Track 8,Standby,34,1,0,3
2025-12-11,23,195113,53,62,186,Open,High,Clean,False,0.0,Track 2,Maintenance,301,0,1,3
2025-12-11,24,164012,47,121,70,Closed,Medium,Clean,False,1.1,Track 15,Standby,238,0,0,3
2025-12-11,25,111009,80,134,255,Open,Low,Clean,False,0.0,Track 5,Maintenance,469,0,1,3
2025-12-12,1,173317,7,129,304,Closed,Low,Clean,False,11.0,Track 13,Inducted,440,1,0,4
2025-12-12,2,143802,30,144,311,Open,Low,Clean,False,0.0,Track 15,Maintenance,485,0,1,4
2025-12-12,3,139758,62,61,10,Closed,Low,Clean,False,9.1,Track 10,Inducted,133,0,0,4
2025-12-12,4,148773,21,136,229,Closed,High,Clean,True,13.3,Track 15,Inducted,386,0,0,4
2025-12-12,5,198904,71,127,35,Closed,Medium,Clean,False,0.6,Track 11,Standby,233,0,0,4
2025-12-12,6,237614,18,66,234,Open,Medium,Clean,False,0.0,Track 2,Maintenance,318,0,1,4
2025-12-12,7,163482,70,155,220,Closed,High,Clean,False,10.2,Track 7,Inducted,445,0,0,4
2025-12-12,8,233419,57,30,27,Closed,High,Clean,False,0.5,Track 8,Standby,114,0,0,4
2025-12-12,9,221136,38,80,248,Open,Medium,Clean,False,0.0,Track 10,Maintenance,366,0,1,4
2025-12-12,10,228811,50,115,332,Closed,High,Clean,False,13.4,Track 14,Inducted,497,0,0,4
2025-12-12,11,201425,72,57,266,Closed,Low,Clean,False,0.6,Track 9,Standby,395,0,0,4
2025-12-12,12,127503,51,50,314,Open,Medium,Clean,False,0.0,Track 9,Maintenance,415,0,1,4
2025-12-12,13,177237,22,18,282,Closed,Low,Clean,False,8.3,Track 12,Inducted,322,0,0,4
2025-12-12,14,229546,27,96,336,Closed,Low,Clean,False,9.8,Track 12,Inducted,459,0,0,4
2025-12-12,15,91066,74,64,195,Closed,High,Clean,False,1.0,Track 7,Standby,333,0,0,4
2025-12-12,16,125882,52,144,110,Open,Medium,Clean,False,0.0,Track 14,Maintenance,306,0,1,4
2025-12-12,17,216728,73,144,43,Open,Medium,Clean,False,0.0,Track 12,Maintenance,260,0,1,4
2025-12-12,18,93677,40,116,317,Closed,Medium,Clean,False,1.0,Track 10,Standby,473,0,0,4
2025-12-12,19,235696,81,96,254,Closed,High,Clean,False,1.0,Track 3,Standby,431,0,0,4
2025-12-12,20,183868,63,179,330,Closed,Low,Clean,False,13.0,Track 1,Inducted,572,0,0,4
2025-12-12,21,108237,19,57,107,Closed,Medium,Clean,False,11.5,Track 6,Inducted,183,0,0,4
2025-12-12,22,160005,5,16,10,Closed,High,Clean,False,12.9,Track 3,Inducted,31,1,0,4
2025-12-12,23,195658,52,61,185,Closed,High,Clean,False,11.9,Track 12,Inducted,298,0,0,4
2025-12-12,24,164430,46,120,69,Closed,Medium,Clean,False,11.5,Track 11,Inducted,235,0,0,4
2025-12-12,25,111526,79,133,254,Closed,Low,Clean,False,8.2,Track 10,Inducted,466,0,0,4
2025-12-13,1,173328,6,128,303,Closed,Low,Clean,False,1.2,Track 7,Standby,437,1,0,5
2025-12-13,2,144371,29,143,310,Closed,Low,Clean,False,12.5,Track 12,Inducted,482,0,0,5
2025-12-13,3,139758,61,60,9,Open,Low,Clean,False,0.0,Track 7,Maintenance,130,0,1,5
2025-12-13,4,148777,20,135,228,Closed,High,Scheduled,True,1.0,Track 13,Standby,383,0,0,5
2025-12-13,5,199220,70,126,34,Closed,Medium,Clean,False,13.7,Track 1,Inducted,230,0,0,5
2025-12-13,6,237614,17,65,233,Closed,Medium,Clean,False,0.9,Track 2,Standby,315,0,0,5
2025-12-13,7,163482,69,154,219,Open,High,Clean,False,0.0,Track 9,Maintenance,442,0,1,5
2025-12-13,8,233984,56,29,26,Closed,High,Clean,False,13.0,Track 8,Inducted,111,0,0,5
2025-12-13,9,221680,37,79,247,Closed,Medium,Clean,False,10.3,Track 5,Inducted,363,0,0,5
2025-12-13,10,228811,49,114,331,Open,High,Clean,False,0.0,Track 13,Maintenance,494,0,1,5
2025-12-13,11,201425,71,56,265,Open,Low,Clean,False,0.0,Track 4,Maintenance,392,0,1,5
2025-12-13,12,128048,50,49,313,Closed,Medium,Clean,False,11.1,Track 14,Inducted,412,0,0,5
2025-12-13,13,177246,21,17,281,Closed,Low,Clean,False,1.5,Track 8,Standby,319,0,0,5
2025-12-13,14,229546,26,95,335,Open,Low,Clean,False,0.0,Track 14,Maintenance,456,0,1,5
2025-12-13,15,91114,73,63,194,Closed,High,Clean,False,0.7,Track 7,Standby,330,0,0,5
2025-12-13,16,125882,51,143,109,Open,Medium,Clean,False,0.0,Track 1,Maintenance,303,0,1,5
2025-12-13,17,216774,72,143,42,Closed,Medium,Clean,False,1.2,Track 12,Standby,257,0,0,5
2025-12-13,18,93677,39,115,316,Open,Medium,Clean,False,0.0,Track 11,Maintenance,470,0,1,5
2025-12-13,19,235696,80,95,253,Open,High,Scheduled,True,0.0,Track 14,Maintenance,428,0,1,5
2025-12-13,20,184356,62,178,329,Closed,Low,Clean,False,12.3,Track 11,Inducted,569,0,0,5
2025-12-13,21,108237,18,56,106,Open,Medium,Clean,False,0.0,Track 10,Maintenance,180,0,1,5
2025-12-13,22,160029,4,15,9,Closed,High,Clean,False,0.9,Track 11,Standby,28,1,0,5
2025-12-13,23,195688,51,60,184,Closed,High,Clean,False,0.7,Track 15,Standby,295,0,0,5
2025-12-13,24,164965,45,119,68,Closed,Medium,Clean,False,8.2,Track 12,Inducted,232,0,0,5
2025-12-13,25,112126,78,132,253,Closed,Low,Clean,False,11.8,Track 2,Inducted,463,0,0,5
2025-12-14,1,173354,5,127,302,Closed,Low,Clean,False,0.7,Track 6,Standby,434,1,0,6
2025-12-14,2,144802,28,142,309,Closed,Low,Clean,False,10.7,Track 9,Inducted,479,0,0,6
2025-12-14,3,139758,60,59,8,Open,Low,Clean,False,0.0,Track 4,Maintenance,127,0,1,6
2025-12-14,4,149107,19,134,227,Closed,High,Clean,False,10.1,Track 1,Inducted,380,0,0,6
2025-12-14,5,199247,69,125,33,Closed,Medium,Clean,False,0.9,Track 5,Standby,227,0,0,6
2025-12-14,6,237664,16,64,232,Closed,Medium,Clean,False,0.7,Track 4,Standby,312,0,0,6
2025-12-14,7,163966,68,153,218,Closed,High,Clean,False,10.8,Track 11,Inducted,439,0,0,6
2025-12-14,8,233984,55,28,25,Open,High,Clean,False,0.0,Track 13,Maintenance,108,0,1,6
2025-12-14,9,221696,36,78,246,Closed,Medium,Clean,False,0.8,Track 1,Standby,360,0,0,6
2025-12-14,10,228811,48,113,330,Open,High,Clean,False,0.0,Track 9,Maintenance,491,0,1,6
2025-12-14,11,201425,70,55,264,Open,Low,Clean,False,0.0,Track 13,Maintenance,389,0,1,6
2025-12-14,12,128539,49,48,312,Closed,Medium,Clean,False,12.8,Track 10,Inducted,409,0,0,6
2025-12-14,13,177293,20,16,280,Closed,Low,Clean,False,1.0,Track 14,Standby,316,0,0,6
2025-12-14,14,229570,25,94,334,Closed,Low,Clean,False,1.0,Track 6,Standby,453,0,0,6
2025-12-14,15,91114,72,62,193,Open,High,Clean,False,0.0,Track 12,Maintenance,327,0,1,6
2025-12-14,16,125913,50,142,108,Closed,Medium,Clean,False,0.7,Track 6,Standby,300,0,0,6
2025-12-14,17,217196,71,142,41,Closed,Medium,Clean,False,9.6,Track 8,Inducted,254,0,0,6
2025-12-14,18,94200,38,114,315,Closed,Medium,Clean,True,11.2,Track 7,Inducted,467,0,0,6
2025-12-14,19,235708,79,94,252,Closed,High,Scheduled,True,0.6,Track 11,Standby,425,0,0,6
2025-12-14,20,184358,61,177,328,Closed,Low,Clean,False,0.6,Track 11,Standby,566,0,0,6
2025-12-14,21,108676,17,55,105,Closed,Medium,Clean,False,12.9,Track 4,Inducted,177,0,0,6
2025-12-14,22,160335,3,14,8,Closed,High,Clean,False,9.3,Track 2,Inducted,25,1,0,6
2025-12-14,23,196185,50,59,183,Closed,High,Clean,False,11.1,Track 1,Inducted,292,0,0,6
2025-12-14,24,164980,44,118,67,Closed,Medium,Clean,False,1.1,Track 14,Standby,229,0,0,6
2025-12-14,25,112624,77,131,252,Closed,Low,Clean,False,8.7,Track 13,Inducted,460,0,0,6
2025-12-15,1,173364,4,126,301,Closed,Low,Scheduled,True,1.2,Track 4,Standby,431,1,0,0
2025-12-15,2,144823,27,141,308,Closed,Low,Clean,False,0.8,Track 8,Standby,476,0,0,0
2025-12-15,3,139806,59,58,7,Closed,Low,Clean,False,1.4,Track 10,Standby,124,1,0,0
2025-12-15,4,149107,18,133,226,Open,High,Clean,False,0.0,Track 10,Maintenance,377,0,1,0
2025-12-15,5,199279,68,124,32,Closed,Medium,Clean,False,0.6,Track 12,Standby,224,0,0,0
2025-12-15,6,237674,15,63,231,Closed,Medium,Clean,False,1.1,Track 8,Standby,309,0,0,0
2025-12-15,7,163982,67,152,217,Closed,High,Clean,False,1.3,Track 2,Standby,436,0,0,0
2025-12-15,8,234317,54,27,24,Closed,High,Clean,False,10.0,Track 4,Inducted,105,0,0,0
2025-12-15,9,222229,35,77,245,Closed,Medium,Clean,False,9.3,Track 11,Inducted,357,0,0,0
2025-12-15,10,228811,47,112,329,Open,High,Clean,False,0.0,Track 6,Maintenance,488,0,1,0
2025-12-15,11,201425,69,54,263,Open,Low,Clean,False,0.0,Track 2,Maintenance,386,0,1,0
2025-12-15,12,128546,48,47,311,Closed,Medium,Clean,False,0.7,Track 7,Standby,406,0,0,0
2025-12-15,13,177343,19,15,279,Closed,Low,Clean,False,1.5,Track 10,Standby,313,0,0,0
2025-12-15,14,229570,24,93,333,Open,Low,Clean,False,0.0,Track 9,Maintenance,450,0,1,0
2025-12-15,15,91128,71,61,192,Closed,High,Clean,False,1.2,Track 7,Standby,324,0,0,0
2025-12-15,16,125936,49,141,107,Closed,Medium,Clean,False,1.4,Track 1,Standby,297,0,0,0
2025-12-15,17,217233,70,141,40,Closed,Medium,Clean,False,1.4,Track 13,Standby,251,0,0,0
2025-12-15,18,94233,37,113,314,Closed,Medium,Scheduled,True,0.9,Track 2,Standby,464,0,0,0
2025-12-15,19,236053,78,93,251,Closed,High,Clean,False,9.0,Track 12,Inducted,422,0,0,0
2025-12-15,20,184947,60,176,327,Closed,Low,Clean,False,9.8,Track 4,Inducted,563,0,0,0
2025-12-15,21,108690,16,54,104,Closed,Medium,Scheduled,True,0.6,Track 11,Standby,174,0,0,0
2025-12-15,22,160352,2,13,7,Closed,High,Clean,False,0.9,Track 1,Standby,22,1,0,0
2025-12-15,23,196687,49,58,182,Closed,High,Clean,False,13.6,Track 3,Inducted,289,0,0,0
2025-12-15,24,165026,43,117,66,Closed,Medium,Clean,False,1.3,Track 2,Standby,226,0,0,0
2025-12-15,25,112632,76,130,251,Closed,Low,Clean,False,1.3,Track 3,Standby,457,0,0,0
2025-12-16,1,173832,3,125,300,Closed,Low,Clean,False,12.0,Track 12,Inducted,428,1,0,1
2025-12-16,2,144823,26,140,307,Open,Low,Clean,False,0.0,Track 1,Maintenance,473,0,1,1
2025-12-16,3,140124,58,57,6,Closed,Low,Clean,False,11.3,Track 8,Inducted,121,1,0,1
2025-12-16,4,149107,17,132,225,Open,High,Clean,False,0.0,Track 2,Maintenance,374,0,1,1
2025-12-16,5,199279,67,123,31,Open,Medium,Clean,False,0.0,Track 8,Maintenance,221,0,1,1
2025-12-16,6,237719,14,62,230,Closed,Medium,Clean,False,1.5,Track 5,Standby,306,0,0,1
2025-12-16,7,164031,66,151,216,Closed,High,Clean,False,1.4,Track 12,Standby,433,0,0,1
2025-12-16,8,234909,53,26,23,Closed,High,Clean,False,10.2,Track 7,Inducted,102,0,0,1
2025-12-16,9,222709,34,76,244,Closed,Medium,Clean,False,13.5,Track 11,Inducted,354,0,0,1
2025-12-16,10,228815,46,111,328,Closed,High,Clean,False,0.6,Track 1,Standby,485,0,0,1
2025-12-16,11,201425,68,53,262,Open,Low,Clean,False,0.0,Track 6,Maintenance,383,0,1,1
2025-12-16,12,128552,47,46,310,Closed,Medium,Clean,False,0.6,Track 7,Standby,403,0,0,1
2025-12-16,13,177933,18,14,278,Closed,Low,Clean,False,10.3,Track 2,Inducted,310,0,0,1
2025-12-16,14,229588,23,92,332,Closed,Low,Clean,False,1.1,Track 1,Standby,447,0,0,1
2025-12-16,15,91644,70,60,191,Closed,High,Clean,False,10.4,Track 11,Inducted,321,0,0,1
2025-12-16,16,126313,48,140,106,Closed,Medium,Clean,False,13.5,Track 3,Inducted,294,0,0,1
2025-12-16,17,217276,69,140,39,Closed,Medium,Clean,False,1.4,Track 1,Standby,248,0,0,1
2025-12-16,18,94282,36,112,313,Closed,Medium,Clean,False,0.7,Track 14,Standby,461,0,0,1
2025-12-16,19,236645,77,92,250,Closed,High,Clean,False,13.5,Track 9,Inducted,419,0,0,1
2025-12-16,20,184962,59,175,326,Closed,Low,Clean,False,0.7,Track 12,Standby,560,0,0,1
2025-12-16,21,108736,15,53,103,Closed,Medium,Clean,False,0.6,Track 3,Standby,171,0,0,1
2025-12-16,22,160730,1,12,6,Closed,High,Clean,False,13.3,Track 8,Inducted,19,1,0,1
2025-12-16,23,196707,48,57,181,Closed,High,Clean,False,1.5,Track 1,Standby,286,0,0,1
2025-12-16,24,165371,42,116,65,Closed,Medium,Clean,False,8.2,Track 15,Inducted,223,0,0,1
2025-12-16,25,112638,75,129,250,Closed,Low,Clean,False,1.4,Track 14,Standby,454,0,0,1
2025-12-17,1,173868,2,124,299,Closed,Low,Clean,False,1.1,Track 7,Standby,425,1,0,2
2025-12-17,2,144823,25,139,306,Open,Low,Clean,False,0.0,Track 13,Maintenance,470,0,1,2
2025-12-17,3,140701,57,56,5,Closed,Low,Clean,True,9.7,Track 13,Inducted,118,1,0,2
2025-12-17,4,149107,16,131,224,Open,High,Clean,False,0.0,Track 6,Maintenance,371,0,1,2
2025-12-17,5,199624,66,122,30,Closed,Medium,Clean,False,11.5,Track 1,Inducted,218,0,0,2
2025-12-17,6,237735,13,61,229,Closed,Medium,Clean,False,1.1,Track 6,Standby,303,0,0,2
2025-12-17,7,164516,65,150,215,Closed,High,Clean,False,9.3,Track 2,Inducted,430,0,0,2
2025-12-17,8,235311,52,25,22,Closed,High,Clean,False,12.7,Track 4,Inducted,99,0,0,2
2025-12-17,9,222710,33,75,243,Closed,Medium,Clean,False,1.0,Track 11,Standby,351,0,0,2
2025-12-17,10,228815,45,110,327,Open,High,Clean,False,0.0,Track 7,Maintenance,482,0,1,2
2025-12-17,11,201932,67,52,261,Closed,Low,Clean,False,11.7,Track 6,Inducted,380,0,0,2
2025-12-17,12,129112,46,45,309,Closed,Medium,Clean,False,10.3,Track 9,Inducted,400,0,0,2
2025-12-17,13,178286,17,13,277,Closed,Low,Clean,False,9.8,Track 4,Inducted,307,0,0,2
2025-12-17,14,229588,22,91,331,Open,Low,Clean,False,0.0,Track 12,Maintenance,444,0,1,2
2025-12-17,15,92050,69,59,190,Closed,High,Clean,False,10.6,Track 1,Inducted,318,0,0,2
2025-12-17,16,126796,47,139,105,Closed,Medium,Clean,False,8.2,Track 6,Inducted,291,0,0,2
2025-12-17,17,217276,68,139,38,Open,Medium,Clean,False,0.0,Track 6,Maintenance,245,0,1,2
2025-12-17,18,94296,35,111,312,Closed,Medium,Clean,False,0.6,Track 4,Standby,458,0,0,2
2025-12-17,19,236648,76,91,249,Closed,High,Clean,False,1.4,Track 7,Standby,416,0,0,2
2025-12-17,20,184962,58,174,325,Open,Low,Clean,False,0.0,Track 11,Maintenance,557,0,1,2
2025-12-17,21,108757,14,52,102,Closed,Medium,Clean,False,1.2,Track 14,Standby,168,0,0,2
2025-12-17,22,160771,90,11,5,Closed,High,Clean,False,0.7,Track 10,Standby,106,1,0,2
2025-12-17,23,197023,47,56,180,Closed,High,Clean,False,10.9,Track 1,Inducted,283,0,0,2
2025-12-17,24,165371,41,115,64,Open,Medium,Clean,False,0.0,Track 13,Maintenance,220,0,1,2
2025-12-17,25,113232,74,128,249,Closed,Low,Clean,False,13.7,Track 1,Inducted,451,0,0,2
2025-12-18,1,173868,1,123,298,Open,Low,Clean,False,0.0,Track 1,Maintenance,422,1,1,3
2025-12-18,2,144853,24,138,305,Closed,Low,Clean,False,1.3,Track 10,Standby,467,0,0,3
2025-12-18,3,140712,56,55,4,Closed,Low,Scheduled,True,0.7,Track 7,Standby,115,1,0,3
2025-12-18,4,149114,15,130,223,Closed,High,Clean,False,1.2,Track 7,Standby,368,0,0,3
2025-12-18,5,199624,65,121,29,Open,Medium,Clean,False,0.0,Track 6,Maintenance,215,0,1,3
2025-12-18,6,238135,12,60,228,Closed,Medium,Clean,False,9.5,Track 1,Inducted,300,0,0,3
2025-12-18,7,164970,64,149,214,Closed,High,Clean,False,12.6,Track 6,Inducted,427,0,0,3
2025-12-18,8,235352,51,24,21,Closed,High,Clean,False,1.2,Track 13,Standby,96,0,0,3
2025-12-18,9,222743,32,74,242,Closed,Medium,Clean,False,1.3,Track 5,Standby,348,0,0,3
2025-12-18,10,228833,44,109,326,Closed,High,Clean,False,1.4,Track 15,Standby,479,0,0,3
2025-12-18,11,201932,66,51,260,Open,Low,Clean,False,0.0,Track 14,Maintenance,377,0,1,3
2025-12-18,12,129119,45,44,308,Closed,Medium,Clean,False,1.2,Track 3,Standby,397,0,0,3
2025-12-18,13,178311,16,12,276,Closed,Low,Clean,False,1.1,Track 4,Standby,304,0,0,3
2025-12-18,14,229630,21,90,330,Closed,Low,Clean,False,0.8,Track 14,Standby,441,0,0,3
2025-12-18,15,92485,68,58,189,Closed,High,Clean,False,10.7,Track 4,Inducted,315,0,0,3
2025-12-18,16,127287,46,138,104,Closed,Medium,Clean,False,11.4,Track 15,Inducted,288,0,0,3
2025-12-18,17,217297,67,138,37,Closed,Medium,Clean,False,1.0,Track 1,Standby,242,0,0,3
2025-12-18,18,94825,34,110,311,Closed,Medium,Clean,False,8.5,Track 11,Inducted,455,0,0,3
2025-12-18,19,236650,75,90,248,Closed,High,Clean,False,1.1,Track 8,Standby,413,0,0,3
2025-12-18,20,185001,57,173,324,Closed,Low,Clean,False,1.2,Track 4,Standby,554,0,0,3
2025-12-18,21,109329,13,51,101,Closed,Medium,Clean,False,9.1,Track 13,Inducted,165,0,0,3
2025-12-18,22,161151,89,10,4,Closed,High,Clean,False,14.0,Track 13,Inducted,103,1,0,3
2025-12-18,23,197055,46,55,179,Closed,High,Clean,False,1.5,Track 2,Standby,280,0,0,3
2025-12-18,24,165418,40,114,63,Closed,Medium,Clean,False,0.9,Track 4,Standby,217,0,0,3
2025-12-18,25,113260,73,127,248,Closed,Low,Scheduled,True,1.5,Track 14,Standby,448,0,0,3
2025-12-19,1,173906,90,122,297,Closed,Low,Clean,False,1.4,Track 4,Standby,509,0,0,4
2025-12-19,2,144853,23,137,304,Open,Low,Clean,False,0.0,Track 3,Maintenance,464,0,1,4
2025-12-19,3,140755,55,54,3,Closed,Low,Clean,False,1.3,Track 9,Standby,112,1,0,4
2025-12-19,4,149690,14,129,222,Closed,High,Clean,False,12.8,Track 12,Inducted,365,0,0,4
2025-12-19,5,199624,64,120,28,Open,Medium,Clean,False,0.0,Track 14,Maintenance,212,0,1,4
2025-12-19,6,238135,11,59,227,Open,Medium,Clean,False,0.0,Track 6,Maintenance,297,0,1,4
2025-12-19,7,165464,63,148,213,Closed,High,Clean,False,10.1,Track 3,Inducted,424,0,0,4
2025-12-19,8,235755,50,23,20,Closed,High,Clean,False,8.6,Track 1,Inducted,93,0,0,4
2025-12-19,9,222785,31,73,241,Closed,Medium,Clean,False,0.8,Track 9,Standby,345,0,0,4
2025-12-19,10,228833,43,108,325,Open,High,Clean,False,0.0,Track 3,Maintenance,476,0,1,4
2025-12-19,11,202423,65,50,259,Closed,Low,Clean,False,12.3,Track 5,Inducted,374,0,0,4
2025-12-19,12,129529,44,43,307,Closed,Medium,Clean,False,10.2,Track 5,Inducted,394,0,0,4
2025-12-19,13,178645,15,11,275,Closed,Low,Clean,False,8.8,Track 8,Inducted,301,0,0,4
2025-12-19,14,229653,20,89,329,Closed,Low,Clean,False,1.2,Track 11,Standby,438,0,0,4
2025-12-19,15,92485,67,57,188,Open,High,Clean,False,0.0,Track 10,Maintenance,312,0,1,4
2025-12-19,16,127887,45,137,103,Closed,Medium,Clean,False,9.8,Track 15,Inducted,285,0,0,4
2025-12-19,17,217314,66,137,36,Closed,Medium,Clean,False,1.2,Track 9,Standby,239,0,0,4
2025-12-19,18,94828,33,109,310,Closed,Medium,Clean,False,1.3,Track 14,Standby,452,0,0,4
2025-12-19,19,236992,74,89,247,Closed,High,Clean,False,9.0,Track 14,Inducted,410,0,0,4
2025-12-19,20,185493,56,172,323,Closed,Low,Clean,False,9.1,Track 6,Inducted,551,0,0,4
2025-12-19,21,109338,12,50,100,Closed,Medium,Clean,False,0.8,Track 11,Standby,162,0,0,4
2025-12-19,22,161496,88,9,3,Closed,High,Clean,False,9.1,Track 9,Inducted,100,1,0,4
2025-12-19,23,197055,45,54,178,Open,High,Clean,False,0.0,Track 4,Maintenance,277,0,1,4
2025-12-19,24,165418,39,113,62,Open,Medium,Clean,False,0.0,Track 9,Maintenance,214,0,1,4
2025-12-19,25,113306,72,126,247,Closed,Low,Clean,False,1.2,Track 4,Standby,445,0,0,4
2025-12-20,1,174378,89,121,296,Closed,Low,Clean,False,13.4,Track 13,Inducted,506,0,0,5
2025-12-20,2,144853,22,136,303,Open,Low,Clean,False,0.0,Track 10,Maintenance,461,0,1,5
2025-12-20,3,141190,54,53,2,Closed,Low,Clean,False,13.4,Track 3,Inducted,109,1,0,5
2025-12-20,4,150115,13,128,221,Closed,High,Clean,False,13.9,Track 13,Inducted,362,0,0,5
2025-12-20,5,199635,63,119,27,Closed,Medium,Clean,False,0.8,Track 2,Standby,209,0,0,5
2025-12-20,6,238150,10,58,226,Closed,Medium,Clean,False,1.0,Track 5,Standby,294,0,0,5
2025-12-20,7,165995,62,147,212,Closed,High,Clean,False,12.6,Track 4,Inducted,421,0,0,5
2025-12-20,8,236265,49,22,19,Closed,High,Clean,False,12.2,Track 10,Inducted,90,0,0,5
2025-12-20,9,222785,30,72,240,Closed,Medium,Clean,False,1.4,Track 11,Standby,342,0,0,5
2025-12-20,10,229423,42,107,324,Closed,High,Clean,False,9.6,Track 9,Inducted,473,0,0,5
2025-12-20,11,202883,64,49,258,Closed,Low,Clean,False,11.3,Track 1,Inducted,371,0,0,5
2025-12-20,12,129573,43,42,306,Closed,Medium,Clean,False,0.8,Track 2,Standby,391,0,0,5
2025-12-20,13,179006,14,10,274,Closed,Low,Clean,False,10.3,Track 5,Inducted,298,0,0,5
2025-12-20,14,229661,19,88,328,Closed,Low,Clean,False,0.8,Track 9,Standby,435,0,0,5
2025-12-20,15,92956,66,56,187,Closed,High,Clean,False,12.3,Track 8,Inducted,309,0,0,5
2025-12-20,16,127887,44,136,102,Open,Medium,Clean,False,0.0,Track 13,Maintenance,282,0,1,5
2025-12-20,17,217699,65,136,35,Closed,Medium,Clean,False,9.7,Track 12,Inducted,236,0,0,5
2025-12-20,18,94865,32,108,309,Closed,Medium,Clean,False,1.4,Track 2,Standby,449,0,0,5
2025-12-20,19,236992,73,88,246,Closed,High,Clean,False,0.9,Track 15,Standby,407,0,0,5
2025-12-20,20,186072,55,171,322,Closed,Low,Clean,False,13.2,Track 5,Inducted,548,0,0,5
2025-12-20,21,109338,11,49,99,Open,Medium,Clean,False,0.0,Track 1,Maintenance,159,0,1,5
2025-12-20,22,161509,87,8,2,Closed,High,Clean,False,0.5,Track 10,Standby,97,1,0,5
2025-12-20,23,197430,44,53,177,Closed,High,Clean,False,10.3,Track 7,Inducted,274,0,0,5
2025-12-20,24,165430,38,112,61,Closed,Medium,Clean,False,1.4,Track 12,Standby,211,0,0,5
2025-12-20,25,113306,71,125,246,Open,Low,Clean,False,0.0,Track 1,Maintenance,442,0,1,5
2025-12-21,1,174413,88,120,295,Closed,Low,Clean,False,0.6,Track 2,Standby,503,0,0,6
2025-12-21,2,145281,21,135,302,Closed,Low,Clean,False,11.9,Track 8,Inducted,458,0,0,6
2025-12-21,3,141534,53,52,1,Closed,Low,Clean,False,9.2,Track 3,Inducted,106,1,0,6
2025-12-21,4,150139,12,127,220,Closed,High,Clean,False,0.6,Track 13,Standby,359,0,0,6
2025-12-21,5,199657,62,118,26,Closed,Medium,Clean,False,1.1,Track 5,Standby,206,0,0,6
2025-12-21,6,238647,9,57,225,Closed,Medium,Clean,False,9.6,Track 5,Inducted,291,0,0,6
2025-12-21,7,166008,61,146,211,Closed,High,Clean,False,1.5,Track 9,Standby,418,0,0,6
2025-12-21,8,236265,48,21,18,Open,High,Clean,False,0.0,Track 11,Maintenance,87,0,1,6
2025-12-21,9,223115,29,71,239,Closed,Medium,Clean,False,13.7,Track 14,Inducted,339,0,0,6
2025-12-21,10,229423,41,106,323,Open,High,Clean,False,0.0,Track 14,Maintenance,470,0,1,6
2025-12-21,11,203404,63,48,257,Closed,Low,Clean,False,13.8,Track 6,Inducted,368,0,0,6
2025-12-21,12,130038,42,41,305,Closed,Medium,Clean,False,13.0,Track 11,Inducted,388,0,0,6
2025-12-21,13,179006,13,9,273,Open,Low,Clean,False,0.0,Track 13,Maintenance,295,0,1,6
2025-12-21,14,230138,18,87,327,Closed,Low,Clean,False,12.0,Track 2,Inducted,432,0,0,6
2025-12-21,15,92957,65,55,186,Closed,High,Clean,False,1.2,Track 13,Standby,306,0,0,6
2025-12-21,16,127887,43,135,101,Open,Medium,Clean,False,0.0,Track 14,Maintenance,279,0,1,6
2025-12-21,17,217741,64,135,34,Closed,Medium,Clean,False,0.6,Track 14,Standby,233,0,0,6
2025-12-21,18,95252,31,107,308,Closed,Medium,Clean,False,11.7,Track 9,Inducted,446,0,0,6
2025-12-21,19,237461,72,87,245,Closed,High,Clean,False,9.3,Track 8,Inducted,404,0,0,6
2025-12-21,20,186617,54,170,321,Closed,Low,Clean,False,12.8,Track 14,Inducted,545,0,0,6
2025-12-21,21,109772,10,48,98,Closed,Medium,Clean,False,8.1,Track 1,Inducted,156,0,0,6
2025-12-21,22,161832,86,7,1,Closed,High,Clean,False,9.1,Track 11,Inducted,94,1,0,6
2025-12-21,23,197460,43,52,176,Closed,High,Scheduled,True,0.9,Track 8,Standby,271,0,0,6
2025-12-21,24,165450,37,111,60,Closed,Medium,Clean,False,0.6,Track 2,Standby,208,0,0,6
2025-12-21,25,113788,70,124,245,Closed,Low,Clean,False,8.5,Track 6,Inducted,439,0,0,6
2025-12-22,1,174445,87,119,294,Closed,Low,Clean,False,0.7,Track 12,Standby,500,0,0,0
2025-12-22,2,145286,20,134,301,Closed,Low,Clean,False,0.7,Track 13,Standby,455,0,0,0
2025-12-22,3,141568,52,51,365,Closed,Low,Clean,False,0.5,Track 4,Standby,468,0,0,0
2025-12-22,4,150607,11,126,219,Closed,High,Clean,False,11.8,Track 4,Inducted,356,0,0,0
2025-12-22,5,200089,61,117,25,Closed,Medium,Clean,False,12.6,Track 8,Inducted,203,0,0,0
2025-12-22,6,239235,8,56,224,Closed,Medium,Clean,False,13.6,Track 4,Inducted,288,0,0,0
2025-12-22,7,166030,60,145,210,Closed,High,Clean,False,0.6,Track 2,Standby,415,0,0,0
2025-12-22,8,236709,47,20,17,Closed,High,Clean,False,9.2,Track 10,Inducted,84,0,0,0
2025-12-22,9,223115,28,70,238,Open,Medium,Clean,False,0.0,Track 6,Maintenance,336,0,1,0
2025-12-22,10,229423,40,105,322,Open,High,Clean,False,0.0,Track 5,Maintenance,467,0,1,0
2025-12-22,11,203424,62,47,256,Closed,Low,Clean,False,1.3,Track 6,Standby,365,0,0,0
2025-12-22,12,130445,41,40,304,Closed,Medium,Clean,False,13.5,Track 8,Inducted,385,0,0,0
2025-12-22,13,179006,12,8,272,Open,Low,Clean,False,0.0,Track 3,Maintenance,292,0,1,0
2025-12-22,14,230600,17,86,326,Closed,Low,Clean,False,8.3,Track 2,Inducted,429,0,0,0
2025-12-22,15,93539,64,54,185,Closed,High,Clean,False,13.3,Track 9,Inducted,303,0,0,0
2025-12-22,16,127887,42,134,100,Open,Medium,Clean,True,0.0,Track 1,Maintenance,276,0,1,0
2025-12-22,17,218243,63,134,33,Closed,Medium,Clean,False,8.1,Track 9,Inducted,230,0,0,0
2025-12-22,18,95668,30,106,307,Closed,Medium,Clean,False,8.3,Track 6,Inducted,443,0,0,0
2025-12-22,19,237500,71,86,244,Closed,High,Clean,False,1.4,Track 11,Standby,401,0,0,0
2025-12-22,20,186663,53,169,320,Closed,Low,Clean,False,0.7,Track 15,Standby,542,0,0,0
2025-12-22,21,109786,9,47,97,Closed,Medium,Clean,False,0.6,Track 6,Standby,153,0,0,0
2025-12-22,22,162292,85,6,365,Closed,High,Clean,False,12.1,Track 4,Inducted,456,1,0,0
2025-12-22,23,197460,42,51,175,Open,High,Clean,False,0.0,Track 8,Maintenance,268,0,1,0
2025-12-22,24,165458,36,110,59,Closed,Medium,Clean,False,1.0,Track 14,Standby,205,0,0,0
2025-12-22,25,113788,69,123,244,Open,Low,Clean,False,0.0,Track 3,Maintenance,436,0,1,0
2025-12-23,1,174445,86,118,293,Open,Low,Clean,False,0.0,Track 1,Maintenance,497,0,1,1
2025-12-23,2,145296,19,133,300,Closed,Low,Clean,False,0.6,Track 6,Standby,452,0,0,1
2025-12-23,3,141604,51,50,364,Closed,Low,Clean,False,1.3,Track 15,Standby,465,0,0,1
2025-12-23,4,150607,10,125,218,Open,High,Clean,False,0.0,Track 7,Maintenance,353,0,1,1
2025-12-23,5,200089,60,116,24,Open,Medium,Clean,False,0.0,Track 1,Maintenance,200,0,1,1
2025-12-23,6,239263,7,55,223,Closed,Medium,Clean,False,1.2,Track 13,Standby,285,1,0,1
2025-12-23,7,166030,59,144,209,Open,High,Clean,False,0.0,Track 2,Maintenance,412,0,1,1
2025-12-23,8,236739,46,19,16,Closed,High,Clean,False,1.4,Track 3,Standby,81,0,0,1
2025-12-23,9,223682,27,69,237,Closed,Medium,Clean,False,12.2,Track 14,Inducted,333,0,0,1
2025-12-23,10,229423,39,104,321,Open,High,Clean,False,0.0,Track 13,Maintenance,464,0,1,1
2025-12-23,11,203459,61,46,255,Closed,Low,Clean,False,0.9,Track 13,Standby,362,0,0,1
2025-12-23,12,130455,40,39,303,Closed,Medium,Clean,False,0.6,Track 11,Standby,382,0,0,1
2025-12-23,13,179403,11,7,271,Closed,Low,Clean,False,13.7,Track 11,Inducted,289,1,0,1
2025-12-23,14,230618,16,85,325,Closed,Low,Scheduled,True,1.3,Track 3,Standby,426,0,0,1
2025-12-23,15,93539,63,53,184,Open,High,Clean,False,0.0,Track 4,Maintenance,300,0,1,1
2025-12-23,16,127887,41,133,99,Open,Medium,Scheduled,True,0.0,Track 15,Maintenance,273,0,1,1
2025-12-23,17,218772,62,133,32,Closed,Medium,Clean,False,10.4,Track 2,Inducted,227,0,0,1
2025-12-23,18,95668,29,105,306,Open,Medium,Clean,False,0.0,Track 1,Maintenance,440,0,1,1
2025-12-23,19,237500,70,85,243,Open,High,Clean,False,0.0,Track 10,Maintenance,398,0,1,1
2025-12-23,20,186993,52,168,319,Closed,Low,Clean,False,9.8,Track 13,Inducted,539,0,0,1
2025-12-23,21,110101,8,46,96,Closed,Medium,Clean,False,8.6,Track 11,Inducted,150,0,0,1
2025-12-23,22,162292,84,5,364,Open,High,Clean,False,0.0,Track 6,Maintenance,453,1,1,1
2025-12-23,23,197505,41,50,174,Closed,High,Clean,False,1.0,Track 3,Standby,265,0,0,1
2025-12-23,24,165470,35,109,58,Closed,Medium,Clean,True,0.6,Track 2,Standby,202,0,0,1
2025-12-23,25,113788,68,122,243,Open,Low,Clean,False,0.0,Track 15,Maintenance,433,0,1,1
2025-12-24,1,174493,85,117,292,Closed,Low,Clean,False,0.9,Track 5,Standby,494,0,0,2
2025-12-24,2,145296,18,132,299,Open,Low,Clean,False,0.0,Track 1,Maintenance,449,0,1,2
2025-12-24,3,142021,50,49,363,Closed,Low,Clean,False,12.3,Track 9,Inducted,462,0,0,2
2025-12-24,4,150936,9,124,217,Closed,High,Clean,False,11.8,Track 7,Inducted,350,0,0,2
2025-12-24,5,200089,59,115,23,Closed,Medium,Clean,False,0.8,Track 5,Standby,197,0,0,2
2025-12-24,6,239263,6,54,222,Open,Medium,Clean,False,0.0,Track 9,Maintenance,282,1,1,2
2025-12-24,7,166030,58,143,208,Open,High,Clean,False,0.0,Track 1,Maintenance,409,0,1,2
2025-12-24,8,236739,45,18,15,Open,High,Clean,False,0.0,Track 13,Maintenance,78,0,1,2
2025-12-24,9,223697,26,68,236,Closed,Medium,Clean,False,1.1,Track 10,Standby,330,0,0,2
2025-12-24,10,229446,38,103,320,Closed,High,Clean,False,0.8,Track 12,Standby,461,0,0,2
2025-12-24,11,203459,60,45,254,Open,Low,Clean,False,0.0,Track 10,Maintenance,359,0,1,2
2025-12-24,12,130835,39,38,302,Closed,Medium,Clean,False,10.7,Track 7,Inducted,379,0,0,2
2025-12-24,13,179433,10,6,270,Closed,Low,Clean,False,0.9,Track 11,Standby,286,1,0,2
2025-12-24,14,230658,15,84,324,Closed,Low,Clean,False,0.8,Track 10,Standby,423,0,0,2
2025-12-24,15,94023,62,52,183,Closed,High,Clean,False,12.5,Track 13,Inducted,297,0,0,2
2025-12-24,16,127897,40,132,98,Closed,Medium,Scheduled,True,1.1,Track 14,Standby,270,0,0,2
2025-12-24,17,218809,61,132,31,Closed,Medium,Clean,False,0.7,Track 11,Standby,224,0,0,2
2025-12-24,18,96185,28,104,305,Closed,Medium,Clean,False,9.4,Track 13,Inducted,437,0,0,2
2025-12-24,19,237934,69,84,242,Closed,High,Clean,False,9.3,Track 2,Inducted,395,0,0,2
2025-12-24,20,186993,51,167,318,Open,Low,Clean,False,0.0,Track 8,Maintenance,536,0,1,2
2025-12-24,21,110624,7,45,95,Closed,Medium,Clean,False,10.8,Track 1,Inducted,147,1,0,2
2025-12-24,22,162800,83,4,363,Closed,High,Clean,False,12.1,Track 6,Inducted,450,1,0,2
2025-12-24,23,197522,40,49,173,Closed,High,Clean,False,1.4,Track 3,Standby,262,0,0,2
2025-12-24,24,165512,34,108,57,Closed,Medium,Scheduled,True,0.9,Track 7,Standby,199,0,0,2
2025-12-24,25,113788,67,121,242,Open,Low,Clean,False,0.0,Track 13,Maintenance,430,0,1,2
2025-12-25,1,174493,84,116,291,Open,Low,Clean,False,0.0,Track 2,Maintenance,491,0,1,3
2025-12-25,2,145696,17,131,298,Closed,Low,Clean,False,13.6,Track 12,Inducted,446,0,0,3
2025-12-25,3,142056,49,48,362,Closed,Low,Clean,False,1.1,Track 11,Standby,459,0,0,3
2025-12-25,4,151323,8,123,216,Closed,High,Clean,False,10.7,Track 2,Inducted,347,0,0,3
2025-12-25,5,200640,58,114,22,Closed,Medium,Clean,False,12.7,Track 9,Inducted,194,0,0,3
2025-12-25,6,239263,5,53,221,Open,Medium,Clean,False,0.0,Track 2,Maintenance,279,1,1,3
2025-12-25,7,166045,57,142,207,Closed,High,Scheduled,True,1.0,Track 10,Standby,406,0,0,3
2025-12-25,8,236739,44,17,14,Open,High,Clean,False,0.0,Track 6,Maintenance,75,0,1,3
2025-12-25,9,224207,25,67,235,Closed,Medium,Clean,False,13.8,Track 1,Inducted,327,0,0,3
2025-12-25,10,229894,37,102,319,Closed,High,Clean,False,8.1,Track 12,Inducted,458,0,0,3
2025-12-25,11,204002,59,44,253,Closed,Low,Clean,False,13.9,Track 4,Inducted,356,0,0,3
2025-12-25,12,130835,38,37,301,Open,Medium,Clean,False,0.0,Track 8,Maintenance,376,0,1,3
2025-12-25,13,179454,9,5,269,Closed,Low,Clean,False,0.9,Track 13,Standby,283,1,0,3
2025-12-25,14,230707,14,83,323,Closed,Low,Clean,False,0.6,Track 8,Standby,420,0,0,3
2025-12-25,15,94334,61,51,182,Closed,High,Clean,False,12.8,Track 10,Inducted,294,0,0,3
2025-12-25,16,127915,39,131,97,Closed,Medium,Clean,False,1.5,Track 12,Standby,267,0,0,3
2025-12-25,17,218842,60,131,30,Closed,Medium,Clean,False,1.1,Track 7,Standby,221,0,0,3
2025-12-25,18,96723,27,103,304,Closed,Medium,Clean,False,11.6,Track 7,Inducted,434,0,0,3
2025-12-25,19,237950,68,83,241,Closed,High,Clean,False,0.7,Track 9,Standby,392,0,0,3
2025-12-25,20,187029,50,166,317,Closed,Low,Clean,False,0.5,Track 13,Standby,533,0,0,3
2025-12-25,21,111019,6,44,94,Closed,Medium,Clean,False,11.8,Track 4,Inducted,144,1,0,3
2025-12-25,22,162810,82,3,362,Closed,High,Clean,False,0.8,Track 11,Standby,447,1,0,3
2025-12-25,23,197536,39,48,172,Closed,High,Clean,False,1.2,Track 1,Standby,259,0,0,3
2025-12-25,24,165512,33,107,56,Open,Medium,Clean,False,0.0,Track 8,Maintenance,196,0,1,3
2025-12-25,25,113795,66,120,241,Closed,Low,Clean,False,1.4,Track 6,Standby,427,0,0,3
2025-12-26,1,174523,83,115,290,Closed,Low,Clean,False,1.3,Track 11,Standby,488,0,0,4
2025-12-26,2,145726,16,130,297,Closed,Low,Clean,False,1.5,Track 11,Standby,443,0,0,4
2025-12-26,3,142056,48,47,361,Open,Low,Clean,False,0.0,Track 1,Maintenance,456,0,1,4
2025-12-26,4,151901,7,122,215,Closed,High,Clean,False,9.0,Track 15,Inducted,344,1,0,4
2025-12-26,5,201194,57,113,21,Closed,Medium,Clean,False,10.1,Track 10,Inducted,191,0,0,4
2025-12-26,6,239274,4,52,220,Closed,Medium,Clean,False,0.5,Track 6,Standby,276,1,0,4
2025-12-26,7,166082,56,141,206,Closed,High,Clean,False,0.8,Track 13,Standby,403,0,0,4
2025-12-26,8,236779,43,16,13,Closed,High,Clean,False,0.9,Track 4,Standby,72,0,0,4
2025-12-26,9,224235,24,66,234,Closed,Medium,Clean,False,0.9,Track 10,Standby,324,0,0,4
2025-12-26,10,229896,36,101,318,Closed,High,Scheduled,True,1.2,Track 4,Standby,455,0,0,4
2025-12-26,11,204002,58,43,252,Open,Low,Clean,False,0.0,Track 12,Maintenance,353,0,1,4
2025-12-26,12,130835,37,36,300,Open,Medium,Clean,False,0.0,Track 7,Maintenance,373,0,1,4
2025-12-26,13,179469,8,4,268,Closed,Low,Clean,False,0.5,Track 4,Standby,280,1,0,4
2025-12-26,14,230711,13,82,322,Closed,Low,Clean,False,0.7,Track 3,Standby,417,0,0,4
2025-12-26,15,94876,60,50,181,Closed,High,Clean,False,10.1,Track 2,Inducted,291,0,0,4
2025-12-26,16,127926,38,130,96,Closed,Medium,Clean,False,1.5,Track 13,Standby,264,0,0,4
2025-12-26,17,219408,59,130,29,Closed,Medium,Clean,False,13.0,Track 8,Inducted,218,0,0,4
2025-12-26,18,96735,26,102,303,Closed,Medium,Clean,False,1.4,Track 13,Standby,431,0,0,4
2025-12-26,19,237957,67,82,240,Closed,High,Clean,False,1.5,Track 15,Standby,389,0,0,4
2025-12-26,20,187071,49,165,316,Closed,Low,Clean,False,0.6,Track 8,Standby,530,0,0,4
2025-12-26,21,111061,5,43,93,Closed,Medium,Clean,False,0.5,Track 1,Standby,141,1,0,4
2025-12-26,22,162857,81,2,361,Closed,High,Scheduled,True,0.7,Track 8,Standby,444,1,0,4
2025-12-26,23,198060,38,47,171,Closed,High,Clean,False,13.3,Track 7,Inducted,256,0,0,4
2025-12-26,24,165822,32,106,55,Closed,Medium,Clean,False,8.5,Track 11,Inducted,193,0,0,4
2025-12-26,25,113837,65,119,240,Closed,Low,Clean,False,1.4,Track 4,Standby,424,0,0,4
2025-12-27,1,175036,82,114,289,Closed,Low,Clean,False,9.0,Track 11,Inducted,485,0,0,5
2025-12-27,2,145760,15,129,296,Closed,Low,Clean,False,0.6,Track 9,Standby,440,0,0,5
2025-12-27,3,142060,47,46,360,Closed,Low,Clean,False,0.9,Track 13,Standby,453,0,0,5
2025-12-27,4,151901,6,121,214,Open,High,Clean,False,0.0,Track 4,Maintenance,341,1,1,5
2025-12-27,5,201194,56,112,20,Open,Medium,Clean,False,0.0,Track 10,Maintenance,188,0,1,5
2025-12-27,6,239309,3,51,219,Closed,Medium,Clean,False,0.7,Track 7,Standby,273,1,0,5
2025-12-27,7,166641,55,140,205,Closed,High,Clean,False,13.8,Track 4,Inducted,400,0,0,5
2025-12-27,8,237259,42,15,12,Closed,High,Clean,False,13.9,Track 15,Inducted,69,0,0,5
2025-12-27,9,224664,23,65,233,Closed,Medium,Clean,False,12.5,Track 6,Inducted,321,0,0,5
2025-12-27,10,229896,35,100,317,Open,High,Clean,False,0.0,Track 3,Maintenance,452,0,1,5
2025-12-27,11,204527,57,42,251,Closed,Low,Clean,False,9.0,Track 15,Inducted,350,0,0,5
2025-12-27,12,131295,36,35,299,Closed,Medium,Clean,False,10.9,Track 15,Inducted,370,0,0,5
2025-12-27,13,179991,7,3,267,Closed,Low,Clean,False,8.4,Track 12,Inducted,277,1,0,5
2025-12-27,14,230711,12,81,321,Open,Low,Clean,False,0.0,Track 4,Maintenance,414,0,1,5
2025-12-27,15,95302,59,49,180,Closed,High,Clean,False,9.9,Track 4,Inducted,288,0,0,5
2025-12-27,16,128318,37,129,95,Closed,Medium,Clean,False,10.3,Track 14,Inducted,261,0,0,5
2025-12-27,17,219958,58,129,28,Closed,Medium,Clean,False,13.2,Track 13,Inducted,215,0,0,5
2025-12-27,18,96735,25,101,302,Open,Medium,Clean,False,0.0,Track 4,Maintenance,428,0,1,5
2025-12-27,19,237996,66,81,239,Closed,High,Clean,False,0.6,Track 2,Standby,386,0,0,5
2025-12-27,20,187114,48,164,315,Closed,Low,Clean,False,0.5,Track 8,Standby,527,0,0,5
2025-12-27,21,111440,4,42,92,Closed,Medium,Clean,False,13.0,Track 4,Inducted,138,1,0,5
2025-12-27,22,163199,80,1,360,Closed,High,Clean,False,9.8,Track 1,Inducted,441,1,0,5
2025-12-27,23,198060,37,46,170,Open,High,Clean,False,0.0,Track 2,Maintenance,253,0,1,5
2025-12-27,24,165822,31,105,54,Open,Medium,Clean,False,0.0,Track 12,Maintenance,190,0,1,5
2025-12-27,25,113855,64,118,239,Closed,Low,Clean,False,0.9,Track 9,Standby,421,0,0,5
2025-12-28,1,175040,81,113,288,Closed,Low,Clean,False,0.5,Track 5,Standby,482,0,0,6
2025-12-28,2,146137,14,128,295,Closed,Low,Clean,False,8.9,Track 14,Inducted,437,0,0,6
2025-12-28,3,142060,46,45,359,Open,Low,Clean,False,0.0,Track 6,Maintenance,450,0,1,6
2025-12-28,4,151901,5,120,213,Open,High,Clean,False,0.0,Track 3,Maintenance,338,1,1,6
2025-12-28,5,201194,55,111,19,Open,Medium,Clean,False,0.0,Track 2,Maintenance,185,0,1,6
2025-12-28,6,239309,2,50,218,Open,Medium,Clean,False,0.0,Track 14,Maintenance,270,1,1,6
2025-12-28,7,167019,54,139,204,Closed,High,Clean,False,11.9,Track 10,Inducted,397,0,0,6
2025-12-28,8,237652,41,14,11,Closed,High,Clean,False,10.1,Track 11,Inducted,66,0,0,6
2025-12-28,9,224699,22,64,232,Closed,Medium,Clean,False,1.2,Track 4,Standby,318,0,0,6
2025-12-28,10,230335,34,99,316,Closed,High,Clean,False,13.0,Track 5,Inducted,449,0,0,6
2025-12-28,11,204861,56,41,250,Closed,Low,Clean,False,11.4,Track 6,Inducted,347,0,0,6
2025-12-28,12,131313,35,34,298,Closed,Medium,Clean,False,1.2,Track 3,Standby,367,0,0,6
2025-12-28,13,179993,6,2,266,Closed,Low,Clean,False,0.6,Track 3,Standby,274,1,0,6
2025-12-28,14,230755,11,80,320,Closed,Low,Clean,False,0.8,Track 7,Standby,411,0,0,6
2025-12-28,15,95881,58,48,179,Closed,High,Clean,False,14.0,Track 11,Inducted,285,0,0,6
2025-12-28,16,128340,36,128,94,Closed,Medium,Clean,False,1.3,Track 7,Standby,258,0,0,6
2025-12-28,17,219958,57,128,27,Open,Medium,Clean,False,0.0,Track 2,Maintenance,212,0,1,6
2025-12-28,18,96735,24,100,301,Open,Medium,Clean,False,0.0,Track 8,Maintenance,425,0,1,6
2025-12-28,19,238576,65,80,238,Closed,High,Clean,False,10.2,Track 13,Inducted,383,0,0,6
2025-12-28,20,187559,47,163,314,Closed,Low,Clean,False,14.0,Track 2,Inducted,524,0,0,6
2025-12-28,21,111981,3,41,91,Closed,Medium,Clean,False,8.4,Track 12,Inducted,135,1,0,6
2025-12-28,22,163199,79,180,359,Open,High,Clean,False,0.0,Track 7,Maintenance,618,0,1,6
2025-12-28,23,198607,36,45,169,Closed,High,Clean,False,12.2,Track 1,Inducted,250,0,0,6
2025-12-28,24,166187,30,104,53,Closed,Medium,Clean,False,8.4,Track 11,Inducted,187,0,0,6
2025-12-28,25,114268,63,117,238,Closed,Low,Clean,False,9.2,Track 8,Inducted,418,0,0,6
2025-12-29,1,175040,80,112,287,Open,Low,Clean,False,0.0,Track 4,Maintenance,479,0,1,0
2025-12-29,2,146470,13,127,294,Closed,Low,Clean,False,13.2,Track 1,Inducted,434,0,0,0
2025-12-29,3,142107,45,44,358,Closed,Low,Clean,False,1.3,Track 12,Standby,447,0,0,0
2025-12-29,4,151901,4,119,212,Open,High,Clean,False,0.0,Track 15,Maintenance,335,1,1,0
2025-12-29,5,201584,54,110,18,Closed,Medium,Clean,False,11.9,Track 3,Inducted,182,0,0,0
2025-12-29,6,239849,1,49,217,Closed,Medium,Clean,False,9.5,Track 6,Inducted,267,1,0,0
2025-12-29,7,167539,53,138,203,Closed,High,Clean,False,10.3,Track 10,Inducted,394,0,0,0
2025-12-29,8,238065,40,13,10,Closed,High,Clean,False,10.3,Track 13,Inducted,63,0,0,0
2025-12-29,9,224726,21,63,231,Closed,Medium,Clean,False,1.5,Track 7,Standby,315,0,0,0
2025-12-29,10,230335,33,98,315,Open,High,Clean,False,0.0,Track 15,Maintenance,446,0,1,0
2025-12-29,11,204900,55,40,249,Closed,Low,Clean,False,1.5,Track 1,Standby,344,0,0,0
2025-12-29,12,131313,34,33,297,Open,Medium,Scheduled,True,0.0,Track 5,Maintenance,364,0,1,0
2025-12-29,13,179993,5,1,265,Open,Low,Clean,False,0.0,Track 5,Maintenance,271,1,1,0
2025-12-29,14,230766,10,79,319,Closed,Low,Clean,False,0.8,Track 12,Standby,408,0,0,0
2025-12-29,15,96309,57,47,178,Closed,High,Clean,False,13.9,Track 14,Inducted,282,0,0,0
2025-12-29,16,128644,35,127,93,Closed,Medium,Clean,False,12.5,Track 1,Inducted,255,0,0,0
2025-12-29,17,219958,56,127,26,Open,Medium,Clean,False,0.0,Track 13,Maintenance,209,0,1,0
2025-12-29,18,96735,23,99,300,Open,Medium,Clean,False,0.0,Track 14,Maintenance,422,0,1,0
2025-12-29,19,238603,64,79,237,Closed,High,Clean,False,1.1,Track 3,Standby,380,0,0,0
2025-12-29,20,188088,46,162,313,Closed,Low,Clean,False,13.8,Track 2,Inducted,521,0,0,0
2025-12-29,21,112383,2,40,90,Closed,Medium,Clean,False,8.1,Track 13,Inducted,132,1,0,0
2025-12-29,22,163202,78,179,358,Closed,High,Clean,False,0.8,Track 15,Standby,615,0,0,0
2025-12-29,23,198647,35,44,168,Closed,High,Clean,False,1.3,Track 1,Standby,247,0,0,0
2025-12-29,24,166681,29,103,52,Closed,Medium,Clean,False,12.8,Track 6,Inducted,184,0,0,0
2025-12-29,25,114284,62,116,237,Closed,Low,Clean,False,1.2,Track 8,Standby,415,0,0,0
2025-12-30,1,175079,79,111,286,Closed,Low,Clean,False,0.9,Track 3,Standby,476,0,0,1
2025-12-30,2,147020,12,126,293,Closed,Low,Clean,False,11.2,Track 1,Inducted,431,0,0,1
2025-12-30,3,142409,44,43,357,Closed,Low,Clean,False,13.2,Track 12,Inducted,444,0,0,1
2025-12-30,4,152450,3,118,211,Closed,High,Clean,False,12.9,Track 13,Inducted,332,1,0,1
2025-12-30,5,201607,53,109,17,Closed,Medium,Clean,False,1.3,Track 12,Standby,179,0,0,1
2025-12-30,6,239878,90,48,216,Closed,Medium,Clean,False,1.5,Track 4,Standby,354,0,0,1
2025-12-30,7,167572,52,137,202,Closed,High,Clean,False,0.7,Track 2,Standby,391,0,0,1
2025-12-30,8,238065,39,12,9,Open,High,Clean,False,0.0,Track 2,Maintenance,60,0,1,1
2025-12-30,9,224775,20,62,230,Closed,Medium,Clean,False,1.0,Track 9,Standby,312,0,0,1
2025-12-30,10,230357,32,97,314,Closed,High,Clean,False,1.2,Track 12,Standby,443,0,0,1
2025-12-30,11,204900,54,39,248,Open,Low,Clean,False,0.0,Track 14,Maintenance,341,0,1,1
2025-12-30,12,131864,33,32,296,Closed,Medium,Clean,True,10.7,Track 15,Inducted,361,0,0,1
2025-12-30,13,180467,4,180,264,Closed,Low,Clean,False,12.5,Track 5,Inducted,448,1,0,1
2025-12-30,14,230766,9,78,318,Open,Low,Clean,False,0.0,Track 4,Maintenance,405,0,1,1
2025-12-30,15,96816,56,46,177,Closed,High,Clean,False,10.5,Track 13,Inducted,279,0,0,1
2025-12-30,16,128644,34,126,92,Open,Medium,Clean,False,0.0,Track 7,Maintenance,252,0,1,1
2025-12-30,17,220329,55,126,25,Closed,Medium,Clean,False,9.0,Track 7,Inducted,206,0,0,1
2025-12-30,18,96750,22,98,299,Closed,Medium,Clean,False,0.7,Track 13,Standby,419,0,0,1
2025-12-30,19,238603,63,78,236,Open,High,Clean,False,0.0,Track 7,Maintenance,377,0,1,1
2025-12-30,20,188502,45,161,312,Closed,Low,Clean,False,9.8,Track 1,Inducted,518,0,0,1
2025-12-30,21,112897,1,39,89,Closed,Medium,Clean,False,11.0,Track 14,Inducted,129,1,0,1
2025-12-30,22,163680,77,178,357,Closed,High,Clean,False,11.8,Track 8,Inducted,612,0,0,1
2025-12-30,23,199071,34,43,167,Closed,High,Clean,False,11.7,Track 1,Inducted,244,0,0,1
2025-12-30,24,166681,28,102,51,Open,Medium,Clean,False,0.0,Track 8,Maintenance,181,0,1,1
2025-12-30,25,114670,61,115,236,Closed,Low,Clean,False,9.0,Track 12,Inducted,412,0,0,1
2025-12-31,1,175079,78,110,285,Open,Low,Clean,False,0.0,Track 11,Maintenance,473,0,1,2
2025-12-31,2,147402,11,125,292,Closed,Low,Clean,False,8.0,Track 5,Inducted,428,0,0,2
2025-12-31,3,142443,43,42,356,Closed,Low,Clean,False,1.1,Track 5,Standby,441,0,0,2
2025-12-31,4,152454,2,117,210,Closed,High,Clean,False,1.3,Track 5,Standby,329,1,0,2
2025-12-31,5,201932,52,108,16,Closed,Medium,Clean,False,13.2,Track 8,Inducted,176,0,0,2
2025-12-31,6,240229,89,47,215,Closed,Medium,Clean,False,9.1,Track 11,Inducted,351,0,0,2
2025-12-31,7,167572,51,136,201,Open,High,Clean,False,0.0,Track 3,Maintenance,388,0,1,2
2025-12-31,8,238065,38,11,8,Open,High,Clean,False,0.0,Track 13,Maintenance,57,0,1,2
2025-12-31,9,225325,19,61,229,Closed,Medium,Clean,False,12.9,Track 14,Inducted,309,0,0,2
2025-12-31,10,230771,31,96,313,Closed,High,Clean,False,11.2,Track 8,Inducted,440,0,0,2
2025-12-31,11,204944,53,38,247,Closed,Low,Clean,False,1.0,Track 3,Standby,338,0,0,2
2025-12-31,12,131872,32,31,295,Closed,Medium,Scheduled,True,1.1,Track 10,Standby,358,0,0,2
2025-12-31,13,180828,3,179,263,Closed,Low,Clean,False,13.4,Track 5,Inducted,445,1,0,2
2025-12-31,14,230804,8,77,317,Closed,Low,Clean,False,1.1,Track 3,Standby,402,0,0,2
2025-12-31,15,96829,55,45,176,Closed,High,Clean,False,0.7,Track 9,Standby,276,0,0,2
2025-12-31,16,129040,33,125,91,Closed,Medium,Clean,False,13.7,Track 15,Inducted,249,0,0,2
2025-12-31,17,220372,54,125,24,Closed,Medium,Clean,False,0.6,Track 15,Standby,203,0,0,2
2025-12-31,18,96768,21,97,298,Closed,Medium,Clean,False,1.2,Track 7,Standby,416,0,0,2
2025-12-31,19,238971,62,77,235,Closed,High,Clean,False,9.3,Track 10,Inducted,374,0,0,2
2025-12-31,20,188980,44,160,311,Closed,Low,Clean,False,11.9,Track 12,Inducted,515,0,0,2
2025-12-31,21,112937,90,38,88,Closed,Medium,Clean,False,1.2,Track 10,Standby,216,0,0,2
2025-12-31,22,164243,76,177,356,Closed,High,Clean,False,12.7,Track 15,Inducted,609,0,0,2
2025-12-31,23,199376,33,42,166,Closed,High,Clean,False,9.6,Track 6,Inducted,241,0,0,2
2025-12-31,24,166681,27,101,50,Open,Medium,Clean,False,0.0,Track 1,Maintenance,178,0,1,2
2025-12-31,25,114670,60,114,235,Open,Low,Clean,False,0.0,Track 1,Maintenance,409,0,1,2
2026-01-01,1,175642,77,109,284,Closed,Low,Clean,False,12.6,Track 10,Inducted,470,0,0,3
2026-01-01,2,147410,10,124,291,Closed,Low,Clean,False,0.8,Track 10,Standby,425,0,0,3
2026-01-01,3,142823,42,41,355,Closed,Low,Clean,False,11.1,Track 1,Inducted,438,0,0,3
2026-01-01,4,152907,1,116,209,Closed,High,Clean,False,8.7,Track 5,Inducted,326,1,0,3
2026-01-01,5,201938,51,107,15,Closed,Medium,Clean,False,0.8,Track 3,Standby,173,0,0,3
2026-01-01,6,240229,88,46,214,Open,Medium,Clean,False,0.0,Track 3,Maintenance,348,0,1,3
2026-01-01,7,168032,50,135,200,Closed,High,Clean,False,8.9,Track 10,Inducted,385,0,0,3
2026-01-01,8,238077,37,10,7,Closed,High,Scheduled,True,0.5,Track 15,Standby,54,1,0,3
2026-01-01,9,225325,18,60,228,Open,Medium,Clean,False,0.0,Track 13,Maintenance,306,0,1,3
2026-01-01,10,230796,30,95,312,Closed,High,Clean,False,1.3,Track 7,Standby,437,0,0,3
2026-01-01,11,204944,52,37,246,Open,Low,Clean,False,0.0,Track 12,Maintenance,335,0,1,3
2026-01-01,12,132436,31,30,294,Closed,Medium,Clean,False,13.2,Track 7,Inducted,355,0,0,3
2026-01-01,13,180859,2,178,262,Closed,Low,Scheduled,True,1.2,Track 4,Standby,442,1,0,3
2026-01-01,14,230844,7,76,316,Closed,Low,Clean,False,0.9,Track 14,Standby,399,1,0,3
2026-01-01,15,97413,54,44,175,Closed,High,Clean,False,13.7,Track 14,Inducted,273,0,0,3
2026-01-01,16,129066,32,124,90,Closed,Medium,Clean,False,1.4,Track 12,Standby,246,0,0,3
2026-01-01,17,220769,53,124,23,Closed,Medium,Clean,False,8.1,Track 7,Inducted,200,0,0,3
2026-01-01,18,96815,20,96,297,Closed,Medium,Clean,False,0.9,Track 8,Standby,413,0,0,3
2026-01-01,19,238998,61,76,234,Closed,High,Clean,False,1.5,Track 1,Standby,371,0,0,3
2026-01-01,20,189452,43,159,310,Closed,Low,Clean,False,12.7,Track 15,Inducted,512,0,0,3
2026-01-01,21,112937,89,37,87,Open,Medium,Clean,False,0.0,Track 3,Maintenance,213,0,1,3
2026-01-01,22,164243,75,176,355,Open,High,Clean,False,0.0,Track 12,Maintenance,606,0,1,3
2026-01-01,23,199821,32,41,165,Closed,High,Clean,False,9.5,Track 12,Inducted,238,0,0,3
2026-01-01,24,166682,26,100,49,Closed,Medium,Clean,False,0.9,Track 14,Standby,175,0,0,3
2026-01-01,25,114702,59,113,234,Closed,Low,Clean,False,1.4,Track 14,Standby,406,0,0,3
2026-01-02,1,175642,76,108,283,Open,Low,Clean,False,0.0,Track 2,Maintenance,467,0,1,4
2026-01-02,2,147939,9,123,290,Closed,Low,Clean,False,9.3,Track 3,Inducted,422,0,0,4
2026-01-02,3,142828,41,40,354,Closed,Low,Clean,False,0.9,Track 10,Standby,435,0,0,4
2026-01-02,4,152945,90,115,208,Closed,High,Clean,False,1.0,Track 14,Standby,413,0,0,4
2026-01-02,5,202289,50,106,14,Closed,Medium,Clean,False,8.2,Track 2,Inducted,170,0,0,4
2026-01-02,6,240262,87,45,213,Closed,Medium,Clean,False,1.5,Track 15,Standby,345,0,0,4
2026-01-02,7,168066,49,134,199,Closed,High,Clean,False,1.0,Track 13,Standby,382,0,0,4
2026-01-02,8,238077,36,9,6,Open,High,Clean,False,0.0,Track 4,Maintenance,51,1,1,4
2026-01-02,9,225329,17,59,227,Closed,Medium,Clean,False,0.9,Track 13,Standby,303,0,0,4
2026-01-02,10,230797,29,94,311,Closed,High,Clean,False,1.1,Track 15,Standby,434,0,0,4
2026-01-02,11,204944,51,36,245,Open,Low,Clean,False,0.0,Track 5,Maintenance,332,0,1,4
2026-01-02,12,132436,30,29,293,Open,Medium,Clean,False,0.0,Track 14,Maintenance,352,0,1,4
2026-01-02,13,181422,1,177,261,Closed,Low,Clean,False,13.3,Track 5,Inducted,439,1,0,4
2026-01-02,14,230844,6,75,315,Open,Low,Clean,False,0.0,Track 11,Maintenance,396,1,1,4
2026-01-02,15,97737,53,43,174,Closed,High,Clean,False,10.1,Track 7,Inducted,270,0,0,4
2026-01-02,16,129086,31,123,89,Closed,Medium,Clean,False,0.9,Track 3,Standby,243,0,0,4
2026-01-02,17,221276,52,123,22,Closed,Medium,Clean,False,12.2,Track 2,Inducted,197,0,0,4
2026-01-02,18,97381,19,95,296,Closed,Medium,Clean,False,13.2,Track 11,Inducted,410,0,0,4
2026-01-02,19,239361,60,75,233,Closed,High,Clean,False,12.0,Track 5,Inducted,368,0,0,4
2026-01-02,20,189469,42,158,309,Closed,Low,Clean,False,1.4,Track 4,Standby,509,0,0,4
2026-01-02,21,112937,88,36,86,Open,Medium,Clean,False,0.0,Track 1,Maintenance,210,0,1,4
2026-01-02,22,164593,74,175,354,Closed,High,Clean,False,12.6,Track 11,Inducted,603,0,0,4
2026-01-02,23,199841,31,40,164,Closed,High,Clean,False,0.9,Track 13,Standby,235,0,0,4
2026-01-02,24,166724,25,99,48,Closed,Medium,Clean,False,0.6,Track 12,Standby,172,0,0,4
2026-01-02,25,114702,58,112,233,Open,Low,Clean,False,0.0,Track 8,Maintenance,403,0,1,4
2026-01-03,1,176167,75,107,282,Closed,Low,Clean,False,12.9,Track 2,Inducted,464,0,0,5
2026-01-03,2,147939,8,122,289,Open,Low,Clean,False,0.0,Track 15,Maintenance,419,0,1,5
2026-01-03,3,142828,40,39,353,Open,Low,Clean,False,0.0,Track 5,Maintenance,432,0,1,5
2026-01-03,4,153427,89,114,207,Closed,High,Clean,False,11.8,Track 6,Inducted,410,0,0,5
2026-01-03,5,202290,49,105,13,Closed,Medium,Clean,False,1.3,Track 4,Standby,167,0,0,5
2026-01-03,6,240262,86,44,212,Open,Medium,Clean,True,0.0,Track 13,Maintenance,342,0,1,5
2026-01-03,7,168072,48,133,198,Closed,High,Clean,False,1.4,Track 3,Standby,379,0,0,5
2026-01-03,8,238098,35,8,5,Closed,High,Clean,False,1.5,Track 15,Standby,48,1,0,5
2026-01-03,9,225329,16,58,226,Open,Medium,Clean,False,0.0,Track 14,Maintenance,300,0,1,5
2026-01-03,10,231311,28,93,310,Closed,High,Clean,False,9.9,Track 7,Inducted,431,0,0,5
2026-01-03,11,204944,50,35,244,Open,Low,Scheduled,True,0.0,Track 3,Maintenance,329,0,1,5
2026-01-03,12,132439,29,28,292,Closed,Medium,Clean,False,1.5,Track 15,Standby,349,0,0,5
2026-01-03,13,181422,90,176,260,Open,Low,Clean,False,0.0,Track 5,Maintenance,526,0,1,5
2026-01-03,14,231406,5,74,314,Closed,Low,Clean,False,13.7,Track 3,Inducted,393,1,0,5
2026-01-03,15,97758,52,42,173,Closed,High,Clean,False,1.3,Track 10,Standby,267,0,0,5
2026-01-03,16,129086,30,122,88,Open,Medium,Clean,False,0.0,Track 6,Maintenance,240,0,1,5
2026-01-03,17,221304,51,122,21,Closed,Medium,Clean,False,1.3,Track 15,Standby,194,0,0,5
2026-01-03,18,97381,18,94,295,Open,Medium,Clean,False,0.0,Track 6,Maintenance,407,0,1,5
2026-01-03,19,239407,59,74,232,Closed,High,Clean,False,0.9,Track 3,Standby,365,0,0,5
2026-01-03,20,189946,41,157,308,Closed,Low,Clean,False,13.3,Track 10,Inducted,506,0,0,5
2026-01-03,21,113450,87,35,85,Closed,Medium,Clean,False,11.4,Track 12,Inducted,207,0,0,5
2026-01-03,22,164593,73,174,353,Open,High,Clean,False,0.0,Track 1,Maintenance,600,0,1,5
2026-01-03,23,200323,30,39,163,Closed,High,Clean,False,8.0,Track 12,Inducted,232,0,0,5
2026-01-03,24,166724,24,98,47,Open,Medium,Clean,False,0.0,Track 8,Maintenance,169,0,1,5
2026-01-03,25,114702,57,111,232,Open,Low,Clean,False,0.0,Track 8,Maintenance,400,0,1,5
2026-01-04,1,176193,74,106,281,Closed,Low,Clean,False,1.4,Track 1,Standby,461,0,0,6
2026-01-04,2,147939,7,121,288,Open,Low,Scheduled,True,0.0,Track 14,Maintenance,416,1,1,6
2026-01-04,3,142839,39,38,352,Closed,Low,Clean,False,1.0,Track 15,Standby,429,0,0,6
2026-01-04,4,154024,88,113,206,Closed,High,Clean,False,9.5,Track 2,Inducted,407,0,0,6
2026-01-04,5,202324,48,104,12,Closed,Medium,Scheduled,True,1.1,Track 15,Standby,164,0,0,6
2026-01-04,6,240262,85,43,211,Open,Medium,Scheduled,True,0.0,Track 4,Maintenance,339,0,1,6
2026-01-04,7,168407,47,132,197,Closed,High,Clean,False,10.4,Track 6,Inducted,376,0,0,6
2026-01-04,8,238106,34,7,4,Closed,High,Clean,False,0.8,Track 15,Standby,45,1,0,6
2026-01-04,9,225343,15,57,225,Closed,Medium,Scheduled,True,1.1,Track 15,Standby,297,0,0,6
2026-01-04,10,231776,27,92,309,Closed,High,Clean,False,11.4,Track 15,Inducted,428,0,0,6
2026-01-04,11,204944,49,34,243,Open,Low,Scheduled,True,0.0,Track 7,Maintenance,326,0,1,6
2026-01-04,12,132474,28,27,291,Closed,Medium,Clean,False,0.7,Track 15,Standby,346,0,0,6
2026-01-04,13,181431,89,175,259,Closed,Low,Clean,False,0.6,Track 8,Standby,523,0,0,6
2026-01-04,14,231408,4,73,313,Closed,Low,Clean,False,0.6,Track 6,Standby,390,1,0,6
2026-01-04,15,98248,51,41,172,Closed,High,Clean,False,8.2,Track 5,Inducted,264,0,0,6
2026-01-04,16,129495,29,121,87,Closed,Medium,Clean,False,11.4,Track 14,Inducted,237,0,0,6
2026-01-04,17,221308,50,121,20,Closed,Medium,Clean,False,1.0,Track 8,Standby,191,0,0,6
2026-01-04,18,97904,17,93,294,Closed,Medium,Clean,False,12.1,Track 14,Inducted,404,0,0,6
2026-01-04,19,239869,58,73,231,Closed,High,Clean,False,13.8,Track 4,Inducted,362,0,0,6
2026-01-04,20,190460,40,156,307,Closed,Low,Clean,False,9.2,Track 15,Inducted,503,0,0,6
2026-01-04,21,113966,86,34,84,Closed,Medium,Clean,False,10.1,Track 3,Inducted,204,0,0,6
2026-01-04,22,165164,72,173,352,Closed,High,Clean,False,8.3,Track 13,Inducted,597,0,0,6
2026-01-04,23,200354,29,38,162,Closed,High,Clean,False,1.4,Track 9,Standby,229,0,0,6
2026-01-04,24,166737,23,97,46,Closed,Medium,Clean,False,1.2,Track 5,Standby,166,0,0,6
2026-01-04,25,115218,56,110,231,Closed,Low,Clean,False,11.1,Track 5,Inducted,397,0,0,6
2026-01-05,1,176233,73,105,280,Closed,Low,Clean,False,1.2,Track 7,Standby,458,0,0,0
2026-01-05,2,147943,6,120,287,Closed,Low,Scheduled,True,1.2,Track 3,Standby,413,1,0,0
2026-01-05,3,142839,38,37,351,Open,Low,Clean,False,0.0,Track 1,Maintenance,426,0,1,0
2026-01-05,4,154024,87,112,205,Open,High,Clean,False,0.0,Track 12,Maintenance,404,0,1,0
2026-01-05,5,202364,47,103,11,Closed,Medium,Clean,False,0.7,Track 6,Standby,161,0,0,0
2026-01-05,6,240270,84,42,210,Closed,Medium,Clean,True,1.1,Track 8,Standby,336,0,0,0
2026-01-05,7,168419,46,131,196,Closed,High,Clean,False,0.8,Track 11,Standby,373,0,0,0
2026-01-05,8,238106,33,6,3,Open,High,Clean,False,0.0,Track 9,Maintenance,42,1,1,0
2026-01-05,9,225343,14,56,224,Open,Medium,Clean,False,0.0,Track 9,Maintenance,294,0,1,0
2026-01-05,10,231785,26,91,308,Closed,High,Clean,False,1.2,Track 2,Standby,425,0,0,0
2026-01-05,11,204944,48,33,242,Open,Low,Scheduled,True,0.0,Track 10,Maintenance,323,0,1,0
2026-01-05,12,132494,27,26,290,Closed,Medium,Clean,False,0.6,Track 4,Standby,343,0,0,0
2026-01-05,13,181431,88,174,258,Open,Low,Clean,False,0.0,Track 11,Maintenance,520,0,1,0
2026-01-05,14,231449,3,72,312,Closed,Low,Clean,False,1.4,Track 2,Standby,387,1,0,0
2026-01-05,15,98271,50,40,171,Closed,High,Clean,False,0.8,Track 15,Standby,261,0,0,0
2026-01-05,16,130006,28,120,86,Closed,Medium,Clean,False,12.5,Track 7,Inducted,234,0,0,0
2026-01-05,17,221333,49,120,19,Closed,Medium,Clean,True,1.1,Track 3,Standby,188,0,0,0
2026-01-05,18,97904,16,92,293,Open,Medium,Clean,False,0.0,Track 14,Maintenance,401,0,1,0
2026-01-05,19,240306,57,72,230,Closed,High,Clean,False,11.5,Track 4,Inducted,359,0,0,0
2026-01-05,20,190502,39,155,306,Closed,Low,Scheduled,True,1.5,Track 11,Standby,500,0,0,0
2026-01-05,21,113966,85,33,83,Open,Medium,Clean,False,0.0,Track 6,Maintenance,201,0,1,0
2026-01-05,22,165164,71,172,351,Open,High,Clean,False,0.0,Track 9,Maintenance,594,0,1,0
2026-01-05,23,200854,28,37,161,Closed,High,Clean,False,10.0,Track 10,Inducted,226,0,0,0
2026-01-05,24,167156,22,96,45,Closed,Medium,Clean,False,10.5,Track 9,Inducted,163,0,0,0
2026-01-05,25,115783,55,109,230,Closed,Low,Clean,False,12.1,Track 10,Inducted,394,0,0,0
2026-01-06,1,176243,72,104,279,Closed,Low,Clean,False,1.2,Track 10,Standby,455,0,0,1
2026-01-06,2,147971,5,119,286,Closed,Low,Clean,False,1.1,Track 5,Standby,410,1,0,1
2026-01-06,3,142888,37,36,350,Closed,Low,Clean,False,1.0,Track 12,Standby,423,0,0,1
2026-01-06,4,154429,86,111,204,Closed,High,Clean,False,10.4,Track 13,Inducted,401,0,0,1
2026-01-06,5,202387,46,102,10,Closed,Medium,Clean,False,0.9,Track 6,Standby,158,0,0,1
2026-01-06,6,240306,83,41,209,Closed,Medium,Scheduled,True,0.5,Track 1,Standby,333,0,0,1
2026-01-06,7,168439,45,130,195,Closed,High,Clean,False,0.5,Track 14,Standby,370,0,0,1
2026-01-06,8,238587,32,5,2,Closed,High,Clean,False,13.8,Track 10,Inducted,39,1,0,1
2026-01-06,9,225385,13,55,223,Closed,Medium,Clean,False,1.3,Track 6,Standby,291,0,0,1
2026-01-06,10,232268,25,90,307,Closed,High,Clean,False,13.2,Track 5,Inducted,422,0,0,1
2026-01-06,11,204944,47,32,241,Open,Low,Clean,True,0.0,Track 15,Maintenance,320,0,1,1
2026-01-06,12,132527,26,25,289,Closed,Medium,Clean,False,1.1,Track 10,Standby,340,0,0,1
2026-01-06,13,182028,87,173,257,Closed,Low,Clean,False,13.4,Track 6,Inducted,517,0,0,1
2026-01-06,14,231449,2,71,311,Open,Low,Clean,False,0.0,Track 13,Maintenance,384,1,1,1
2026-01-06,15,98312,49,39,170,Closed,High,Clean,False,0.7,Track 12,Standby,258,0,0,1
2026-01-06,16,130006,27,119,85,Open,Medium,Clean,False,0.0,Track 14,Maintenance,231,0,1,1
2026-01-06,17,221370,48,119,18,Closed,Medium,Scheduled,True,1.3,Track 10,Standby,185,0,0,1
2026-01-06,18,97950,15,91,292,Closed,Medium,Clean,False,1.3,Track 2,Standby,398,0,0,1
2026-01-06,19,240887,56,71,229,Closed,High,Clean,False,12.8,Track 2,Inducted,356,0,0,1
2026-01-06,20,190969,38,154,305,Closed,Low,Clean,False,12.1,Track 13,Inducted,497,0,0,1
2026-01-06,21,114008,84,32,82,Closed,Medium,Clean,False,1.4,Track 12,Standby,198,0,0,1
2026-01-06,22,165192,70,171,350,Closed,High,Clean,False,0.9,Track 9,Standby,591,0,0,1
2026-01-06,23,200854,27,36,160,Open,High,Clean,False,0.0,Track 14,Maintenance,223,0,1,1
2026-01-06,24,167156,21,95,44,Open,Medium,Clean,False,0.0,Track 10,Maintenance,160,0,1,1
2026-01-06,25,115783,54,108,229,Open,Low,Clean,False,0.0,Track 14,Maintenance,391,0,1,1
2026-01-07,1,176243,71,103,278,Open,Low,Clean,False,0.0,Track 6,Maintenance,452,0,1,2
2026-01-07,2,148003,4,118,285,Closed,Low,Clean,False,1.4,Track 8,Standby,407,1,0,2
2026-01-07,3,142901,36,35,349,Closed,Low,Clean,False,0.5,Track 5,Standby,420,0,0,2
2026-01-07,4,154429,85,110,203,Open,High,Clean,False,0.0,Track 3,Maintenance,398,0,1,2
2026-01-07,5,202883,45,101,9,Closed,Medium,Clean,False,11.5,Track 15,Inducted,155,0,0,2
2026-01-07,6,240310,82,40,208,Closed,Medium,Clean,False,1.5,Track 8,Standby,330,0,0,2
2026-01-07,7,168439,44,129,194,Open,High,Clean,False,0.0,Track 11,Maintenance,367,0,1,2
2026-01-07,8,238612,31,4,1,Closed,High,Clean,False,1.5,Track 8,Standby,36,1,0,2
2026-01-07,9,225875,12,54,222,Closed,Medium,Clean,False,10.4,Track 13,Inducted,288,0,0,2
2026-01-07,10,232268,24,89,306,Open,High,Clean,False,0.0,Track 5,Maintenance,419,0,1,2
2026-01-07,11,204992,46,31,240,Closed,Low,Clean,True,1.1,Track 1,Standby,317,0,0,2
2026-01-07,12,132893,25,24,288,Closed,Medium,Clean,False,12.9,Track 2,Inducted,337,0,0,2
2026-01-07,13,182062,86,172,256,Closed,Low,Clean,False,1.0,Track 10,Standby,514,0,0,2
2026-01-07,14,231460,1,70,310,Closed,Low,Clean,False,0.9,Track 1,Standby,381,1,0,2
2026-01-07,15,98312,48,38,169,Open,High,Clean,False,0.0,Track 14,Maintenance,255,0,1,2
2026-01-07,16,130366,26,118,84,Closed,Medium,Clean,False,13.7,Track 5,Inducted,228,0,0,2
2026-01-07,17,221401,47,118,17,Closed,Medium,Clean,False,0.8,Track 9,Standby,182,0,0,2
2026-01-07,18,98476,14,90,291,Closed,Medium,Clean,False,12.1,Track 15,Inducted,395,0,0,2
2026-01-07,19,240887,55,70,228,Open,High,Clean,False,0.0,Track 10,Maintenance,353,0,1,2
2026-01-07,20,191432,37,153,304,Closed,Low,Clean,False,12.2,Track 4,Inducted,494,0,0,2
2026-01-07,21,114008,83,31,81,Open,Medium,Clean,False,0.0,Track 11,Maintenance,195,0,1,2
2026-01-07,22,165192,69,170,349,Open,High,Clean,False,0.0,Track 8,Maintenance,588,0,1,2
2026-01-07,23,201204,26,35,159,Closed,High,Clean,False,10.4,Track 3,Inducted,220,0,0,2
2026-01-07,24,167562,20,94,43,Closed,Medium,Clean,False,13.1,Track 10,Inducted,157,0,0,2
2026-01-07,25,115783,53,107,228,Open,Low,Clean,False,0.0,Track 4,Maintenance,388,0,1,2
2026-01-08,1,176245,70,102,277,Closed,Low,Clean,False,0.9,Track 11,Standby,449,0,0,3
2026-01-08,2,148485,3,117,284,Closed,Low,Clean,False,12.1,Track 2,Inducted,404,1,0,3
2026-01-08,3,142907,35,34,348,Closed,Low,Clean,False,1.5,Track 9,Standby,417,0,0,3
2026-01-08,4,154841,84,109,202,Closed,High,Clean,False,9.8,Track 12,Inducted,395,0,0,3
2026-01-08,5,202883,44,100,8,Open,Medium,Clean,False,0.0,Track 9,Maintenance,152,0,1,3
2026-01-08,6,240736,81,39,207,Closed,Medium,Clean,False,12.1,Track 8,Inducted,327,0,0,3
2026-01-08,7,168448,43,128,193,Closed,High,Clean,False,1.5,Track 15,Standby,364,0,0,3
2026-01-08,8,239187,30,3,365,Closed,High,Clean,False,13.8,Track 1,Inducted,398,1,0,3
2026-01-08,9,225915,11,53,221,Closed,Medium,Clean,False,1.1,Track 10,Standby,285,0,0,3
2026-01-08,10,232268,23,88,305,Open,High,Clean,False,0.0,Track 10,Maintenance,416,0,1,3
2026-01-08,11,204992,45,30,239,Closed,Low,Scheduled,True,1.5,Track 14,Standby,314,0,0,3
2026-01-08,12,132937,24,23,287,Closed,Medium,Clean,False,0.5,Track 6,Standby,334,0,0,3
2026-01-08,13,182109,85,171,255,Closed,Low,Clean,False,0.8,Track 15,Standby,511,0,0,3
2026-01-08,14,231460,90,69,309,Open,Low,Clean,False,0.0,Track 5,Maintenance,468,0,1,3
2026-01-08,15,98803,47,37,168,Closed,High,Clean,False,13.4,Track 13,Inducted,252,0,0,3
2026-01-08,16,130366,25,117,83,Open,Medium,Clean,False,0.0,Track 10,Maintenance,225,0,1,3
2026-01-08,17,221446,46,117,16,Closed,Medium,Clean,False,1.2,Track 1,Standby,179,0,0,3
2026-01-08,18,98478,13,89,290,Closed,Medium,Clean,False,1.3,Track 8,Standby,392,0,0,3
2026-01-08,19,240887,54,69,227,Open,High,Clean,False,0.0,Track 10,Maintenance,350,0,1,3
2026-01-08,20,191432,36,152,303,Open,Low,Clean,False,0.0,Track 11,Maintenance,491,0,1,3
2026-01-08,21,114008,82,30,80,Open,Medium,Clean,False,0.0,Track 5,Maintenance,192,0,1,3
2026-01-08,22,165200,68,169,348,Closed,High,Clean,False,1.0,Track 13,Standby,585,0,0,3
2026-01-08,23,201655,25,34,158,Closed,High,Clean,False,8.1,Track 8,Inducted,217,0,0,3
2026-01-08,24,167947,19,93,42,Closed,Medium,Clean,False,11.0,Track 3,Inducted,154,0,0,3
2026-01-08,25,115783,52,106,227,Open,Low,Clean,False,0.0,Track 9,Maintenance,385,0,1,3
2026-01-09,1,176277,69,101,276,Closed,Low,Clean,False,0.8,Track 7,Standby,446,0,0,4
2026-01-09,2,149011,2,116,283,Closed,Low,Clean,False,8.4,Track 10,Inducted,401,1,0,4
2026-01-09,3,143343,34,33,347,Closed,Low,Clean,False,11.6,Track 5,Inducted,414,0,0,4
2026-01-09,4,154848,83,108,201,Closed,High,Clean,False,1.4,Track 10,Standby,392,0,0,4
2026-01-09,5,202883,43,99,7,Open,Medium,Clean,False,0.0,Track 9,Maintenance,149,1,1,4
2026-01-09,6,241148,80,38,206,Closed,Medium,Clean,False,9.7,Track 2,Inducted,324,0,0,4
2026-01-09,7,168448,42,127,192,Open,High,Clean,False,0.0,Track 7,Maintenance,361,0,1,4
2026-01-09,8,239544,29,2,364,Closed,High,Clean,False,12.5,Track 14,Inducted,395,1,0,4
2026-01-09,9,225928,10,52,220,Closed,Medium,Clean,False,1.0,Track 12,Standby,282,0,0,4
2026-01-09,10,232268,22,87,304,Open,High,Clean,False,0.0,Track 10,Maintenance,413,0,1,4
2026-01-09,11,204992,44,29,238,Open,Low,Clean,False,0.0,Track 5,Maintenance,311,0,1,4
2026-01-09,12,132970,23,22,286,Closed,Medium,Clean,False,1.5,Track 7,Standby,331,0,0,4
2026-01-09,13,182629,84,170,254,Closed,Low,Clean,False,8.3,Track 2,Inducted,508,0,0,4
2026-01-09,14,231460,89,68,308,Open,Low,Clean,False,0.0,Track 14,Maintenance,465,0,1,4
2026-01-09,15,98843,46,36,167,Closed,High,Clean,False,1.3,Track 6,Standby,249,0,0,4
2026-01-09,16,130366,24,116,82,Open,Medium,Clean,False,0.0,Track 12,Maintenance,222,0,1,4
2026-01-09,17,221446,45,116,15,Open,Medium,Clean,False,0.0,Track 8,Maintenance,176,0,1,4
2026-01-09,18,98970,12,88,289,Closed,Medium,Clean,False,12.0,Track 12,Inducted,389,0,0,4
2026-01-09,19,240899,53,68,226,Closed,High,Clean,False,1.2,Track 14,Standby,347,0,0,4
2026-01-09,20,191765,35,151,302,Closed,Low,Clean,False,10.5,Track 3,Inducted,488,0,0,4
2026-01-09,21,114601,81,29,79,Closed,Medium,Clean,False,13.1,Track 15,Inducted,189,0,0,4
2026-01-09,22,165546,67,168,347,Closed,High,Clean,False,9.4,Track 11,Inducted,582,0,0,4
2026-01-09,23,202102,24,33,157,Closed,High,Clean,False,13.3,Track 5,Inducted,214,0,0,4
2026-01-09,24,167992,18,92,41,Closed,Medium,Clean,False,1.5,Track 8,Standby,151,0,0,4
2026-01-09,25,116288,51,105,226,Closed,Low,Clean,False,13.7,Track 10,Inducted,382,0,0,4
2026-01-10,1,176635,68,100,275,Closed,Low,Clean,False,13.4,Track 14,Inducted,443,0,0,5
2026-01-10,2,149057,1,115,282,Closed,Low,Clean,False,0.5,Track 4,Standby,398,1,0,5
2026-01-10,3,143366,33,32,346,Closed,Low,Clean,False,1.0,Track 15,Standby,411,0,0,5
2026-01-10,4,154848,82,107,200,Open,High,Clean,False,0.0,Track 1,Maintenance,389,0,1,5
2026-01-10,5,202914,42,98,6,Closed,Medium,Clean,False,1.4,Track 14,Standby,146,1,0,5
2026-01-10,6,241623,79,37,205,Closed,Medium,Clean,False,8.8,Track 10,Inducted,321,0,0,5
2026-01-10,7,168759,41,126,191,Closed,High,Clean,False,12.9,Track 3,Inducted,358,0,0,5
2026-01-10,8,239581,28,1,363,Closed,High,Clean,False,1.3,Track 4,Standby,392,1,0,5
2026-01-10,9,226291,9,51,219,Closed,Medium,Clean,False,13.1,Track 2,Inducted,279,0,0,5
2026-01-10,10,232792,21,86,303,Closed,High,Clean,False,11.8,Track 13,Inducted,410,0,0,5
2026-01-10,11,205482,43,28,237,Closed,Low,Clean,False,11.3,Track 1,Inducted,308,0,0,5
2026-01-10,12,133011,22,21,285,Closed,Medium,Clean,False,1.5,Track 15,Standby,328,0,0,5
2026-01-10,13,183105,83,169,253,Closed,Low,Clean,False,11.6,Track 12,Inducted,505,0,0,5
2026-01-10,14,231460,88,67,307,Open,Low,Clean,False,0.0,Track 10,Maintenance,462,0,1,5
2026-01-10,15,98845,45,35,166,Closed,High,Clean,True,1.0,Track 14,Standby,246,0,0,5
2026-01-10,16,130387,23,115,81,Closed,Medium,Clean,False,0.7,Track 12,Standby,219,0,0,5
2026-01-10,17,221896,44,115,14,Closed,Medium,Clean,False,10.9,Track 6,Inducted,173,0,0,5
2026-01-10,18,99276,11,87,288,Closed,Medium,Clean,False,11.4,Track 9,Inducted,386,0,0,5
2026-01-10,19,241449,52,67,225,Closed,High,Clean,False,13.2,Track 11,Inducted,344,0,0,5
2026-01-10,20,192095,34,150,301,Closed,Low,Clean,False,12.4,Track 8,Inducted,485,0,0,5
2026-01-10,21,114950,80,28,78,Closed,Medium,Clean,False,9.8,Track 8,Inducted,186,0,0,5
2026-01-10,22,165578,66,167,346,Closed,High,Clean,False,1.0,Track 11,Standby,579,0,0,5
2026-01-10,23,202102,23,32,156,Open,High,Clean,False,0.0,Track 14,Maintenance,211,0,1,5
2026-01-10,24,168361,17,91,40,Closed,Medium,Clean,False,10.7,Track 10,Inducted,148,0,0,5
2026-01-10,25,116787,50,104,225,Closed,Low,Clean,False,12.7,Track 6,Inducted,379,0,0,5
2026-01-11,1,177195,67,99,274,Closed,Low,Clean,False,12.1,Track 14,Inducted,440,0,0,6
2026-01-11,2,149064,90,114,281,Closed,Low,Clean,False,0.7,Track 11,Standby,485,0,0,6
2026-01-11,3,143374,32,31,345,Closed,Low,Clean,False,0.9,Track 3,Standby,408,0,0,6
2026-01-11,4,154884,81,106,199,Closed,High,Clean,False,1.3,Track 3,Standby,386,0,0,6
2026-01-11,5,203386,41,97,5,Closed,Medium,Clean,False,12.8,Track 3,Inducted,143,1,0,6
2026-01-11,6,241975,78,36,204,Closed,Medium,Clean,False,12.2,Track 3,Inducted,318,0,0,6
2026-01-11,7,168759,40,125,190,Open,High,Clean,False,0.0,Track 10,Maintenance,355,0,1,6
2026-01-11,8,239581,27,180,362,Open,High,Clean,False,0.0,Track 4,Maintenance,569,0,1,6
2026-01-11,9,226291,8,50,218,Open,Medium,Clean,False,0.0,Track 10,Maintenance,276,0,1,6
2026-01-11,10,233224,20,85,302,Closed,High,Clean,False,12.7,Track 1,Inducted,407,0,0,6
2026-01-11,11,206049,42,27,236,Closed,Low,Clean,False,12.8,Track 14,Inducted,305,0,0,6
2026-01-11,12,133053,21,20,284,Closed,Medium,Clean,False,1.1,Track 14,Standby,325,0,0,6
2026-01-11,13,183105,82,168,252,Open,Low,Clean,False,0.0,Track 12,Maintenance,502,0,1,6
2026-01-11,14,231464,87,66,306,Closed,Low,Clean,False,1.4,Track 3,Standby,459,0,0,6
2026-01-11,15,98893,44,34,165,Closed,High,Scheduled,True,1.4,Track 4,Standby,243,0,0,6
2026-01-11,16,130696,22,114,80,Closed,Medium,Clean,False,11.2,Track 9,Inducted,216,0,0,6
2026-01-11,17,221909,43,114,13,Closed,Medium,Clean,False,1.3,Track 7,Standby,170,0,0,6
2026-01-11,18,99290,10,86,287,Closed,Medium,Clean,False,1.2,Track 4,Standby,383,0,0,6
2026-01-11,19,241449,51,66,224,Open,High,Clean,False,0.0,Track 12,Maintenance,341,0,1,6
2026-01-11,20,192096,33,149,300,Closed,Low,Clean,False,0.5,Track 9,Standby,482,0,0,6
2026-01-11,21,114969,79,27,77,Closed,Medium,Clean,False,1.0,Track 4,Standby,183,0,0,6
2026-01-11,22,165950,65,166,345,Closed,High,Clean,False,8.7,Track 14,Inducted,576,0,0,6
2026-01-11,23,202449,22,31,155,Closed,High,Clean,False,10.8,Track 2,Inducted,208,0,0,6
2026-01-11,24,168954,16,90,39,Closed,Medium,Clean,False,10.7,Track 14,Inducted,145,0,0,6
2026-01-11,25,116837,49,103,224,Closed,Low,Clean,False,0.8,Track 6,Standby,376,0,0,6
2026-01-12,1,177222,66,98,273,Closed,Low,Clean,False,0.8,Track 9,Standby,437,0,0,0
2026-01-12,2,149652,89,113,280,Closed,Low,Clean,False,8.9,Track 10,Inducted,482,0,0,0
2026-01-12,3,143834,31,30,344,Closed,Low,Clean,False,9.1,Track 14,Inducted,405,0,0,0
2026-01-12,4,154898,80,105,198,Closed,High,Clean,False,1.3,Track 2,Standby,383,0,0,0
2026-01-12,5,203386,40,96,4,Open,Medium,Clean,False,0.0,Track 10,Maintenance,140,1,1,0
2026-01-12,6,241975,77,35,203,Open,Medium,Clean,False,0.0,Track 12,Maintenance,315,0,1,0
2026-01-12,7,169262,39,124,189,Closed,High,Clean,False,11.8,Track 6,Inducted,352,0,0,0
2026-01-12,8,240117,26,179,361,Closed,High,Clean,False,9.8,Track 8,Inducted,566,0,0,0
2026-01-12,9,226333,7,49,217,Closed,Medium,Clean,False,0.7,Track 3,Standby,273,1,0,0
2026-01-12,10,233273,19,84,301,Closed,High,Clean,False,1.0,Track 1,Standby,404,0,0,0
2026-01-12,11,206049,41,26,235,Open,Low,Clean,False,0.0,Track 8,Maintenance,302,0,1,0
2026-01-12,12,133095,20,19,283,Closed,Medium,Clean,False,0.9,Track 1,Standby,322,0,0,0
2026-01-12,13,183116,81,167,251,Closed,Low,Clean,False,0.8,Track 4,Standby,499,0,0,0
2026-01-12,14,231464,86,65,305,Open,Low,Clean,False,0.0,Track 3,Maintenance,456,0,1,0
2026-01-12,15,99279,43,33,164,Closed,High,Clean,False,11.6,Track 1,Inducted,240,0,0,0
2026-01-12,16,130714,21,113,79,Closed,Medium,Clean,False,1.3,Track 6,Standby,213,0,0,0
2026-01-12,17,221926,42,113,12,Closed,Medium,Clean,False,0.8,Track 7,Standby,167,0,0,0
2026-01-12,18,99309,9,85,286,Closed,Medium,Clean,False,1.1,Track 6,Standby,380,0,0,0
2026-01-12,19,241925,50,65,223,Closed,High,Clean,False,13.0,Track 6,Inducted,338,0,0,0
2026-01-12,20,192111,32,148,299,Closed,Low,Clean,False,1.4,Track 3,Standby,479,0,0,0
2026-01-12,21,114969,78,26,76,Open,Medium,Clean,False,0.0,Track 1,Maintenance,180,0,1,0
2026-01-12,22,166465,64,165,344,Closed,High,Clean,False,8.5,Track 13,Inducted,573,0,0,0
2026-01-12,23,202493,21,30,154,Closed,High,Clean,False,1.3,Track 11,Standby,205,0,0,0
2026-01-12,24,168954,15,89,38,Open,Medium,Clean,False,0.0,Track 12,Maintenance,142,0,1,0
2026-01-12,25,116859,48,102,223,Closed,Low,Clean,False,1.4,Track 12,Standby,373,0,0,0
2026-01-13,1,177271,65,97,272,Closed,Low,Clean,False,1.2,Track 13,Standby,434,0,0,1
2026-01-13,2,149652,88,112,279,Open,Low,Clean,False,0.0,Track 9,Maintenance,479,0,1,1
2026-01-13,3,144340,30,29,343,Closed,Low,Clean,False,9.5,Track 2,Inducted,402,0,0,1
2026-01-13,4,155457,79,104,197,Closed,High,Clean,True,10.0,Track 6,Inducted,380,0,0,1
2026-01-13,5,203386,39,95,3,Open,Medium,Clean,False,0.0,Track 13,Maintenance,137,1,1,1
2026-01-13,6,242383,76,34,202,Closed,Medium,Clean,False,11.8,Track 7,Inducted,312,0,0,1
2026-01-13,7,169299,38,123,188,Closed,High,Clean,False,0.7,Track 7,Standby,349,0,0,1
2026-01-13,8,240640,25,178,360,Closed,High,Clean,False,13.9,Track 15,Inducted,563,0,0,1
2026-01-13,9,226925,6,48,216,Closed,Medium,Clean,False,10.4,Track 1,Inducted,270,1,0,1
2026-01-13,10,233770,18,83,300,Closed,High,Clean,False,8.8,Track 3,Inducted,401,0,0,1
2026-01-13,11,206049,40,25,234,Open,Low,Clean,False,0.0,Track 5,Maintenance,299,0,1,1
2026-01-13,12,133109,19,18,282,Closed,Medium,Clean,False,0.5,Track 13,Standby,319,0,0,1
2026-01-13,13,183116,80,166,250,Open,Low,Clean,False,0.0,Track 10,Maintenance,496,0,1,1
2026-01-13,14,231899,85,64,304,Closed,Low,Clean,False,11.2,Track 15,Inducted,453,0,0,1
2026-01-13,15,99786,42,32,163,Closed,High,Clean,False,8.5,Track 1,Inducted,237,0,0,1
2026-01-13,16,130714,20,112,78,Open,Medium,Clean,False,0.0,Track 3,Maintenance,210,0,1,1
2026-01-13,17,221926,41,112,11,Open,Medium,Clean,False,0.0,Track 12,Maintenance,164,0,1,1
2026-01-13,18,99619,8,84,285,Closed,Medium,Clean,False,8.6,Track 9,Inducted,377,0,0,1
2026-01-13,19,241938,49,64,222,Closed,High,Clean,False,0.9,Track 1,Standby,335,0,0,1
2026-01-13,20,192120,31,147,298,Closed,Low,Clean,False,0.7,Track 15,Standby,476,0,0,1
2026-01-13,21,115009,77,25,75,Closed,Medium,Clean,False,1.3,Track 4,Standby,177,0,0,1
2026-01-13,22,166999,63,164,343,Closed,High,Clean,False,12.9,Track 3,Inducted,570,0,0,1
2026-01-13,23,202542,20,29,153,Closed,High,Clean,False,0.6,Track 8,Standby,202,0,0,1
2026-01-13,24,168954,14,88,37,Open,Medium,Clean,False,0.0,Track 1,Maintenance,139,0,1,1
2026-01-13,25,116877,47,101,222,Closed,Low,Clean,False,0.6,Track 12,Standby,370,0,0,1
2026-01-14,1,177701,64,96,271,Closed,Low,Clean,False,8.8,Track 12,Inducted,431,0,0,2
2026-01-14,2,149667,87,111,278,Closed,Low,Clean,False,0.8,Track 11,Standby,476,0,0,2
2026-01-14,3,144371,29,28,342,Closed,Low,Clean,False,1.1,Track 13,Standby,399,0,0,2
2026-01-14,4,155496,78,103,196,Closed,High,Scheduled,True,1.4,Track 13,Standby,377,0,0,2
2026-01-14,5,203386,38,94,2,Open,Medium,Clean,False,0.0,Track 14,Maintenance,134,1,1,2
2026-01-14,6,242404,75,33,201,Closed,Medium,Clean,False,0.7,Track 14,Standby,309,0,0,2
2026-01-14,7,169668,37,122,187,Closed,High,Clean,False,13.4,Track 7,Inducted,346,0,0,2
2026-01-14,8,240654,24,177,359,Closed,High,Clean,False,1.5,Track 15,Standby,560,0,0,2
2026-01-14,9,226931,5,47,215,Closed,Medium,Clean,False,1.2,Track 5,Standby,267,1,0,2
2026-01-14,10,233770,17,82,299,Open,High,Clean,False,0.0,Track 6,Maintenance,398,0,1,2
2026-01-14,11,206090,39,24,233,Closed,Low,Clean,False,1.1,Track 13,Standby,296,0,0,2
2026-01-14,12,133109,18,17,281,Open,Medium,Clean,False,0.0,Track 2,Maintenance,316,0,1,2
2026-01-14,13,183116,79,165,249,Open,Low,Clean,False,0.0,Track 10,Maintenance,493,0,1,2
2026-01-14,14,231899,84,63,303,Open,Low,Clean,False,0.0,Track 14,Maintenance,450,0,1,2
2026-01-14,15,99786,41,31,162,Open,High,Clean,False,0.0,Track 13,Maintenance,234,0,1,2
2026-01-14,16,130764,19,111,77,Closed,Medium,Clean,False,1.4,Track 14,Standby,207,0,0,2
2026-01-14,17,221971,40,111,10,Closed,Medium,Clean,False,1.0,Track 12,Standby,161,0,0,2
2026-01-14,18,99663,7,83,284,Closed,Medium,Clean,False,0.7,Track 8,Standby,374,1,0,2
2026-01-14,19,241961,48,63,221,Closed,High,Scheduled,True,1.4,Track 7,Standby,332,0,0,2
2026-01-14,20,192120,30,146,297,Open,Low,Clean,False,0.0,Track 3,Maintenance,473,0,1,2
2026-01-14,21,115444,76,24,74,Closed,Medium,Clean,False,11.5,Track 4,Inducted,174,0,0,2
2026-01-14,22,167044,62,163,342,Closed,High,Clean,False,0.9,Track 11,Standby,567,0,0,2
2026-01-14,23,202558,19,28,152,Closed,High,Clean,False,0.9,Track 11,Standby,199,0,0,2
2026-01-14,24,169537,13,87,36,Closed,Medium,Clean,False,9.8,Track 14,Inducted,136,0,0,2
2026-01-14,25,116877,46,100,221,Open,Low,Clean,False,0.0,Track 10,Maintenance,367,0,1,2
2026-01-15,1,177730,63,95,270,Closed,Low,Scheduled,True,0.6,Track 13,Standby,428,0,0,3
2026-01-15,2,150242,86,110,277,Closed,Low,Clean,False,8.4,Track 8,Inducted,473,0,0,3
2026-01-15,3,144777,28,27,341,Closed,Low,Clean,False,12.9,Track 7,Inducted,396,0,0,3
2026-01-15,4,156049,77,102,195,Closed,High,Clean,False,11.1,Track 11,Inducted,374,0,0,3
2026-01-15,5,203397,37,93,1,Closed,Medium,Clean,False,1.0,Track 9,Standby,131,1,0,3
2026-01-15,6,242442,74,32,200,Closed,Medium,Clean,False,0.9,Track 8,Standby,306,0,0,3
2026-01-15,7,170141,36,121,186,Closed,High,Clean,False,9.0,Track 7,Inducted,343,0,0,3
2026-01-15,8,241012,23,176,358,Closed,High,Clean,False,10.6,Track 7,Inducted,557,0,0,3
2026-01-15,9,226931,4,46,214,Open,Medium,Clean,False,0.0,Track 2,Maintenance,264,1,1,3
2026-01-15,10,234342,16,81,298,Closed,High,Clean,False,13.2,Track 6,Inducted,395,0,0,3
2026-01-15,11,206114,38,23,232,Closed,Low,Clean,False,0.5,Track 2,Standby,293,0,0,3
2026-01-15,12,133141,17,16,280,Closed,Medium,Clean,False,1.2,Track 8,Standby,313,0,0,3
2026-01-15,13,183123,78,164,248,Closed,Low,Clean,False,1.0,Track 11,Standby,490,0,0,3
2026-01-15,14,232233,83,62,302,Closed,Low,Clean,False,8.4,Track 1,Inducted,447,0,0,3
2026-01-15,15,100139,40,30,161,Closed,High,Clean,False,12.6,Track 10,Inducted,231,0,0,3
2026-01-15,16,130803,18,110,76,Closed,Medium,Clean,False,1.3,Track 5,Standby,204,0,0,3
2026-01-15,17,221971,39,110,9,Open,Medium,Clean,False,0.0,Track 14,Maintenance,158,0,1,3
2026-01-15,18,99677,6,82,283,Closed,Medium,Scheduled,True,0.8,Track 2,Standby,371,1,0,3
2026-01-15,19,241971,47,62,220,Closed,High,Clean,False,1.1,Track 7,Standby,329,0,0,3
2026-01-15,20,192579,29,145,296,Closed,Low,Clean,False,13.6,Track 3,Inducted,470,0,0,3
2026-01-15,21,115444,75,23,73,Open,Medium,Scheduled,True,0.0,Track 14,Maintenance,171,0,1,3
2026-01-15,22,167044,61,162,341,Open,High,Clean,False,0.0,Track 5,Maintenance,564,0,1,3
2026-01-15,23,202561,18,27,151,Closed,High,Clean,False,1.4,Track 8,Standby,196,0,0,3
2026-01-15,24,169537,12,86,35,Open,Medium,Clean,False,0.0,Track 4,Maintenance,133,0,1,3
2026-01-15,25,117376,45,99,220,Closed,Low,Clean,False,10.8,Track 13,Inducted,364,0,0,3
2026-01-16,1,177730,62,94,269,Open,Low,Clean,False,0.0,Track 2,Maintenance,425,0,1,4
2026-01-16,2,150281,85,109,276,Closed,Low,Clean,False,0.8,Track 1,Standby,470,0,0,4
2026-01-16,3,144824,27,26,340,Closed,Low,Clean,False,1.4,Track 2,Standby,393,0,0,4
2026-01-16,4,156083,76,101,194,Closed,High,Clean,False,1.1,Track 9,Standby,371,0,0,4
2026-01-16,5,203425,36,92,365,Closed,Medium,Clean,False,0.8,Track 1,Standby,493,0,0,4
2026-01-16,6,243027,73,31,199,Closed,Medium,Clean,False,11.5,Track 1,Inducted,303,0,0,4
2026-01-16,7,170177,35,120,185,Closed,High,Clean,False,0.8,Track 9,Standby,340,0,0,4
2026-01-16,8,241423,22,175,357,Closed,High,Clean,False,11.2,Track 5,Inducted,554,0,0,4
2026-01-16,9,226931,3,45,213,Open,Medium,Clean,False,0.0,Track 1,Maintenance,261,1,1,4
2026-01-16,10,234824,15,80,297,Closed,High,Clean,False,9.9,Track 8,Inducted,392,0,0,4
2026-01-16,11,206141,37,22,231,Closed,Low,Clean,False,1.2,Track 14,Standby,290,0,0,4
2026-01-16,12,133169,16,15,279,Closed,Medium,Clean,False,1.3,Track 2,Standby,310,0,0,4
2026-01-16,13,183171,77,163,247,Closed,Low,Clean,False,1.3,Track 6,Standby,487,0,0,4
2026-01-16,14,232235,82,61,301,Closed,Low,Clean,False,0.6,Track 5,Standby,444,0,0,4
2026-01-16,15,100158,39,29,160,Closed,High,Clean,False,0.8,Track 1,Standby,228,0,0,4
2026-01-16,16,131154,17,109,75,Closed,Medium,Clean,False,12.5,Track 2,Inducted,201,0,0,4
2026-01-16,17,222551,38,109,8,Closed,Medium,Clean,False,8.2,Track 2,Inducted,155,0,0,4
2026-01-16,18,99691,5,81,282,Closed,Medium,Clean,False,1.0,Track 6,Standby,368,1,0,4
2026-01-16,19,242000,46,61,219,Closed,High,Clean,False,0.7,Track 3,Standby,326,0,0,4
2026-01-16,20,192591,28,144,295,Closed,Low,Clean,False,0.9,Track 13,Standby,467,0,0,4
2026-01-16,21,115484,74,22,72,Closed,Medium,Clean,True,0.7,Track 12,Standby,168,0,0,4
2026-01-16,22,167058,60,161,340,Closed,High,Clean,False,1.3,Track 2,Standby,561,0,0,4
2026-01-16,23,202587,17,26,150,Closed,High,Clean,False,1.0,Track 14,Standby,193,0,0,4
2026-01-16,24,169537,11,85,34,Open,Medium,Clean,False,0.0,Track 5,Maintenance,130,0,1,4
2026-01-16,25,117394,44,98,219,Closed,Low,Clean,False,1.3,Track 10,Standby,361,0,0,4
2026-01-17,1,177777,61,93,268,Closed,Low,Clean,False,0.8,Track 3,Standby,422,0,0,5
2026-01-17,2,150321,84,108,275,Closed,Low,Clean,False,1.2,Track 15,Standby,467,0,0,5
2026-01-17,3,145414,26,25,339,Closed,Low,Clean,False,13.8,Track 11,Inducted,390,0,0,5
2026-01-17,4,156083,75,100,193,Open,High,Clean,False,0.0,Track 9,Maintenance,368,0,1,5
2026-01-17,5,203425,35,91,364,Open,Medium,Clean,False,0.0,Track 13,Maintenance,490,0,1,5
2026-01-17,6,243539,72,30,198,Closed,Medium,Clean,False,12.7,Track 3,Inducted,300,0,0,5
2026-01-17,7,170182,34,119,184,Closed,High,Clean,False,1.2,Track 11,Standby,337,0,0,5
2026-01-17,8,241431,21,174,356,Closed,High,Clean,False,1.0,Track 3,Standby,551,0,0,5
2026-01-17,9,226931,2,44,212,Open,Medium,Clean,False,0.0,Track 8,Maintenance,258,1,1,5
2026-01-17,10,235215,14,79,296,Closed,High,Clean,False,8.9,Track 15,Inducted,389,0,0,5
2026-01-17,11,206664,36,21,230,Closed,Low,Clean,False,13.1,Track 10,Inducted,287,0,0,5
2026-01-17,12,133170,15,14,278,Closed,Medium,Clean,False,1.0,Track 1,Standby,307,0,0,5
2026-01-17,13,183171,76,162,246,Closed,Low,Clean,False,1.0,Track 7,Standby,484,0,0,5
2026-01-17,14,232276,81,60,300,Closed,Low,Clean,False,0.8,Track 14,Standby,441,0,0,5
2026-01-17,15,100207,38,28,159,Closed,High,Clean,False,1.2,Track 15,Standby,225,0,0,5
2026-01-17,16,131747,16,108,74,Closed,Medium,Clean,False,8.3,Track 4,Inducted,198,0,0,5
2026-01-17,17,222551,37,108,7,Open,Medium,Clean,False,0.0,Track 9,Maintenance,152,1,1,5
2026-01-17,18,99736,4,80,281,Closed,Medium,Clean,False,1.0,Track 6,Standby,365,1,0,5
2026-01-17,19,242526,45,60,218,Closed,High,Clean,False,8.7,Track 3,Inducted,323,0,0,5
2026-01-17,20,192618,27,143,294,Closed,Low,Clean,False,1.1,Track 1,Standby,464,0,0,5
2026-01-17,21,115484,73,21,71,Open,Medium,Scheduled,True,0.0,Track 10,Maintenance,165,0,1,5
2026-01-17,22,167058,59,160,339,Open,High,Clean,False,0.0,Track 4,Maintenance,558,0,1,5
2026-01-17,23,202912,16,25,149,Closed,High,Clean,False,11.8,Track 15,Inducted,190,0,0,5
2026-01-17,24,170114,10,84,33,Closed,Medium,Clean,False,8.7,Track 6,Inducted,127,0,0,5
2026-01-17,25,117423,43,97,218,Closed,Low,Clean,False,1.3,Track 3,Standby,358,0,0,5
2026-01-18,1,177792,60,92,267,Closed,Low,Clean,False,1.4,Track 11,Standby,419,0,0,6
2026-01-18,2,150727,83,107,274,Closed,Low,Clean,False,9.0,Track 1,Inducted,464,0,0,6
2026-01-18,3,145425,25,24,338,Closed,Low,Scheduled,True,1.2,Track 15,Standby,387,0,0,6
2026-01-18,4,156605,74,99,192,Closed,High,Clean,False,8.3,Track 14,Inducted,365,0,0,6
2026-01-18,5,203460,34,90,363,Closed,Medium,Clean,False,0.7,Track 9,Standby,487,0,0,6
2026-01-18,6,244130,71,29,197,Closed,Medium,Clean,False,10.3,Track 11,Inducted,297,0,0,6
2026-01-18,7,170182,33,118,183,Open,High,Clean,False,0.0,Track 11,Maintenance,334,0,1,6
2026-01-18,8,241461,20,173,355,Closed,High,Clean,False,1.2,Track 7,Standby,548,0,0,6
2026-01-18,9,227444,1,43,211,Closed,Medium,Clean,False,8.5,Track 12,Inducted,255,1,0,6
2026-01-18,10,235730,13,78,295,Closed,High,Clean,False,10.3,Track 1,Inducted,386,0,0,6
2026-01-18,11,206695,35,20,229,Closed,Low,Clean,False,1.3,Track 13,Standby,284,0,0,6
2026-01-18,12,133197,14,13,277,Closed,Medium,Clean,False,0.7,Track 1,Standby,304,0,0,6
2026-01-18,13,183676,75,161,245,Closed,Low,Clean,False,13.6,Track 10,Inducted,481,0,0,6
2026-01-18,14,232789,80,59,299,Closed,Low,Clean,False,11.6,Track 15,Inducted,438,0,0,6
2026-01-18,15,100207,37,27,158,Open,High,Clean,False,0.0,Track 6,Maintenance,222,0,1,6
2026-01-18,16,132262,15,107,73,Closed,Medium,Clean,False,11.9,Track 13,Inducted,195,0,0,6
2026-01-18,17,222891,36,107,6,Closed,Medium,Clean,False,10.8,Track 5,Inducted,149,1,0,6
2026-01-18,18,100104,3,79,280,Closed,Medium,Clean,False,10.8,Track 9,Inducted,362,1,0,6
2026-01-18,19,242555,44,59,217,Closed,High,Clean,False,1.2,Track 1,Standby,320,0,0,6
2026-01-18,20,192618,26,142,293,Open,Low,Clean,False,0.0,Track 14,Maintenance,461,0,1,6
2026-01-18,21,115501,72,20,70,Closed,Medium,Scheduled,True,1.0,Track 2,Standby,162,0,0,6
2026-01-18,22,167592,58,159,338,Closed,High,Clean,False,13.9,Track 2,Inducted,555,0,0,6
2026-01-18,23,203333,15,24,148,Closed,High,Clean,False,9.0,Track 3,Inducted,187,0,0,6
2026-01-18,24,170434,9,83,32,Closed,Medium,Clean,False,12.6,Track 7,Inducted,124,0,0,6
2026-01-18,25,117468,42,96,217,Closed,Low,Scheduled,True,1.2,Track 11,Standby,355,0,0,6
2026-01-19,1,177803,59,91,266,Closed,Low,Clean,False,1.5,Track 12,Standby,416,0,0,0
2026-01-19,2,150754,82,106,273,Closed,Low,Clean,False,1.3,Track 12,Standby,461,0,0,0
2026-01-19,3,145425,24,23,337,Open,Low,Clean,False,0.0,Track 7,Maintenance,384,0,1,0
2026-01-19,4,156632,73,98,191,Closed,High,Clean,False,0.8,Track 10,Standby,362,0,0,0
2026-01-19,5,203491,33,89,362,Closed,Medium,Clean,False,1.2,Track 13,Standby,484,0,0,0
2026-01-19,6,244130,70,28,196,Open,Medium,Clean,False,0.0,Track 12,Maintenance,294,0,1,0
2026-01-19,7,170220,32,117,182,Closed,High,Clean,False,0.5,Track 1,Standby,331,0,0,0
2026-01-19,8,241461,19,172,354,Closed,High,Clean,False,1.0,Track 11,Standby,545,0,0,0
2026-01-19,9,227830,90,42,210,Closed,Medium,Clean,False,10.3,Track 15,Inducted,342,0,0,0
2026-01-19,10,235730,12,77,294,Open,High,Clean,False,0.0,Track 10,Maintenance,383,0,1,0
2026-01-19,11,206702,34,19,228,Closed,Low,Clean,False,0.7,Track 4,Standby,281,0,0,0
2026-01-19,12,133509,13,12,276,Closed,Medium,Clean,False,9.8,Track 5,Inducted,301,0,0,0
2026-01-19,13,183680,74,160,244,Closed,Low,Clean,False,1.3,Track 15,Standby,478,0,0,0
2026-01-19,14,232816,79,58,298,Closed,Low,Clean,False,1.2,Track 1,Standby,435,0,0,0
2026-01-19,15,100753,36,26,157,Closed,High,Clean,False,9.5,Track 11,Inducted,219,0,0,0
2026-01-19,16,132628,14,106,72,Closed,Medium,Clean,False,11.1,Track 12,Inducted,192,0,0,0
2026-01-19,17,223373,35,106,5,Closed,Medium,Clean,False,10.3,Track 10,Inducted,146,1,0,0
2026-01-19,18,100152,2,78,279,Closed,Medium,Clean,False,1.0,Track 5,Standby,359,1,0,0
2026-01-19,19,243056,43,58,216,Closed,High,Clean,False,12.3,Track 4,Inducted,317,0,0,0
2026-01-19,20,192655,25,141,292,Closed,Low,Clean,False,1.0,Track 10,Standby,458,0,0,0
2026-01-19,21,116054,71,19,69,Closed,Medium,Clean,False,10.1,Track 11,Inducted,159,0,0,0
2026-01-19,22,168084,57,158,337,Closed,High,Clean,False,13.4,Track 10,Inducted,552,0,0,0
2026-01-19,23,203333,14,23,147,Open,High,Clean,False,0.0,Track 13,Maintenance,184,0,1,0
2026-01-19,24,170481,8,82,31,Closed,Medium,Clean,False,0.6,Track 10,Standby,121,0,0,0
2026-01-19,25,117512,41,95,216,Closed,Low,Clean,False,1.3,Track 7,Standby,352,0,0,0
2026-01-20,1,177803,58,90,265,Open,Low,Clean,False,0.0,Track 7,Maintenance,413,0,1,1
2026-01-20,2,150754,81,105,272,Open,Low,Clean,False,0.0,Track 5,Maintenance,458,0,1,1
2026-01-20,3,145425,23,22,336,Open,Low,Clean,False,0.0,Track 3,Maintenance,381,0,1,1
2026-01-20,4,156632,72,97,190,Open,High,Clean,False,0.0,Track 10,Maintenance,359,0,1,1
2026-01-20,5,203502,32,88,361,Closed,Medium,Clean,False,0.8,Track 8,Standby,481,0,0,1
2026-01-20,6,244174,69,27,195,Closed,Medium,Clean,False,0.6,Track 13,Standby,291,0,0,1
2026-01-20,7,170535,31,116,181,Closed,High,Clean,False,9.9,Track 6,Inducted,328,0,0,1
2026-01-20,8,241461,18,171,353,Open,High,Clean,False,0.0,Track 13,Maintenance,542,0,1,1
2026-01-20,9,227853,89,41,209,Closed,Medium,Clean,False,0.6,Track 4,Standby,339,0,0,1
2026-01-20,10,235730,11,76,293,Open,High,Clean,False,0.0,Track 2,Maintenance,380,0,1,1
2026-01-20,11,206702,33,18,227,Open,Low,Clean,False,0.0,Track 11,Maintenance,278,0,1,1
2026-01-20,12,133910,12,11,275,Closed,Medium,Clean,False,9.6,Track 2,Inducted,298,0,0,1
2026-01-20,13,183692,73,159,243,Closed,Low,Clean,False,0.6,Track 4,Standby,475,0,0,1
2026-01-20,14,232846,78,57,297,Closed,Low,Clean,False,1.4,Track 6,Standby,432,0,0,1
2026-01-20,15,100759,35,25,156,Closed,High,Clean,False,0.7,Track 13,Standby,216,0,0,1
2026-01-20,16,132628,13,105,71,Open,Medium,Clean,False,0.0,Track 1,Maintenance,189,0,1,1
2026-01-20,17,223386,34,105,4,Closed,Medium,Clean,False,0.7,Track 9,Standby,143,1,0,1
2026-01-20,18,100152,1,77,278,Open,Medium,Clean,False,0.0,Track 12,Maintenance,356,1,1,1
2026-01-20,19,243100,42,57,215,Closed,High,Clean,False,1.0,Track 7,Standby,314,0,0,1
2026-01-20,20,192704,24,140,291,Closed,Low,Clean,False,1.2,Track 3,Standby,455,0,0,1
2026-01-20,21,116054,70,18,68,Open,Medium,Clean,False,0.0,Track 2,Maintenance,156,0,1,1
2026-01-20,22,168084,56,157,336,Open,High,Clean,False,0.0,Track 8,Maintenance,549,0,1,1
2026-01-20,23,203338,13,22,146,Closed,High,Clean,False,1.0,Track 1,Standby,181,0,0,1
2026-01-20,24,170940,7,81,30,Closed,Medium,Clean,False,9.4,Track 12,Inducted,118,1,0,1
2026-01-20,25,117531,40,94,215,Closed,Low,Clean,False,1.1,Track 5,Standby,349,0,0,1
2026-01-21,1,177803,57,89,264,Open,Low,Clean,False,0.0,Track 1,Maintenance,410,0,1,2
2026-01-21,2,150754,80,104,271,Open,Low,Clean,False,0.0,Track 15,Maintenance,455,0,1,2
2026-01-21,3,145873,22,21,335,Closed,Low,Clean,False,12.5,Track 3,Inducted,378,0,0,2
2026-01-21,4,156632,71,96,189,Closed,High,Clean,False,1.3,Track 8,Standby,356,0,0,2
2026-01-21,5,203536,31,87,360,Closed,Medium,Clean,False,0.8,Track 5,Standby,478,0,0,2
2026-01-21,6,244199,68,26,194,Closed,Medium,Clean,False,1.0,Track 7,Standby,288,0,0,2
2026-01-21,7,170535,30,115,180,Open,High,Clean,False,0.0,Track 15,Maintenance,325,0,1,2
2026-01-21,8,241467,17,170,352,Closed,High,Clean,False,0.6,Track 3,Standby,539,0,0,2
2026-01-21,9,228253,88,40,208,Closed,Medium,Clean,False,8.8,Track 9,Inducted,336,0,0,2
2026-01-21,10,235755,10,75,292,Closed,High,Clean,False,1.4,Track 15,Standby,377,0,0,2
2026-01-21,11,207004,32,17,226,Closed,Low,Clean,False,10.8,Track 10,Inducted,275,0,0,2
2026-01-21,12,134488,11,10,274,Closed,Medium,Clean,False,11.1,Track 5,Inducted,295,0,0,2
2026-01-21,13,183692,72,158,242,Open,Low,Clean,False,0.0,Track 6,Maintenance,472,0,1,2
2026-01-21,14,232865,77,56,296,Closed,Low,Clean,False,1.2,Track 6,Standby,429,0,0,2
2026-01-21,15,101087,34,24,155,Closed,High,Clean,False,11.8,Track 2,Inducted,213,0,0,2
2026-01-21,16,133221,12,104,70,Closed,Medium,Clean,False,8.6,Track 8,Inducted,186,0,0,2
2026-01-21,17,223911,33,104,3,Closed,Medium,Clean,False,9.6,Track 12,Inducted,140,1,0,2
2026-01-21,18,100170,90,76,277,Closed,Medium,Clean,False,0.6,Track 6,Standby,443,0,0,2
2026-01-21,19,243459,41,56,214,Closed,High,Clean,False,12.7,Track 12,Inducted,311,0,0,2
2026-01-21,20,193211,23,139,290,Closed,Low,Clean,False,10.0,Track 11,Inducted,452,0,0,2
2026-01-21,21,116387,69,17,67,Closed,Medium,Clean,False,9.7,Track 12,Inducted,153,0,0,2
2026-01-21,22,168443,55,156,335,Closed,High,Clean,False,11.9,Track 14,Inducted,546,0,0,2
2026-01-21,23,203338,12,21,145,Open,High,Scheduled,True,0.0,Track 12,Maintenance,178,0,1,2
2026-01-21,24,171473,6,80,29,Closed,Medium,Clean,False,10.2,Track 2,Inducted,115,1,0,2
2026-01-21,25,117539,39,93,214,Closed,Low,Clean,False,0.6,Track 11,Standby,346,0,0,2
2026-01-22,1,177803,56,88,263,Open,Low,Clean,False,0.0,Track 8,Maintenance,407,0,1,3
2026-01-22,2,151108,79,103,270,Closed,Low,Clean,False,9.1,Track 3,Inducted,452,0,0,3
2026-01-22,3,146178,21,20,334,Closed,Low,Clean,False,9.5,Track 3,Inducted,375,0,0,3
2026-01-22,4,156652,70,95,188,Closed,High,Clean,False,1.1,Track 9,Standby,353,0,0,3
2026-01-22,5,203536,30,86,359,Open,Medium,Clean,False,0.0,Track 14,Maintenance,475,0,1,3
2026-01-22,6,244249,67,25,193,Closed,Medium,Clean,False,0.6,Track 9,Standby,285,0,0,3
2026-01-22,7,170584,29,114,179,Closed,High,Clean,False,1.0,Track 12,Standby,322,0,0,3
2026-01-22,8,241792,16,169,351,Closed,High,Clean,False,10.1,Track 2,Inducted,536,0,0,3
2026-01-22,9,228260,87,39,207,Closed,Medium,Clean,False,0.9,Track 7,Standby,333,0,0,3
2026-01-22,10,235776,9,74,291,Closed,High,Clean,False,0.8,Track 8,Standby,374,0,0,3
2026-01-22,11,207004,31,16,225,Open,Low,Clean,False,0.0,Track 7,Maintenance,272,0,1,3
2026-01-22,12,134966,10,9,273,Closed,Medium,Clean,False,13.7,Track 6,Inducted,292,0,0,3
2026-01-22,13,183692,71,157,241,Open,Low,Clean,False,0.0,Track 3,Maintenance,469,0,1,3
2026-01-22,14,232865,76,55,295,Open,Low,Clean,False,0.0,Track 1,Maintenance,426,0,1,3
2026-01-22,15,101137,33,23,154,Closed,High,Clean,False,0.7,Track 7,Standby,210,0,0,3
2026-01-22,16,133221,11,103,69,Open,Medium,Clean,False,0.0,Track 3,Maintenance,183,0,1,3
2026-01-22,17,223911,32,103,2,Open,Medium,Clean,False,0.0,Track 10,Maintenance,137,1,1,3
2026-01-22,18,100199,89,75,276,Closed,Medium,Clean,False,0.9,Track 12,Standby,440,0,0,3
2026-01-22,19,243804,40,55,213,Closed,High,Clean,False,8.1,Track 2,Inducted,308,0,0,3
2026-01-22,20,193529,22,138,289,Closed,Low,Clean,False,12.5,Track 10,Inducted,449,0,0,3
2026-01-22,21,116387,68,16,66,Open,Medium,Clean,False,0.0,Track 12,Maintenance,150,0,1,3
2026-01-22,22,168472,54,155,334,Closed,High,Clean,False,0.9,Track 3,Standby,543,0,0,3
2026-01-22,23,203715,11,20,144,Closed,High,Clean,True,9.2,Track 7,Inducted,175,0,0,3
2026-01-22,24,171966,5,79,28,Closed,Medium,Clean,False,10.6,Track 11,Inducted,112,1,0,3
2026-01-22,25,118028,38,92,213,Closed,Low,Clean,False,9.2,Track 6,Inducted,343,0,0,3
2026-01-23,1,178150,55,87,262,Closed,Low,Clean,False,10.7,Track 10,Inducted,404,0,0,4
2026-01-23,2,151108,78,102,269,Open,Low,Clean,False,0.0,Track 2,Maintenance,449,0,1,4
2026-01-23,3,146659,20,19,333,Closed,Low,Clean,False,9.0,Track 9,Inducted,372,0,0,4
2026-01-23,4,156686,69,94,187,Closed,High,Clean,False,1.1,Track 2,Standby,350,0,0,4
2026-01-23,5,203536,29,85,358,Open,Medium,Clean,False,0.0,Track 11,Maintenance,472,0,1,4
2026-01-23,6,244614,66,24,192,Closed,Medium,Clean,False,9.0,Track 9,Inducted,282,0,0,4
2026-01-23,7,170629,28,113,178,Closed,High,Clean,False,1.2,Track 13,Standby,319,0,0,4
2026-01-23,8,242228,15,168,350,Closed,High,Clean,False,8.3,Track 2,Inducted,533,0,0,4
2026-01-23,9,228292,86,38,206,Closed,Medium,Clean,False,0.9,Track 5,Standby,330,0,0,4
2026-01-23,10,235794,8,73,290,Closed,High,Clean,False,1.3,Track 6,Standby,371,0,0,4
2026-01-23,11,207042,30,15,224,Closed,Low,Clean,False,0.6,Track 8,Standby,269,0,0,4
2026-01-23,12,135306,9,8,272,Closed,Medium,Clean,False,11.4,Track 2,Inducted,289,0,0,4
2026-01-23,13,183718,70,156,240,Closed,Low,Clean,False,1.2,Track 10,Standby,466,0,0,4
2026-01-23,14,233444,75,54,294,Closed,Low,Clean,True,11.8,Track 13,Inducted,423,0,0,4
2026-01-23,15,101137,32,22,153,Open,High,Clean,False,0.0,Track 3,Maintenance,207,0,1,4
2026-01-23,16,133795,10,102,68,Closed,Medium,Clean,False,11.3,Track 8,Inducted,180,0,0,4
2026-01-23,17,223911,31,102,1,Open,Medium,Clean,False,0.0,Track 3,Maintenance,134,1,1,4
2026-01-23,18,100199,88,74,275,Open,Medium,Clean,False,0.0,Track 1,Maintenance,437,0,1,4
2026-01-23,19,243804,39,54,212,Open,High,Clean,False,0.0,Track 14,Maintenance,305,0,1,4
2026-01-23,20,193904,21,137,288,Closed,Low,Clean,False,13.6,Track 8,Inducted,446,0,0,4
2026-01-23,21,116397,67,15,65,Closed,Medium,Clean,False,0.6,Track 6,Standby,147,0,0,4
2026-01-23,22,168472,53,154,333,Open,High,Clean,False,0.0,Track 5,Maintenance,540,0,1,4
2026-01-23,23,203735,10,19,143,Closed,High,Scheduled,True,1.2,Track 8,Standby,172,0,0,4
2026-01-23,24,172387,4,78,27,Closed,Medium,Clean,False,13.9,Track 5,Inducted,109,1,0,4
2026-01-23,25,118052,37,91,212,Closed,Low,Clean,False,1.1,Track 13,Standby,340,0,0,4
2026-01-24,1,178150,54,86,261,Open,Low,Clean,False,0.0,Track 4,Maintenance,401,0,1,5
2026-01-24,2,151131,77,101,268,Closed,Low,Clean,False,0.7,Track 11,Standby,446,0,0,5
2026-01-24,3,147102,19,18,332,Closed,Low,Clean,False,10.3,Track 4,Inducted,369,0,0,5
2026-01-24,4,157112,68,93,186,Closed,High,Clean,False,11.6,Track 9,Inducted,347,0,0,5
2026-01-24,5,203573,28,84,357,Closed,Medium,Clean,False,0.9,Track 7,Standby,469,0,0,5
2026-01-24,6,244963,65,23,191,Closed,Medium,Clean,False,10.5,Track 4,Inducted,279,0,0,5
2026-01-24,7,171007,27,112,177,Closed,High,Clean,False,10.0,Track 15,Inducted,316,0,0,5
2026-01-24,8,242275,14,167,349,Closed,High,Clean,False,0.6,Track 13,Standby,530,0,0,5
2026-01-24,9,228292,85,37,205,Open,Medium,Clean,False,0.0,Track 11,Maintenance,327,0,1,5
2026-01-24,10,236222,7,72,289,Closed,High,Clean,False,9.6,Track 4,Inducted,368,1,0,5
2026-01-24,11,207048,29,14,223,Closed,Low,Clean,False,1.0,Track 7,Standby,266,0,0,5
2026-01-24,12,135306,8,7,271,Open,Medium,Clean,False,0.0,Track 5,Maintenance,286,1,1,5
2026-01-24,13,183718,69,155,239,Open,Low,Clean,False,0.0,Track 12,Maintenance,463,0,1,5
2026-01-24,14,233444,74,53,293,Open,Low,Scheduled,True,0.0,Track 13,Maintenance,420,0,1,5
2026-01-24,15,101545,31,21,152,Closed,High,Clean,False,10.0,Track 15,Inducted,204,0,0,5
2026-01-24,16,133803,9,101,67,Closed,Medium,Scheduled,True,0.9,Track 9,Standby,177,0,0,5
2026-01-24,17,224465,30,101,365,Closed,Medium,Clean,False,13.3,Track 14,Inducted,496,0,0,5
2026-01-24,18,100229,87,73,274,Closed,Medium,Clean,False,1.1,Track 14,Standby,434,0,0,5
2026-01-24,19,243804,38,53,211,Open,High,Clean,False,0.0,Track 3,Maintenance,302,0,1,5
2026-01-24,20,194404,20,136,287,Closed,Low,Clean,False,9.3,Track 10,Inducted,443,0,0,5
2026-01-24,21,116439,66,14,64,Closed,Medium,Clean,False,1.2,Track 8,Standby,144,0,0,5
2026-01-24,22,168492,52,153,332,Closed,High,Clean,False,0.5,Track 14,Standby,537,0,0,5
2026-01-24,23,203785,9,18,142,Closed,High,Clean,False,0.8,Track 15,Standby,169,0,0,5
2026-01-24,24,172387,3,77,26,Open,Medium,Clean,True,0.0,Track 13,Maintenance,106,1,1,5
2026-01-24,25,118092,36,90,211,Closed,Low,Clean,False,1.4,Track 7,Standby,337,0,0,5
2026-01-25,1,178194,53,85,260,Closed,Low,Clean,False,0.9,Track 9,Standby,398,0,0,6
2026-01-25,2,151131,76,100,267,Open,Low,Clean,False,0.0,Track 14,Maintenance,443,0,1,6
2026-01-25,3,147102,18,17,331,Open,Low,Clean,False,0.0,Track 8,Maintenance,366,0,1,6
2026-01-25,4,157624,67,92,185,Closed,High,Clean,False,8.2,Track 9,Inducted,344,0,0,6
2026-01-25,5,203573,27,83,356,Open,Medium,Clean,False,0.0,Track 13,Maintenance,466,0,1,6
2026-01-25,6,244963,64,22,190,Open,Medium,Clean,False,0.0,Track 8,Maintenance,276,0,1,6
2026-01-25,7,171019,26,111,176,Closed,High,Scheduled,True,0.9,Track 14,Standby,313,0,0,6
2026-01-25,8,242300,13,166,348,Closed,High,Clean,False,0.8,Track 8,Standby,527,0,0,6
2026-01-25,9,228292,84,36,204,Open,Medium,Clean,False,0.0,Track 13,Maintenance,324,0,1,6
2026-01-25,10,236574,6,71,288,Closed,High,Clean,False,11.1,Track 7,Inducted,365,1,0,6
2026-01-25,11,207082,28,13,222,Closed,Low,Clean,False,1.0,Track 4,Standby,263,0,0,6
2026-01-25,12,135345,7,6,270,Closed,Medium,Clean,False,1.2,Track 14,Standby,283,1,0,6
2026-01-25,13,183731,68,154,238,Closed,Low,Clean,False,1.1,Track 13,Standby,460,0,0,6
2026-01-25,14,233816,73,52,292,Closed,Low,Clean,True,13.0,Track 9,Inducted,417,0,0,6
2026-01-25,15,102007,30,20,151,Closed,High,Clean,False,13.2,Track 2,Inducted,201,0,0,6
2026-01-25,16,133833,8,100,66,Closed,Medium,Clean,False,1.2,Track 11,Standby,174,0,0,6
2026-01-25,17,224466,29,100,364,Closed,Medium,Clean,False,1.1,Track 6,Standby,493,0,0,6
2026-01-25,18,100679,86,72,273,Closed,Medium,Clean,False,11.7,Track 10,Inducted,431,0,0,6
2026-01-25,19,243843,37,52,210,Closed,High,Clean,False,1.2,Track 11,Standby,299,0,0,6
2026-01-25,20,194413,19,135,286,Closed,Low,Clean,False,1.0,Track 13,Standby,440,0,0,6
2026-01-25,21,116984,65,13,63,Closed,Medium,Clean,False,10.2,Track 8,Inducted,141,0,0,6
2026-01-25,22,168492,51,152,331,Open,High,Clean,False,0.0,Track 13,Maintenance,534,0,1,6
2026-01-25,23,203798,8,17,141,Closed,High,Clean,False,1.1,Track 9,Standby,166,0,0,6
2026-01-25,24,172419,2,76,25,Closed,Medium,Clean,True,1.4,Track 13,Standby,103,1,0,6
2026-01-25,25,118092,35,89,210,Open,Low,Clean,False,0.0,Track 15,Maintenance,334,0,1,6
2026-01-26,1,178214,52,84,259,Closed,Low,Clean,False,0.8,Track 2,Standby,395,0,0,0
2026-01-26,2,151625,75,99,266,Closed,Low,Clean,False,13.4,Track 14,Inducted,440,0,0,0
2026-01-26,3,147102,17,16,330,Open,Low,Clean,False,0.0,Track 10,Maintenance,363,0,1,0
2026-01-26,4,158041,66,91,184,Closed,High,Clean,False,9.8,Track 9,Inducted,341,0,0,0
2026-01-26,5,203573,26,82,355,Open,Medium,Clean,False,0.0,Track 4,Maintenance,463,0,1,0
2026-01-26,6,244997,63,21,189,Closed,Medium,Clean,False,1.2,Track 1,Standby,273,0,0,0
2026-01-26,7,171019,25,110,175,Open,High,Clean,False,0.0,Track 11,Maintenance,310,0,1,0
2026-01-26,8,242605,12,165,347,Closed,High,Clean,False,9.9,Track 5,Inducted,524,0,0,0
2026-01-26,9,228721,83,35,203,Closed,Medium,Clean,False,9.8,Track 12,Inducted,321,0,0,0
2026-01-26,10,236613,5,70,287,Closed,High,Scheduled,True,1.4,Track 14,Standby,362,1,0,0
2026-01-26,11,207082,27,12,221,Open,Low,Clean,False,0.0,Track 13,Maintenance,260,0,1,0
2026-01-26,12,135345,6,5,269,Open,Medium,Clean,False,0.0,Track 9,Maintenance,280,1,1,0
2026-01-26,13,183731,67,153,237,Open,Low,Clean,False,0.0,Track 4,Maintenance,457,0,1,0
2026-01-26,14,233843,72,51,291,Closed,Low,Clean,True,0.6,Track 10,Standby,414,0,0,0
2026-01-26,15,102007,29,19,150,Open,High,Clean,False,0.0,Track 3,Maintenance,198,0,1,0
2026-01-26,16,134326,7,99,65,Closed,Medium,Clean,False,12.5,Track 2,Inducted,171,1,0,0
2026-01-26,17,224506,28,99,363,Closed,Medium,Clean,False,1.0,Track 5,Standby,490,0,0,0
2026-01-26,18,100721,85,71,272,Closed,Medium,Clean,False,1.3,Track 5,Standby,428,0,0,0
2026-01-26,19,244265,36,51,209,Closed,High,Clean,False,13.0,Track 12,Inducted,296,0,0,0
2026-01-26,20,194763,18,134,285,Closed,Low,Clean,False,11.2,Track 7,Inducted,437,0,0,0
2026-01-26,21,116984,64,12,62,Open,Medium,Clean,False,0.0,Track 4,Maintenance,138,0,1,0
2026-01-26,22,168493,50,151,330,Closed,High,Scheduled,True,0.8,Track 4,Standby,531,0,0,0
2026-01-26,23,203798,7,16,140,Open,High,Clean,False,0.0,Track 3,Maintenance,163,1,1,0
2026-01-26,24,172419,1,75,24,Open,Medium,Scheduled,True,0.0,Track 3,Maintenance,100,1,1,0
2026-01-26,25,118103,34,88,209,Closed,Low,Clean,False,1.1,Track 12,Standby,331,0,0,0
2026-01-27,1,178217,51,83,258,Closed,Low,Clean,False,1.1,Track 12,Standby,392,0,0,1
2026-01-27,2,151995,74,98,265,Closed,Low,Clean,False,11.6,Track 13,Inducted,437,0,0,1
2026-01-27,3,147524,16,15,329,Closed,Low,Clean,False,10.1,Track 3,Inducted,360,0,0,1
2026-01-27,4,158041,65,90,183,Open,High,Clean,False,0.0,Track 8,Maintenance,338,0,1,1
2026-01-27,5,203898,25,81,354,Closed,Medium,Clean,False,13.6,Track 15,Inducted,460,0,0,1
2026-01-27,6,244997,62,20,188,Open,Medium,Clean,False,0.0,Track 2,Maintenance,270,0,1,1
2026-01-27,7,171019,24,109,174,Closed,High,Clean,False,1.3,Track 15,Standby,307,0,0,1
2026-01-27,8,242648,11,164,346,Closed,High,Clean,False,1.3,Track 9,Standby,521,0,0,1
2026-01-27,9,228721,82,34,202,Open,Medium,Clean,False,0.0,Track 14,Maintenance,318,0,1,1
2026-01-27,10,236613,4,69,286,Open,High,Clean,False,0.0,Track 1,Maintenance,359,1,1,1
2026-01-27,11,207082,26,11,220,Open,Low,Clean,False,0.0,Track 6,Maintenance,257,0,1,1
2026-01-27,12,135761,5,4,268,Closed,Medium,Clean,False,9.8,Track 7,Inducted,277,1,0,1
2026-01-27,13,184082,66,152,236,Closed,Low,Clean,False,12.9,Track 15,Inducted,454,0,0,1
2026-01-27,14,233889,71,50,290,Closed,Low,Scheduled,True,0.9,Track 13,Standby,411,0,0,1
2026-01-27,15,102405,28,18,149,Closed,High,Clean,False,13.5,Track 1,Inducted,195,0,0,1
2026-01-27,16,134746,6,98,64,Closed,Medium,Clean,False,10.7,Track 6,Inducted,168,1,0,1
2026-01-27,17,224534,27,98,362,Closed,Medium,Clean,False,1.1,Track 3,Standby,487,0,0,1
2026-01-27,18,100733,84,70,271,Closed,Medium,Clean,False,1.0,Track 8,Standby,425,0,0,1
2026-01-27,19,244306,35,50,208,Closed,High,Clean,False,1.2,Track 2,Standby,293,0,0,1
2026-01-27,20,195347,17,133,284,Closed,Low,Clean,False,8.6,Track 1,Inducted,434,0,0,1
2026-01-27,21,116995,63,11,61,Closed,Medium,Clean,False,0.6,Track 1,Standby,135,0,0,1
2026-01-27,22,169036,49,150,329,Closed,High,Clean,False,8.7,Track 9,Inducted,528,0,0,1
2026-01-27,23,203807,6,15,139,Closed,High,Clean,False,0.9,Track 8,Standby,160,1,0,1
2026-01-27,24,172450,90,74,23,Closed,Medium,Scheduled,True,1.4,Track 12,Standby,187,0,0,1
2026-01-27,25,118103,33,87,208,Open,Low,Clean,False,0.0,Track 11,Maintenance,328,0,1,1
2026-01-28,1,178233,50,82,257,Closed,Low,Clean,False,0.5,Track 8,Standby,389,0,0,2
2026-01-28,2,152364,73,97,264,Closed,Low,Clean,False,12.6,Track 15,Inducted,434,0,0,2
2026-01-28,3,147532,15,14,328,Closed,Low,Clean,False,1.0,Track 5,Standby,357,0,0,2
2026-01-28,4,158059,64,89,182,Closed,High,Clean,False,0.6,Track 3,Standby,335,0,0,2
2026-01-28,5,204484,24,80,353,Closed,Medium,Clean,False,13.6,Track 7,Inducted,457,0,0,2
2026-01-28,6,245518,61,19,187,Closed,Medium,Clean,False,8.0,Track 1,Inducted,267,0,0,2
2026-01-28,7,171370,23,108,173,Closed,High,Clean,False,13.8,Track 1,Inducted,304,0,0,2
2026-01-28,8,242648,10,163,345,Open,High,Clean,False,0.0,Track 14,Maintenance,518,0,1,2
2026-01-28,9,229288,81,33,201,Closed,Medium,Clean,False,12.9,Track 2,Inducted,315,0,0,2
2026-01-28,10,237046,3,68,285,Closed,High,Clean,False,13.8,Track 12,Inducted,356,1,0,2
2026-01-28,11,207082,25,10,219,Open,Low,Clean,False,0.0,Track 7,Maintenance,254,0,1,2
2026-01-28,12,135761,4,3,267,Open,Medium,Clean,False,0.0,Track 1,Maintenance,274,1,1,2
2026-01-28,13,184104,65,151,235,Closed,Low,Clean,False,0.8,Track 7,Standby,451,0,0,2
2026-01-28,14,233925,70,49,289,Closed,Low,Clean,False,0.7,Track 15,Standby,408,0,0,2
2026-01-28,15,102783,27,17,148,Closed,High,Clean,False,13.2,Track 5,Inducted,192,0,0,2
2026-01-28,16,134746,5,97,63,Open,Medium,Clean,False,0.0,Track 10,Maintenance,165,1,1,2
2026-01-28,17,224534,26,97,361,Open,Medium,Clean,False,0.0,Track 2,Maintenance,484,0,1,2
2026-01-28,18,100733,83,69,270,Open,Medium,Clean,False,0.0,Track 11,Maintenance,422,0,1,2
2026-01-28,19,244333,34,49,207,Closed,High,Clean,False,0.7,Track 12,Standby,290,0,0,2
2026-01-28,20,195347,16,132,283,Open,Low,Clean,False,0.0,Track 1,Maintenance,431,0,1,2
2026-01-28,21,117015,62,10,60,Closed,Medium,Clean,False,1.4,Track 15,Standby,132,0,0,2
2026-01-28,22,169621,48,149,328,Closed,High,Clean,False,8.7,Track 6,Inducted,525,0,0,2
2026-01-28,23,203807,5,14,138,Open,High,Clean,False,0.0,Track 3,Maintenance,157,1,1,2
2026-01-28,24,172481,89,73,22,Closed,Medium,Clean,False,0.6,Track 6,Standby,184,0,0,2
2026-01-28,25,118674,32,86,207,Closed,Low,Clean,False,11.1,Track 12,Inducted,325,0,0,2
2026-01-29,1,178817,49,81,256,Closed,Low,Clean,False,12.9,Track 9,Inducted,386,0,0,3
2026-01-29,2,152382,72,96,263,Closed,Low,Clean,False,0.5,Track 13,Standby,431,0,0,3
2026-01-29,3,147532,14,13,327,Open,Low,Clean,False,0.0,Track 3,Maintenance,354,0,1,3
2026-01-29,4,158615,63,88,181,Closed,High,Clean,False,12.8,Track 4,Inducted,332,0,0,3
2026-01-29,5,204804,23,79,352,Closed,Medium,Clean,False,13.2,Track 3,Inducted,454,0,0,3
2026-01-29,6,245529,60,18,186,Closed,Medium,Clean,False,1.1,Track 13,Standby,264,0,0,3
2026-01-29,7,171370,22,107,172,Open,High,Clean,False,0.0,Track 15,Maintenance,301,0,1,3
2026-01-29,8,242688,9,162,344,Closed,High,Clean,False,0.5,Track 13,Standby,515,0,0,3
2026-01-29,9,229879,80,32,200,Closed,Medium,Clean,False,10.5,Track 14,Inducted,312,0,0,3
2026-01-29,10,237046,2,67,284,Open,High,Clean,False,0.0,Track 7,Maintenance,353,1,1,3
2026-01-29,11,207460,24,9,218,Closed,Low,Clean,False,10.1,Track 8,Inducted,251,0,0,3
2026-01-29,12,136065,3,2,266,Closed,Medium,Clean,False,13.5,Track 12,Inducted,271,1,0,3
2026-01-29,13,184144,64,150,234,Closed,Low,Clean,False,1.4,Track 10,Standby,448,0,0,3
2026-01-29,14,233937,69,48,288,Closed,Low,Clean,False,0.8,Track 3,Standby,405,0,0,3
2026-01-29,15,103337,26,16,147,Closed,High,Clean,False,8.3,Track 12,Inducted,189,0,0,3
2026-01-29,16,134746,4,96,62,Open,Medium,Clean,False,0.0,Track 14,Maintenance,162,1,1,3
2026-01-29,17,224540,25,96,360,Closed,Medium,Clean,False,0.7,Track 6,Standby,481,0,0,3
2026-01-29,18,100772,82,68,269,Closed,Medium,Clean,False,1.0,Track 5,Standby,419,0,0,3
2026-01-29,19,244737,33,48,206,Closed,High,Clean,False,13.2,Track 11,Inducted,287,0,0,3
2026-01-29,20,195347,15,131,282,Open,Low,Clean,False,0.0,Track 13,Maintenance,428,0,1,3
2026-01-29,21,117015,61,9,59,Open,Medium,Clean,False,0.0,Track 7,Maintenance,129,0,1,3
2026-01-29,22,170209,47,148,327,Closed,High,Clean,False,8.0,Track 8,Inducted,522,0,0,3
2026-01-29,23,203840,4,13,137,Closed,High,Clean,False,0.9,Track 8,Standby,154,1,0,3
2026-01-29,24,172910,88,72,21,Closed,Medium,Clean,False,9.9,Track 5,Inducted,181,0,0,3
2026-01-29,25,118674,31,85,206,Open,Low,Clean,False,0.0,Track 3,Maintenance,322,0,1,3
2026-01-30,1,179146,48,80,255,Closed,Low,Clean,False,9.2,Track 7,Inducted,383,0,0,4
2026-01-30,2,152382,71,95,262,Open,Low,Clean,False,0.0,Track 2,Maintenance,428,0,1,4
2026-01-30,3,147532,13,12,326,Open,Low,Clean,False,0.0,Track 8,Maintenance,351,0,1,4
2026-01-30,4,158615,62,87,180,Open,High,Clean,False,0.0,Track 8,Maintenance,329,0,1,4
2026-01-30,5,204804,22,78,351,Open,Medium,Clean,False,0.0,Track 4,Maintenance,451,0,1,4
2026-01-30,6,246041,59,17,185,Closed,Medium,Clean,False,8.5,Track 14,Inducted,261,0,0,4
2026-01-30,7,171761,21,106,171,Closed,High,Clean,False,10.2,Track 9,Inducted,298,0,0,4
2026-01-30,8,242735,8,161,343,Closed,High,Clean,False,1.2,Track 1,Standby,512,0,0,4
2026-01-30,9,229879,79,31,199,Open,Medium,Clean,False,0.0,Track 12,Maintenance,309,0,1,4
2026-01-30,10,237090,1,66,283,Closed,High,Clean,False,0.6,Track 8,Standby,350,1,0,4
2026-01-30,11,207499,23,8,217,Closed,Low,Clean,False,1.2,Track 13,Standby,248,0,0,4
2026-01-30,12,136558,2,1,265,Closed,Medium,Clean,False,9.2,Track 10,Inducted,268,1,0,4
2026-01-30,13,184144,63,149,233,Open,Low,Clean,False,0.0,Track 13,Maintenance,445,0,1,4
2026-01-30,14,234453,68,47,287,Closed,Low,Clean,False,12.8,Track 8,Inducted,402,0,0,4
2026-01-30,15,103912,25,15,146,Closed,High,Clean,False,11.8,Track 2,Inducted,186,0,0,4
2026-01-30,16,135321,3,95,61,Closed,Medium,Clean,False,12.2,Track 11,Inducted,159,1,0,4
2026-01-30,17,224540,24,95,359,Open,Medium,Clean,False,0.0,Track 10,Maintenance,478,0,1,4
2026-01-30,18,101138,81,67,268,Closed,Medium,Clean,False,10.2,Track 13,Inducted,416,0,0,4
2026-01-30,19,245244,32,47,205,Closed,High,Clean,False,10.8,Track 15,Inducted,284,0,0,4
2026-01-30,20,195350,14,130,281,Closed,Low,Clean,False,0.6,Track 15,Standby,425,0,0,4
2026-01-30,21,117015,60,8,58,Open,Medium,Clean,False,0.0,Track 15,Maintenance,126,0,1,4
2026-01-30,22,170247,46,147,326,Closed,High,Clean,False,1.3,Track 1,Standby,519,0,0,4
2026-01-30,23,204201,3,12,136,Closed,High,Clean,False,9.4,Track 12,Inducted,151,1,0,4
2026-01-30,24,173483,87,71,20,Closed,Medium,Clean,False,10.2,Track 10,Inducted,178,0,0,4
2026-01-30,25,118674,30,84,205,Open,Low,Clean,False,0.0,Track 15,Maintenance,319,0,1,4
2026-01-31,1,179606,47,79,254,Closed,Low,Clean,False,12.4,Track 8,Inducted,380,0,0,5
2026-01-31,2,152382,70,94,261,Open,Low,Clean,False,0.0,Track 8,Maintenance,425,0,1,5
2026-01-31,3,147856,12,11,325,Closed,Low,Clean,False,10.2,Track 5,Inducted,348,0,0,5
2026-01-31,4,158957,61,86,179,Closed,High,Clean,False,10.8,Track 3,Inducted,326,0,0,5
2026-01-31,5,205275,21,77,350,Closed,Medium,Clean,False,12.1,Track 13,Inducted,448,0,0,5
2026-01-31,6,246078,58,16,184,Closed,Medium,Clean,False,1.5,Track 12,Standby,258,0,0,5
2026-01-31,7,171777,20,105,170,Closed,High,Clean,False,1.2,Track 14,Standby,295,0,0,5
2026-01-31,8,242765,7,160,342,Closed,High,Clean,False,1.0,Track 11,Standby,509,1,0,5
2026-01-31,9,229879,78,30,198,Open,Medium,Clean,False,0.0,Track 4,Maintenance,306,0,1,5
2026-01-31,10,237138,90,65,282,Closed,High,Clean,False,0.6,Track 3,Standby,437,0,0,5
2026-01-31,11,207499,22,7,216,Open,Low,Clean,False,0.0,Track 15,Maintenance,245,1,1,5
2026-01-31,12,136558,1,180,264,Open,Medium,Scheduled,True,0.0,Track 3,Maintenance,445,1,1,5
2026-01-31,13,184487,62,148,232,Closed,Low,Clean,False,9.0,Track 1,Inducted,442,0,0,5
2026-01-31,14,234773,67,46,286,Closed,Low,Clean,False,8.7,Track 6,Inducted,399,0,0,5
2026-01-31,15,103912,24,14,145,Open,High,Clean,False,0.0,Track 7,Maintenance,183,0,1,5
2026-01-31,16,135366,2,94,60,Closed,Medium,Clean,False,1.4,Track 6,Standby,156,1,0,5
2026-01-31,17,224587,23,94,358,Closed,Medium,Clean,False,0.7,Track 6,Standby,475,0,0,5
2026-01-31,18,101704,80,66,267,Closed,Medium,Clean,False,12.7,Track 2,Inducted,413,0,0,5
2026-01-31,19,245570,31,46,204,Closed,High,Clean,False,9.1,Track 9,Inducted,281,0,0,5
2026-01-31,20,195667,13,129,280,Closed,Low,Clean,False,12.1,Track 6,Inducted,422,0,0,5
2026-01-31,21,117015,59,7,57,Open,Medium,Clean,False,0.0,Track 11,Maintenance,123,1,1,5
2026-01-31,22,170811,45,146,325,Closed,High,Clean,False,8.4,Track 7,Inducted,516,0,0,5
2026-01-31,23,204228,2,11,135,Closed,High,Clean,False,0.8,Track 6,Standby,148,1,0,5
2026-01-31,24,173491,86,70,19,Closed,Medium,Clean,False,1.2,Track 3,Standby,175,0,0,5
2026-01-31,25,119067,29,83,204,Closed,Low,Clean,False,8.6,Track 12,Inducted,316,0,0,5
2026-02-01,1,179606,46,78,253,Open,Low,Clean,False,0.0,Track 3,Maintenance,377,0,1,6
2026-02-01,2,152980,69,93,260,Closed,Low,Clean,False,11.8,Track 10,Inducted,422,0,0,6
2026-02-01,3,147856,11,10,324,Open,Low,Clean,False,0.0,Track 1,Maintenance,345,0,1,6
2026-02-01,4,158961,60,85,178,Closed,High,Clean,False,1.4,Track 7,Standby,323,0,0,6
2026-02-01,5,205298,20,76,349,Closed,Medium,Clean,False,1.5,Track 6,Standby,445,0,0,6
2026-02-01,6,246676,57,15,183,Closed,Medium,Clean,False,11.3,Track 2,Inducted,255,0,0,6
2026-02-01,7,171777,19,104,169,Open,High,Clean,False,0.0,Track 4,Maintenance,292,0,1,6
2026-02-01,8,242802,6,159,341,Closed,High,Scheduled,True,1.1,Track 2,Standby,506,1,0,6
2026-02-01,9,229883,77,29,197,Closed,Medium,Clean,False,0.8,Track 15,Standby,303,0,0,6
2026-02-01,10,237148,89,64,281,Closed,High,Clean,False,1.5,Track 9,Standby,434,0,0,6
2026-02-01,11,207499,21,6,215,Open,Low,Clean,False,0.0,Track 2,Maintenance,242,1,1,6
2026-02-01,12,136583,90,179,263,Closed,Medium,Scheduled,True,1.0,Track 14,Standby,532,0,0,6
2026-02-01,13,184517,61,147,231,Closed,Low,Scheduled,True,0.7,Track 2,Standby,439,0,0,6
2026-02-01,14,234797,66,45,285,Closed,Low,Clean,False,0.6,Track 7,Standby,396,0,0,6
2026-02-01,15,104409,23,13,144,Closed,High,Clean,False,11.8,Track 11,Inducted,180,0,0,6
2026-02-01,16,135366,1,93,59,Open,Medium,Clean,False,0.0,Track 2,Maintenance,153,1,1,6
2026-02-01,17,224992,22,93,357,Closed,Medium,Clean,False,8.2,Track 5,Inducted,472,0,0,6
2026-02-01,18,102125,79,65,266,Closed,Medium,Clean,False,9.1,Track 8,Inducted,410,0,0,6
2026-02-01,19,245978,30,45,203,Closed,High,Clean,False,10.1,Track 7,Inducted,278,0,0,6
2026-02-01,20,196226,12,128,279,Closed,Low,Clean,False,9.4,Track 2,Inducted,419,0,0,6
2026-02-01,21,117015,58,6,56,Open,Medium,Clean,False,0.0,Track 6,Maintenance,120,1,1,6
2026-02-01,22,170833,44,145,324,Closed,High,Clean,False,1.5,Track 6,Standby,513,0,0,6
2026-02-01,23,204228,1,10,134,Open,High,Clean,False,0.0,Track 14,Maintenance,145,1,1,6
2026-02-01,24,173846,85,69,18,Closed,Medium,Clean,False,13.9,Track 4,Inducted,172,0,0,6
2026-02-01,25,119067,28,82,203,Open,Low,Clean,False,0.0,Track 6,Maintenance,313,0,1,6
2026-02-02,1,180104,45,77,252,Closed,Low,Clean,False,12.4,Track 13,Inducted,374,0,0,0
2026-02-02,2,153565,68,92,259,Closed,Low,Clean,False,8.6,Track 9,Inducted,419,0,0,0
2026-02-02,3,148372,10,9,323,Closed,Low,Clean,False,9.0,Track 6,Inducted,342,0,0,0
2026-02-02,4,159491,59,84,177,Closed,High,Clean,False,13.0,Track 9,Inducted,320,0,0,0
2026-02-02,5,205317,19,75,348,Closed,Medium,Clean,False,1.1,Track 11,Standby,442,0,0,0
2026-02-02,6,247164,56,14,182,Closed,Medium,Clean,False,11.3,Track 5,Inducted,252,0,0,0
2026-02-02,7,172128,18,103,168,Closed,High,Clean,False,8.7,Track 8,Inducted,289,0,0,0
2026-02-02,8,242819,5,158,340,Closed,High,Clean,False,1.0,Track 7,Standby,503,1,0,0
2026-02-02,9,230219,76,28,196,Closed,Medium,Clean,False,13.4,Track 11,Inducted,300,0,0,0
2026-02-02,10,237488,88,63,280,Closed,High,Clean,False,11.2,Track 14,Inducted,431,0,0,0
2026-02-02,11,207525,20,5,214,Closed,Low,Clean,False,0.8,Track 10,Standby,239,1,0,0
2026-02-02,12,136584,89,178,262,Closed,Medium,Clean,False,1.5,Track 3,Standby,529,0,0,0
2026-02-02,13,184558,60,146,230,Closed,Low,Clean,False,1.0,Track 1,Standby,436,0,0,0
2026-02-02,14,235394,65,44,284,Closed,Low,Clean,False,8.6,Track 7,Inducted,393,0,0,0
2026-02-02,15,104784,22,12,143,Closed,High,Clean,False,8.6,Track 7,Inducted,177,0,0,0
2026-02-02,16,135409,90,92,58,Closed,Medium,Clean,False,1.0,Track 1,Standby,240,0,0,0
2026-02-02,17,224992,21,92,356,Open,Medium,Clean,False,0.0,Track 9,Maintenance,469,0,1,0
2026-02-02,18,102476,78,64,265,Closed,Medium,Clean,False,12.6,Track 4,Inducted,407,0,0,0
2026-02-02,19,246552,29,44,202,Closed,High,Clean,False,11.9,Track 10,Inducted,275,0,0,0
2026-02-02,20,196272,11,127,278,Closed,Low,Clean,False,0.5,Track 3,Standby,416,0,0,0
2026-02-02,21,117024,57,5,55,Closed,Medium,Clean,False,0.8,Track 15,Standby,117,1,0,0
2026-02-02,22,171280,43,144,323,Closed,High,Clean,False,11.9,Track 8,Inducted,510,0,0,0
2026-02-02,23,204274,90,9,133,Closed,High,Clean,False,1.1,Track 10,Standby,232,0,0,0
2026-02-02,24,173866,84,68,17,Closed,Medium,Clean,False,1.3,Track 8,Standby,169,0,0,0
2026-02-02,25,119067,27,81,202,Open,Low,Clean,False,0.0,Track 7,Maintenance,310,0,1,0
2026-02-03,1,180147,44,76,251,Closed,Low,Clean,False,0.8,Track 12,Standby,371,0,0,1
2026-02-03,2,153578,67,91,258,Closed,Low,Clean,False,1.0,Track 5,Standby,416,0,0,1
2026-02-03,3,148375,9,8,322,Closed,Low,Clean,False,1.4,Track 11,Standby,339,0,0,1
2026-02-03,4,159514,58,83,176,Closed,High,Clean,False,0.8,Track 11,Standby,317,0,0,1
2026-02-03,5,205895,18,74,347,Closed,Medium,Clean,False,12.1,Track 7,Inducted,439,0,0,1
2026-02-03,6,247177,55,13,181,Closed,Medium,Clean,False,0.6,Track 7,Standby,249,0,0,1
2026-02-03,7,172728,17,102,167,Closed,High,Clean,False,13.0,Track 9,Inducted,286,0,0,1
2026-02-03,8,243245,4,157,339,Closed,High,Clean,False,10.5,Track 12,Inducted,500,1,0,1
2026-02-03,9,230226,75,27,195,Closed,Medium,Clean,False,1.0,Track 11,Standby,297,0,0,1
2026-02-03,10,237510,87,62,279,Closed,High,Clean,False,1.1,Track 10,Standby,428,0,0,1
2026-02-03,11,207541,19,4,213,Closed,Low,Clean,False,1.1,Track 15,Standby,236,1,0,1
2026-02-03,12,136584,88,177,261,Open,Medium,Clean,False,0.0,Track 3,Maintenance,526,0,1,1
2026-02-03,13,184558,59,145,229,Open,Low,Clean,False,0.0,Track 3,Maintenance,433,0,1,1
2026-02-03,14,235403,64,43,283,Closed,Low,Clean,False,1.1,Track 15,Standby,390,0,0,1
2026-02-03,15,104784,21,11,142,Open,High,Clean,False,0.0,Track 12,Maintenance,174,0,1,1
2026-02-03,16,135426,89,91,57,Closed,Medium,Clean,False,0.6,Track 11,Standby,237,0,0,1
2026-02-03,17,225436,20,91,355,Closed,Medium,Clean,False,10.7,Track 9,Inducted,466,0,0,1
2026-02-03,18,102516,77,63,264,Closed,Medium,Clean,False,1.2,Track 15,Standby,404,0,0,1
2026-02-03,19,246555,28,43,201,Closed,High,Clean,False,0.7,Track 15,Standby,272,0,0,1
2026-02-03,20,196272,10,126,277,Open,Low,Clean,False,0.0,Track 7,Maintenance,413,0,1,1
2026-02-03,21,117024,56,4,54,Open,Medium,Clean,False,0.0,Track 5,Maintenance,114,1,1,1
2026-02-03,22,171860,42,143,322,Closed,High,Clean,False,12.1,Track 8,Inducted,507,0,0,1
2026-02-03,23,204280,89,8,132,Closed,High,Clean,False,1.5,Track 15,Standby,229,0,0,1
2026-02-03,24,173866,83,67,16,Open,Medium,Clean,False,0.0,Track 11,Maintenance,166,0,1,1
2026-02-03,25,119110,26,80,201,Closed,Low,Clean,False,1.4,Track 11,Standby,307,0,0,1
2026-02-04,1,180147,43,75,250,Open,Low,Clean,False,0.0,Track 14,Maintenance,368,0,1,2
2026-02-04,2,153932,66,90,257,Closed,Low,Clean,False,11.4,Track 14,Inducted,413,0,0,2
2026-02-04,3,148375,8,7,321,Open,Low,Clean,False,0.0,Track 3,Maintenance,336,1,1,2
2026-02-04,4,159532,57,82,175,Closed,High,Clean,False,0.9,Track 15,Standby,314,0,0,2
2026-02-04,5,205945,17,73,346,Closed,Medium,Scheduled,True,1.1,Track 6,Standby,436,0,0,2
2026-02-04,6,247736,54,12,180,Closed,Medium,Clean,False,8.5,Track 14,Inducted,246,0,0,2
2026-02-04,7,172728,16,101,166,Open,High,Clean,False,0.0,Track 10,Maintenance,283,0,1,2
2026-02-04,8,243756,3,156,338,Closed,High,Clean,False,10.6,Track 11,Inducted,497,1,0,2
2026-02-04,9,230271,74,26,194,Closed,Medium,Scheduled,True,0.8,Track 9,Standby,294,0,0,2
2026-02-04,10,237510,86,61,278,Open,High,Clean,False,0.0,Track 9,Maintenance,425,0,1,2
2026-02-04,11,207969,18,3,212,Closed,Low,Clean,False,10.1,Track 10,Inducted,233,1,0,2
2026-02-04,12,136584,87,176,260,Open,Medium,Clean,False,0.0,Track 8,Maintenance,523,0,1,2
2026-02-04,13,184571,58,144,228,Closed,Low,Clean,False,0.7,Track 4,Standby,430,0,0,2
2026-02-04,14,235837,63,42,282,Closed,Low,Clean,False,13.2,Track 2,Inducted,387,0,0,2
2026-02-04,15,104814,20,10,141,Closed,High,Clean,False,1.3,Track 7,Standby,171,0,0,2
2026-02-04,16,135461,88,90,56,Closed,Medium,Clean,False,0.8,Track 12,Standby,234,0,0,2
2026-02-04,17,225480,19,90,354,Closed,Medium,Clean,False,1.3,Track 11,Standby,463,0,0,2
2026-02-04,18,102516,76,62,263,Open,Medium,Clean,False,0.0,Track 12,Maintenance,401,0,1,2
2026-02-04,19,246996,27,42,200,Closed,High,Clean,False,8.7,Track 6,Inducted,269,0,0,2
2026-02-04,20,196827,9,125,276,Closed,Low,Clean,False,12.9,Track 12,Inducted,410,0,0,2
2026-02-04,21,117501,55,3,53,Closed,Medium,Clean,False,13.9,Track 1,Inducted,111,1,0,2
2026-02-04,22,171882,41,142,321,Closed,High,Clean,False,1.2,Track 3,Standby,504,0,0,2
2026-02-04,23,204293,88,7,131,Closed,High,Clean,False,0.7,Track 2,Standby,226,1,0,2
2026-02-04,24,173899,82,66,15,Closed,Medium,Clean,False,1.0,Track 12,Standby,163,0,0,2
2026-02-04,25,119110,25,79,200,Open,Low,Clean,False,0.0,Track 6,Maintenance,304,0,1,2
2026-02-05,1,180447,42,74,249,Closed,Low,Clean,False,11.2,Track 13,Inducted,365,0,0,3
2026-02-05,2,153953,65,89,256,Closed,Low,Scheduled,True,1.1,Track 15,Standby,410,0,0,3
2026-02-05,3,148423,7,6,320,Closed,Low,Clean,False,1.4,Track 14,Standby,333,1,0,3
2026-02-05,4,159558,56,81,174,Closed,High,Clean,False,1.2,Track 10,Standby,311,0,0,3
2026-02-05,5,205980,16,72,345,Closed,Medium,Clean,False,0.9,Track 3,Standby,433,0,0,3
2026-02-05,6,247737,53,11,179,Closed,Medium,Clean,False,1.0,Track 13,Standby,243,0,0,3
2026-02-05,7,173271,15,100,165,Closed,High,Clean,False,11.7,Track 7,Inducted,280,0,0,3
2026-02-05,8,243756,2,155,337,Open,High,Clean,False,0.0,Track 7,Maintenance,494,1,1,3
2026-02-05,9,230271,73,25,193,Open,Medium,Clean,False,0.0,Track 6,Maintenance,291,0,1,3
2026-02-05,10,237510,85,60,277,Open,High,Clean,False,0.0,Track 6,Maintenance,422,0,1,3
2026-02-05,11,208285,17,2,211,Closed,Low,Clean,False,9.1,Track 13,Inducted,230,1,0,3
2026-02-05,12,136623,86,175,259,Closed,Medium,Clean,False,0.8,Track 10,Standby,520,0,0,3
2026-02-05,13,184571,57,143,227,Open,Low,Clean,False,0.0,Track 10,Maintenance,427,0,1,3
2026-02-05,14,236207,62,41,281,Closed,Low,Clean,False,12.6,Track 6,Inducted,384,0,0,3
2026-02-05,15,104859,19,9,140,Closed,High,Clean,False,0.5,Track 9,Standby,168,0,0,3
2026-02-05,16,135461,87,89,55,Open,Medium,Clean,False,0.0,Track 7,Maintenance,231,0,1,3
2026-02-05,17,225806,18,89,353,Closed,Medium,Clean,False,13.6,Track 1,Inducted,460,0,0,3
2026-02-05,18,102516,75,61,262,Open,Medium,Clean,False,0.0,Track 13,Maintenance,398,0,1,3
2026-02-05,19,247006,26,41,199,Closed,High,Clean,False,1.4,Track 14,Standby,266,0,0,3
2026-02-05,20,197179,8,124,275,Closed,Low,Clean,True,10.3,Track 5,Inducted,407,0,0,3
2026-02-05,21,117528,54,2,52,Closed,Medium,Clean,False,1.2,Track 7,Standby,108,1,0,3
2026-02-05,22,172477,40,141,320,Closed,High,Clean,False,13.7,Track 3,Inducted,501,0,0,3
2026-02-05,23,204780,87,6,130,Closed,High,Clean,False,12.5,Track 15,Inducted,223,1,0,3
2026-02-05,24,174239,81,65,14,Closed,Medium,Clean,False,9.0,Track 12,Inducted,160,0,0,3
2026-02-05,25,119152,24,78,199,Closed,Low,Clean,False,1.1,Track 6,Standby,301,0,0,3
2026-02-06,1,180447,41,73,248,Open,Low,Clean,False,0.0,Track 9,Maintenance,362,0,1,4
2026-02-06,2,154409,64,88,255,Closed,Low,Clean,False,12.5,Track 9,Inducted,407,0,0,4
2026-02-06,3,148423,6,5,319,Open,Low,Clean,False,0.0,Track 1,Maintenance,330,1,1,4
2026-02-06,4,159582,55,80,173,Closed,High,Clean,False,1.4,Track 7,Standby,308,0,0,4
2026-02-06,5,206026,15,71,344,Closed,Medium,Clean,False,0.9,Track 10,Standby,430,0,0,4
2026-02-06,6,247758,52,10,178,Closed,Medium,Scheduled,True,1.3,Track 12,Standby,240,0,0,4
2026-02-06,7,173316,14,99,164,Closed,High,Clean,False,1.0,Track 3,Standby,277,0,0,4
2026-02-06,8,243766,1,154,336,Closed,High,Clean,False,0.6,Track 4,Standby,491,1,0,4
2026-02-06,9,230274,72,24,192,Closed,Medium,Clean,False,0.7,Track 2,Standby,288,0,0,4
2026-02-06,10,237539,84,59,276,Closed,High,Clean,False,1.1,Track 14,Standby,419,0,0,4
2026-02-06,11,208335,16,1,210,Closed,Low,Clean,False,1.0,Track 2,Standby,227,1,0,4
2026-02-06,12,136631,85,174,258,Closed,Medium,Clean,False,1.3,Track 15,Standby,517,0,0,4
2026-02-06,13,185095,56,142,226,Closed,Low,Clean,False,10.4,Track 13,Inducted,424,0,0,4
2026-02-06,14,236736,61,40,280,Closed,Low,Clean,False,13.0,Track 1,Inducted,381,0,0,4
2026-02-06,15,104872,18,8,139,Closed,High,Clean,False,0.6,Track 13,Standby,165,0,0,4
2026-02-06,16,135480,86,88,54,Closed,Medium,Clean,False,1.5,Track 6,Standby,228,0,0,4
2026-02-06,17,225806,17,88,352,Open,Medium,Scheduled,True,0.0,Track 11,Maintenance,457,0,1,4
2026-02-06,18,103076,74,60,261,Closed,Medium,Clean,False,11.4,Track 1,Inducted,395,0,0,4
2026-02-06,19,247006,25,40,198,Open,High,Clean,False,0.0,Track 6,Maintenance,263,0,1,4
2026-02-06,20,197179,7,123,274,Closed,Low,Clean,True,1.2,Track 4,Standby,404,1,0,4
2026-02-06,21,117562,53,1,51,Closed,Medium,Clean,False,1.4,Track 12,Standby,105,1,0,4
2026-02-06,22,172477,39,140,319,Open,High,Clean,False,0.0,Track 3,Maintenance,498,0,1,4
2026-02-06,23,204780,86,5,129,Open,High,Clean,False,0.0,Track 9,Maintenance,220,1,1,4
2026-02-06,24,174276,80,64,13,Closed,Medium,Clean,False,1.0,Track 14,Standby,157,0,0,4
2026-02-06,25,119180,23,77,198,Closed,Low,Clean,False,1.4,Track 4,Standby,298,0,0,4
2026-02-07,1,180479,40,72,247,Closed,Low,Clean,False,0.9,Track 8,Standby,359,0,0,5
2026-02-07,2,154720,63,87,254,Closed,Low,Clean,False,11.2,Track 5,Inducted,404,0,0,5
2026-02-07,3,148894,5,4,318,Closed,Low,Clean,False,13.5,Track 8,Inducted,327,1,0,5
2026-02-07,4,159953,54,79,172,Closed,High,Clean,False,11.7,Track 6,Inducted,305,0,0,5
2026-02-07,5,206068,14,70,343,Closed,Medium,Clean,False,0.6,Track 13,Standby,427,0,0,5
2026-02-07,6,247758,51,9,177,Open,Medium,Clean,False,0.0,Track 6,Maintenance,237,0,1,5
2026-02-07,7,173847,13,98,163,Closed,High,Clean,False,8.5,Track 7,Inducted,274,0,0,5
2026-02-07,8,244300,90,153,335,Closed,High,Clean,False,9.8,Track 15,Inducted,578,0,0,5
2026-02-07,9,230276,71,23,191,Closed,Medium,Clean,False,1.2,Track 8,Standby,285,0,0,5
2026-02-07,10,237539,83,58,275,Open,High,Clean,False,0.0,Track 5,Maintenance,416,0,1,5
2026-02-07,11,208383,15,180,209,Closed,Low,Clean,False,0.8,Track 3,Standby,404,0,0,5
2026-02-07,12,136947,84,173,257,Closed,Medium,Clean,False,9.9,Track 13,Inducted,514,0,0,5
2026-02-07,13,185101,55,141,225,Closed,Low,Clean,False,1.3,Track 11,Standby,421,0,0,5
2026-02-07,14,236736,60,39,279,Open,Low,Clean,False,0.0,Track 14,Maintenance,378,0,1,5
2026-02-07,15,104894,17,7,138,Closed,High,Clean,False,1.2,Track 14,Standby,162,1,0,5
2026-02-07,16,135514,85,87,53,Closed,Medium,Clean,False,1.2,Track 9,Standby,225,0,0,5
2026-02-07,17,225843,16,87,351,Closed,Medium,Scheduled,True,1.3,Track 3,Standby,454,0,0,5
2026-02-07,18,103076,73,59,260,Open,Medium,Clean,False,0.0,Track 5,Maintenance,392,0,1,5
2026-02-07,19,247487,24,39,197,Closed,High,Clean,False,9.2,Track 15,Inducted,260,0,0,5
2026-02-07,20,197192,6,122,273,Closed,Low,Scheduled,True,0.6,Track 7,Standby,401,1,0,5
2026-02-07,21,117562,52,180,50,Open,Medium,Clean,False,0.0,Track 5,Maintenance,282,0,1,5
2026-02-07,22,172479,38,139,318,Closed,High,Clean,False,1.1,Track 1,Standby,495,0,0,5
2026-02-07,23,205155,85,4,128,Closed,High,Clean,False,10.1,Track 14,Inducted,217,1,0,5
2026-02-07,24,174705,79,63,12,Closed,Medium,Clean,False,8.1,Track 4,Inducted,154,0,0,5
2026-02-07,25,119184,22,76,197,Closed,Low,Clean,False,1.5,Track 2,Standby,295,0,0,5
2026-02-08,1,180894,39,71,246,Closed,Low,Clean,False,9.8,Track 1,Inducted,356,0,0,6
2026-02-08,2,154760,62,86,253,Closed,Low,Clean,False,1.3,Track 1,Standby,401,0,0,6
2026-02-08,3,148944,4,3,317,Closed,Low,Clean,False,0.8,Track 9,Standby,324,1,0,6
2026-02-08,4,159953,53,78,171,Open,High,Clean,False,0.0,Track 11,Maintenance,302,0,1,6
2026-02-08,5,206542,13,69,342,Closed,Medium,Clean,False,9.4,Track 15,Inducted,424,0,0,6
2026-02-08,6,248133,50,8,176,Closed,Medium,Clean,False,10.2,Track 12,Inducted,234,0,0,6
2026-02-08,7,174206,12,97,162,Closed,High,Clean,False,8.4,Track 10,Inducted,271,0,0,6
2026-02-08,8,244727,89,152,334,Closed,High,Clean,False,10.0,Track 10,Inducted,575,0,0,6
2026-02-08,9,230276,70,22,190,Open,Medium,Clean,False,0.0,Track 14,Maintenance,282,0,1,6
2026-02-08,10,238092,82,57,274,Closed,High,Clean,False,8.4,Track 1,Inducted,413,0,0,6
2026-02-08,11,208383,14,179,208,Open,Low,Scheduled,True,0.0,Track 8,Maintenance,401,0,1,6
2026-02-08,12,137257,83,172,256,Closed,Medium,Clean,False,13.7,Track 15,Inducted,511,0,0,6
2026-02-08,13,185589,54,140,224,Closed,Low,Clean,False,10.8,Track 13,Inducted,418,0,0,6
2026-02-08,14,236736,59,38,278,Open,Low,Clean,False,0.0,Track 5,Maintenance,375,0,1,6
2026-02-08,15,104894,16,6,137,Open,High,Clean,False,0.0,Track 15,Maintenance,159,1,1,6
2026-02-08,16,135524,84,86,52,Closed,Medium,Clean,False,0.9,Track 11,Standby,222,0,0,6
2026-02-08,17,226391,15,86,350,Closed,Medium,Clean,False,9.9,Track 5,Inducted,451,0,0,6
2026-02-08,18,103076,72,58,259,Open,Medium,Clean,False,0.0,Track 5,Maintenance,389,0,1,6
2026-02-08,19,247512,23,38,196,Closed,High,Clean,False,0.7,Track 4,Standby,257,0,0,6
2026-02-08,20,197222,5,121,272,Closed,Low,Clean,False,1.4,Track 7,Standby,398,1,0,6
2026-02-08,21,117892,51,179,49,Closed,Medium,Clean,False,13.7,Track 6,Inducted,279,0,0,6
2026-02-08,22,172487,37,138,317,Closed,High,Clean,False,1.5,Track 14,Standby,492,0,0,6
2026-02-08,23,205202,84,3,127,Closed,High,Clean,False,1.0,Track 12,Standby,214,1,0,6
2026-02-08,24,174748,78,62,11,Closed,Medium,Clean,False,1.4,Track 6,Standby,151,0,0,6
2026-02-08,25,119184,21,75,196,Open,Low,Clean,False,0.0,Track 9,Maintenance,292,0,1,6
2026-02-09,1,181321,38,70,245,Closed,Low,Clean,False,9.7,Track 3,Inducted,353,0,0,0
2026-02-09,2,155123,61,85,252,Closed,Low,Clean,False,8.5,Track 2,Inducted,398,0,0,0
2026-02-09,3,149259,3,2,316,Closed,Low,Clean,False,11.1,Track 8,Inducted,321,1,0,0
2026-02-09,4,159999,52,77,170,Closed,High,Clean,False,1.2,Track 3,Standby,299,0,0,0
2026-02-09,5,207051,12,68,341,Closed,Medium,Clean,False,8.0,Track 15,Inducted,421,0,0,0
2026-02-09,6,248183,49,7,175,Closed,Medium,Clean,False,1.3,Track 3,Standby,231,1,0,0
2026-02-09,7,174212,11,96,161,Closed,High,Clean,False,1.1,Track 9,Standby,268,0,0,0
2026-02-09,8,244743,88,151,333,Closed,High,Clean,False,1.2,Track 9,Standby,572,0,0,0
2026-02-09,9,230322,69,21,189,Closed,Medium,Clean,False,1.3,Track 3,Standby,279,0,0,0
2026-02-09,10,238112,81,56,273,Closed,High,Clean,False,1.0,Track 7,Standby,410,0,0,0
2026-02-09,11,208387,13,178,207,Closed,Low,Clean,True,0.9,Track 4,Standby,398,0,0,0
2026-02-09,12,137278,82,171,255,Closed,Medium,Clean,False,1.0,Track 1,Standby,508,0,0,0
2026-02-09,13,185634,53,139,223,Closed,Low,Clean,False,1.4,Track 5,Standby,415,0,0,0
2026-02-09,14,236749,58,37,277,Closed,Low,Clean,False,1.4,Track 11,Standby,372,0,0,0
2026-02-09,15,104913,15,5,136,Closed,High,Clean,False,0.5,Track 2,Standby,156,1,0,0
2026-02-09,16,135524,83,85,51,Open,Medium,Clean,False,0.0,Track 11,Maintenance,219,0,1,0
2026-02-09,17,226773,14,85,349,Closed,Medium,Clean,False,8.3,Track 11,Inducted,448,0,0,0
2026-02-09,18,103085,71,57,258,Closed,Medium,Clean,False,0.9,Track 7,Standby,386,0,0,0
2026-02-09,19,247830,22,37,195,Closed,High,Clean,False,9.0,Track 15,Inducted,254,0,0,0
2026-02-09,20,197671,4,120,271,Closed,Low,Clean,False,12.2,Track 11,Inducted,395,1,0,0
2026-02-09,21,117908,50,178,48,Closed,Medium,Clean,False,1.3,Track 6,Standby,276,0,0,0
2026-02-09,22,172487,36,137,316,Open,High,Clean,False,0.0,Track 12,Maintenance,489,0,1,0
2026-02-09,23,205228,83,2,126,Closed,High,Clean,False,1.3,Track 1,Standby,211,1,0,0
2026-02-09,24,174759,77,61,10,Closed,Medium,Clean,False,1.1,Track 1,Standby,148,0,0,0
2026-02-09,25,119221,20,74,195,Closed,Low,Clean,False,1.2,Track 7,Standby,289,0,0,0
2026-02-10,1,181321,37,69,244,Open,Low,Clean,False,0.0,Track 4,Maintenance,350,0,1,1
2026-02-10,2,155557,60,84,251,Closed,Low,Clean,False,10.6,Track 1,Inducted,395,0,0,1
2026-02-10,3,149259,2,1,315,Open,Low,Clean,False,0.0,Track 4,Maintenance,318,1,1,1
2026-02-10,4,160459,51,76,169,Closed,High,Clean,False,11.1,Track 15,Inducted,296,0,0,1
2026-02-10,5,207066,11,67,340,Closed,Medium,Clean,False,1.3,Track 13,Standby,418,0,0,1
2026-02-10,6,248766,48,6,174,Closed,Medium,Clean,False,10.2,Track 15,Inducted,228,1,0,1
2026-02-10,7,174708,10,95,160,Closed,High,Clean,False,9.5,Track 15,Inducted,265,0,0,1
2026-02-10,8,244766,87,150,332,Closed,High,Clean,False,1.2,Track 15,Standby,569,0,0,1
2026-02-10,9,230322,68,20,188,Open,Medium,Clean,False,0.0,Track 11,Maintenance,276,0,1,1
2026-02-10,10,238688,80,55,272,Closed,High,Clean,False,12.8,Track 5,Inducted,407,0,0,1
2026-02-10,11,208387,12,177,206,Open,Low,Scheduled,True,0.0,Track 7,Maintenance,395,0,1,1
2026-02-10,12,137746,81,170,254,Closed,Medium,Clean,False,9.3,Track 3,Inducted,505,0,0,1
2026-02-10,13,185649,52,138,222,Closed,Low,Clean,False,0.9,Track 1,Standby,412,0,0,1
2026-02-10,14,236749,57,36,276,Open,Low,Clean,False,0.0,Track 10,Maintenance,369,0,1,1
2026-02-10,15,105380,14,4,135,Closed,High,Clean,False,8.7,Track 7,Inducted,153,1,0,1
2026-02-10,16,135524,82,84,50,Open,Medium,Clean,False,0.0,Track 12,Maintenance,216,0,1,1
2026-02-10,17,227200,13,84,348,Closed,Medium,Clean,False,8.6,Track 3,Inducted,445,0,0,1
2026-02-10,18,103085,70,56,257,Open,Medium,Clean,False,0.0,Track 10,Maintenance,383,0,1,1
2026-02-10,19,247830,21,36,194,Open,High,Clean,False,0.0,Track 7,Maintenance,251,0,1,1
2026-02-10,20,197990,3,119,270,Closed,Low,Clean,False,12.1,Track 13,Inducted,392,1,0,1
2026-02-10,21,117908,49,177,47,Open,Medium,Clean,False,0.0,Track 9,Maintenance,273,0,1,1
2026-02-10,22,172919,35,136,315,Closed,High,Clean,False,12.7,Track 2,Inducted,486,0,0,1
2026-02-10,23,205258,82,1,125,Closed,High,Clean,False,0.6,Track 3,Standby,208,1,0,1
2026-02-10,24,175132,76,60,9,Closed,Medium,Clean,False,12.6,Track 9,Inducted,145,0,0,1
2026-02-10,25,119270,19,73,194,Closed,Low,Clean,False,0.9,Track 5,Standby,286,0,0,1
2026-02-11,1,181321,36,68,243,Open,Low,Clean,False,0.0,Track 1,Maintenance,347,0,1,2
2026-02-11,2,155602,59,83,250,Closed,Low,Clean,False,0.9,Track 15,Standby,392,0,0,2
2026-02-11,3,149274,1,180,314,Closed,Low,Clean,False,0.5,Track 6,Standby,495,1,0,2
2026-02-11,4,160505,50,75,168,Closed,High,Clean,False,0.5,Track 12,Standby,293,0,0,2
2026-02-11,5,207066,10,66,339,Open,Medium,Clean,False,0.0,Track 9,Maintenance,415,0,1,2
2026-02-11,6,248766,47,5,173,Open,Medium,Clean,False,0.0,Track 10,Maintenance,225,1,1,2
2026-02-11,7,174750,9,94,159,Closed,High,Clean,False,0.7,Track 6,Standby,262,0,0,2
2026-02-11,8,244781,86,149,331,Closed,High,Clean,False,0.8,Track 4,Standby,566,0,0,2
2026-02-11,9,230921,67,19,187,Closed,Medium,Clean,False,12.4,Track 14,Inducted,273,0,0,2
2026-02-11,10,239269,79,54,271,Closed,High,Clean,False,13.5,Track 9,Inducted,404,0,0,2
2026-02-11,11,208397,11,176,205,Closed,Low,Scheduled,True,0.5,Track 14,Standby,392,0,0,2
2026-02-11,12,138163,80,169,253,Closed,Medium,Clean,False,12.9,Track 3,Inducted,502,0,0,2
2026-02-11,13,186172,51,137,221,Closed,Low,Clean,False,8.2,Track 9,Inducted,409,0,0,2
2026-02-11,14,236774,56,35,275,Closed,Low,Clean,False,0.8,Track 1,Standby,366,0,0,2
2026-02-11,15,105383,13,3,134,Closed,High,Scheduled,True,1.5,Track 5,Standby,150,1,0,2
2026-02-11,16,135524,81,83,49,Closed,Medium,Clean,False,1.4,Track 4,Standby,213,0,0,2
2026-02-11,17,227200,12,83,347,Open,Medium,Clean,False,0.0,Track 8,Maintenance,442,0,1,2
2026-02-11,18,103087,69,55,256,Closed,Medium,Clean,False,1.1,Track 9,Standby,380,0,0,2
2026-02-11,19,248391,20,35,193,Closed,High,Clean,False,9.3,Track 8,Inducted,248,0,0,2
2026-02-11,20,198444,2,118,269,Closed,Low,Clean,False,12.6,Track 1,Inducted,389,1,0,2
2026-02-11,21,117921,48,176,46,Closed,Medium,Clean,False,0.9,Track 9,Standby,270,0,0,2
2026-02-11,22,173484,34,135,314,Closed,High,Clean,False,9.7,Track 5,Inducted,483,0,0,2
2026-02-11,23,205699,81,180,124,Closed,High,Clean,False,11.2,Track 1,Inducted,385,0,0,2
2026-02-11,24,175142,75,59,8,Closed,Medium,Clean,False,1.0,Track 4,Standby,142,0,0,2
2026-02-11,25,119311,18,72,193,Closed,Low,Clean,False,1.1,Track 12,Standby,283,0,0,2
2026-02-12,1,181764,35,67,242,Closed,Low,Clean,False,11.5,Track 2,Inducted,344,0,0,3
2026-02-12,2,155650,58,82,249,Closed,Low,Clean,False,0.7,Track 10,Standby,389,0,0,3
2026-02-12,3,149290,90,179,313,Closed,Low,Clean,False,1.2,Track 12,Standby,582,0,0,3
2026-02-12,4,160516,49,74,167,Closed,High,Clean,False,0.9,Track 4,Standby,290,0,0,3
2026-02-12,5,207407,9,65,338,Closed,Medium,Clean,False,8.1,Track 6,Inducted,412,0,0,3
2026-02-12,6,248801,46,4,172,Closed,Medium,Clean,False,1.5,Track 9,Standby,222,1,0,3
2026-02-12,7,174782,8,93,158,Closed,High,Clean,False,1.2,Track 5,Standby,259,0,0,3
2026-02-12,8,245309,85,148,330,Closed,High,Clean,False,8.3,Track 15,Inducted,563,0,0,3
2026-02-12,9,230933,66,18,186,Closed,Medium,Clean,False,0.8,Track 14,Standby,270,0,0,3
2026-02-12,10,239812,78,53,270,Closed,High,Clean,False,10.0,Track 12,Inducted,401,0,0,3
2026-02-12,11,208715,10,175,204,Closed,Low,Clean,False,9.4,Track 7,Inducted,389,0,0,3
2026-02-12,12,138465,79,168,252,Closed,Medium,Clean,False,13.2,Track 1,Inducted,499,0,0,3
2026-02-12,13,186727,50,136,220,Closed,Low,Clean,False,13.6,Track 15,Inducted,406,0,0,3
2026-02-12,14,237259,55,34,274,Closed,Low,Clean,False,13.8,Track 9,Inducted,363,0,0,3
2026-02-12,15,105430,12,2,133,Closed,High,Clean,False,1.4,Track 11,Standby,147,1,0,3
2026-02-12,16,135566,80,82,48,Closed,Medium,Clean,False,1.1,Track 15,Standby,210,0,0,3
2026-02-12,17,227597,11,82,346,Closed,Medium,Clean,False,11.0,Track 15,Inducted,439,0,0,3
2026-02-12,18,103132,68,54,255,Closed,Medium,Clean,False,1.4,Track 15,Standby,377,0,0,3
2026-02-12,19,248970,19,34,192,Closed,High,Clean,False,12.8,Track 4,Inducted,245,0,0,3
2026-02-12,20,198989,1,117,268,Closed,Low,Clean,False,8.3,Track 10,Inducted,386,1,0,3
2026-02-12,21,117921,47,175,45,Open,Medium,Clean,False,0.0,Track 2,Maintenance,267,0,1,3
2026-02-12,22,173495,33,134,313,Closed,High,Clean,False,0.7,Track 6,Standby,480,0,0,3
2026-02-12,23,205738,80,179,123,Closed,High,Clean,False,1.2,Track 13,Standby,382,0,0,3
2026-02-12,24,175172,74,58,7,Closed,Medium,Clean,False,0.7,Track 1,Standby,139,1,0,3
2026-02-12,25,119612,17,71,192,Closed,Low,Clean,False,8.9,Track 4,Inducted,280,0,0,3
2026-02-13,1,181775,34,66,241,Closed,Low,Clean,False,1.3,Track 12,Standby,341,0,0,4
2026-02-13,2,156167,57,81,248,Closed,Low,Clean,False,13.9,Track 10,Inducted,386,0,0,4
2026-02-13,3,149793,89,178,312,Closed,Low,Clean,False,9.3,Track 11,Inducted,579,0,0,4
2026-02-13,4,160961,48,73,166,Closed,High,Clean,False,9.0,Track 1,Inducted,287,0,0,4
2026-02-13,5,207864,8,64,337,Closed,Medium,Clean,False,11.8,Track 13,Inducted,409,0,0,4
2026-02-13,6,248801,45,3,171,Open,Medium,Clean,False,0.0,Track 5,Maintenance,219,1,1,4
2026-02-13,7,174782,7,92,157,Open,High,Clean,False,0.0,Track 1,Maintenance,256,1,1,4
2026-02-13,8,245355,84,147,329,Closed,High,Clean,False,1.0,Track 13,Standby,560,0,0,4
2026-02-13,9,231270,65,17,185,Closed,Medium,Clean,False,8.5,Track 12,Inducted,267,0,0,4
2026-02-13,10,239816,77,52,269,Closed,High,Clean,False,0.7,Track 15,Standby,398,0,0,4
2026-02-13,11,208715,9,174,203,Open,Low,Clean,False,0.0,Track 10,Maintenance,386,0,1,4
2026-02-13,12,138496,78,167,251,Closed,Medium,Clean,False,0.5,Track 4,Standby,496,0,0,4
2026-02-13,13,187310,49,135,219,Closed,Low,Clean,False,8.1,Track 6,Inducted,403,0,0,4
2026-02-13,14,237259,54,33,273,Open,Low,Clean,False,0.0,Track 2,Maintenance,360,0,1,4
2026-02-13,15,105430,11,1,132,Open,High,Clean,False,0.0,Track 6,Maintenance,144,1,1,4
2026-02-13,16,135566,79,81,47,Open,Medium,Clean,False,0.0,Track 4,Maintenance,207,0,1,4
2026-02-13,17,227613,10,81,345,Closed,Medium,Clean,False,1.4,Track 2,Standby,436,0,0,4
2026-02-13,18,103170,67,53,254,Closed,Medium,Clean,False,1.3,Track 3,Standby,374,0,0,4
2026-02-13,19,249271,18,33,191,Closed,High,Clean,False,12.0,Track 1,Inducted,242,0,0,4
2026-02-13,20,199552,90,116,267,Closed,Low,Clean,False,8.7,Track 3,Inducted,473,0,0,4
2026-02-13,21,117964,46,174,44,Closed,Medium,Clean,False,1.5,Track 13,Standby,264,0,0,4
2026-02-13,22,173495,32,133,312,Open,High,Clean,False,0.0,Track 11,Maintenance,477,0,1,4
2026-02-13,23,206278,79,178,122,Closed,High,Clean,False,8.9,Track 9,Inducted,379,0,0,4
2026-02-13,24,175172,73,57,6,Open,Medium,Clean,False,0.0,Track 8,Maintenance,136,1,1,4
2026-02-13,25,120160,16,70,191,Closed,Low,Clean,False,11.4,Track 12,Inducted,277,0,0,4
2026-02-14,1,182309,33,65,240,Closed,Low,Clean,False,13.2,Track 11,Inducted,338,0,0,5
2026-02-14,2,156581,56,80,247,Closed,Low,Clean,False,13.3,Track 8,Inducted,383,0,0,5
2026-02-14,3,150218,88,177,311,Closed,Low,Clean,False,10.1,Track 5,Inducted,576,0,0,5
2026-02-14,4,160967,47,72,165,Closed,High,Scheduled,True,1.2,Track 15,Standby,284,0,0,5
2026-02-14,5,208420,7,63,336,Closed,Medium,Clean,False,12.4,Track 5,Inducted,406,1,0,5
2026-02-14,6,248835,44,2,170,Closed,Medium,Clean,False,0.7,Track 11,Standby,216,1,0,5
2026-02-14,7,175251,6,91,156,Closed,High,Clean,False,10.8,Track 7,Inducted,253,1,0,5
2026-02-14,8,245376,83,146,328,Closed,High,Clean,False,1.2,Track 4,Standby,557,0,0,5
2026-02-14,9,231320,64,16,184,Closed,Medium,Clean,False,0.7,Track 15,Standby,264,0,0,5
2026-02-14,10,240161,76,51,268,Closed,High,Clean,False,13.2,Track 7,Inducted,395,0,0,5
2026-02-14,11,209286,8,173,202,Closed,Low,Clean,False,12.1,Track 13,Inducted,383,0,0,5
2026-02-14,12,138505,77,166,250,Closed,Medium,Clean,False,1.2,Track 9,Standby,493,0,0,5
2026-02-14,13,187336,48,134,218,Closed,Low,Clean,False,0.5,Track 14,Standby,400,0,0,5
2026-02-14,14,237704,53,32,272,Closed,Low,Clean,False,9.4,Track 13,Inducted,357,0,0,5
2026-02-14,15,105430,10,180,131,Open,High,Clean,False,0.0,Track 11,Maintenance,321,0,1,5
2026-02-14,16,135566,78,80,46,Open,Medium,Clean,False,0.0,Track 2,Maintenance,204,0,1,5
2026-02-14,17,228110,9,80,344,Closed,Medium,Clean,False,12.3,Track 6,Inducted,433,0,0,5
2026-02-14,18,103683,66,52,253,Closed,Medium,Clean,False,13.9,Track 3,Inducted,371,0,0,5
2026-02-14,19,249280,17,32,190,Closed,High,Scheduled,True,0.6,Track 6,Standby,239,0,0,5
2026-02-14,20,199552,89,115,266,Open,Low,Clean,False,0.0,Track 13,Maintenance,470,0,1,5
2026-02-14,21,118441,45,173,43,Closed,Medium,Clean,False,11.2,Track 4,Inducted,261,0,0,5
2026-02-14,22,173503,31,132,311,Closed,High,Clean,False,1.0,Track 12,Standby,474,0,0,5
2026-02-14,23,206322,78,177,121,Closed,High,Clean,False,1.2,Track 3,Standby,376,0,0,5
2026-02-14,24,175183,72,56,5,Closed,Medium,Clean,False,0.7,Track 7,Standby,133,1,0,5
2026-02-14,25,120173,15,69,190,Closed,Low,Clean,False,1.2,Track 11,Standby,274,0,0,5
2026-02-15,1,182309,32,64,239,Open,Low,Scheduled,True,0.0,Track 2,Maintenance,335,0,1,6
2026-02-15,2,156942,55,79,246,Closed,Low,Clean,False,9.7,Track 2,Inducted,380,0,0,6
2026-02-15,3,150218,87,176,310,Open,Low,Clean,False,0.0,Track 13,Maintenance,573,0,1,6
2026-02-15,4,160967,46,71,164,Open,High,Clean,False,0.0,Track 12,Maintenance,281,0,1,6
2026-02-15,5,208420,6,62,335,Open,Medium,Clean,False,0.0,Track 12,Maintenance,403,1,1,6
2026-02-15,6,248835,43,1,169,Open,Medium,Clean,False,0.0,Track 10,Maintenance,213,1,1,6
2026-02-15,7,175642,5,90,155,Closed,High,Clean,False,12.3,Track 11,Inducted,250,1,0,6
2026-02-15,8,245825,82,145,327,Closed,High,Clean,False,12.0,Track 11,Inducted,554,0,0,6
2026-02-15,9,231660,63,15,183,Closed,Medium,Clean,False,8.7,Track 2,Inducted,261,0,0,6
2026-02-15,10,240581,75,50,267,Closed,High,Clean,False,11.5,Track 7,Inducted,392,0,0,6
2026-02-15,11,209286,7,172,201,Open,Low,Clean,False,0.0,Track 4,Maintenance,380,1,1,6
2026-02-15,12,138505,76,165,249,Open,Medium,Clean,False,0.0,Track 3,Maintenance,490,0,1,6
2026-02-15,13,187338,47,133,217,Closed,Low,Clean,False,0.6,Track 3,Standby,397,0,0,6
2026-02-15,14,238080,52,31,271,Closed,Low,Clean,False,10.3,Track 6,Inducted,354,0,0,6
2026-02-15,15,105455,9,179,130,Closed,High,Clean,False,1.4,Track 4,Standby,318,0,0,6
2026-02-15,16,136080,77,79,45,Closed,Medium,Clean,False,9.2,Track 6,Inducted,201,0,0,6
2026-02-15,17,228110,8,79,343,Open,Medium,Clean,False,0.0,Track 7,Maintenance,430,0,1,6
2026-02-15,18,103723,65,51,252,Closed,Medium,Scheduled,True,0.8,Track 8,Standby,368,0,0,6
2026-02-15,19,249311,16,31,189,Closed,High,Clean,False,1.3,Track 8,Standby,236,0,0,6
2026-02-15,20,200036,88,114,265,Closed,Low,Clean,False,13.4,Track 12,Inducted,467,0,0,6
2026-02-15,21,118803,44,172,42,Closed,Medium,Clean,False,9.4,Track 4,Inducted,258,0,0,6
2026-02-15,22,173503,30,131,310,Open,High,Clean,False,0.0,Track 7,Maintenance,471,0,1,6
2026-02-15,23,206719,77,176,120,Closed,High,Clean,False,8.1,Track 3,Inducted,373,0,0,6
2026-02-15,24,175614,71,55,4,Closed,Medium,Clean,False,10.7,Track 10,Inducted,130,1,0,6
2026-02-15,25,120173,14,68,189,Open,Low,Clean,False,0.0,Track 14,Maintenance,271,0,1,6
2026-02-16,1,182874,31,63,238,Closed,Low,Clean,True,8.1,Track 1,Inducted,332,0,0,0
2026-02-16,2,156942,54,78,245,Open,Low,Clean,False,0.0,Track 14,Maintenance,377,0,1,0
2026-02-16,3,150265,86,175,309,Closed,Low,Clean,False,0.7,Track 14,Standby,570,0,0,0
2026-02-16,4,160967,45,70,163,Open,High,Clean,False,0.0,Track 1,Maintenance,278,0,1,0
2026-02-16,5,208956,5,61,334,Closed,Medium,Clean,False,9.1,Track 12,Inducted,400,1,0,0
2026-02-16,6,248875,42,180,168,Closed,Medium,Clean,False,0.5,Track 4,Standby,390,0,0,0
2026-02-16,7,176231,4,89,154,Closed,High,Clean,False,10.8,Track 5,Inducted,247,1,0,0
2026-02-16,8,245856,81,144,326,Closed,High,Clean,False,0.8,Track 10,Standby,551,0,0,0
2026-02-16,9,231668,62,14,182,Closed,Medium,Clean,False,1.1,Track 14,Standby,258,0,0,0
2026-02-16,10,241005,74,49,266,Closed,High,Clean,False,13.7,Track 11,Inducted,389,0,0,0
2026-02-16,11,209643,6,171,200,Closed,Low,Clean,False,8.2,Track 2,Inducted,377,1,0,0
2026-02-16,12,138523,75,164,248,Closed,Medium,Clean,False,0.8,Track 13,Standby,487,0,0,0
2026-02-16,13,187338,46,132,216,Open,Low,Clean,False,0.0,Track 9,Maintenance,394,0,1,0
2026-02-16,14,238420,51,30,270,Closed,Low,Clean,False,8.5,Track 9,Inducted,351,0,0,0
2026-02-16,15,105757,8,178,129,Closed,High,Clean,False,12.3,Track 7,Inducted,315,0,0,0
2026-02-16,16,136100,76,78,44,Closed,Medium,Clean,False,1.2,Track 10,Standby,198,0,0,0
2026-02-16,17,228429,7,78,342,Closed,Medium,Clean,False,12.6,Track 4,Inducted,427,1,0,0
2026-02-16,18,103738,64,50,251,Closed,Medium,Clean,False,1.0,Track 11,Standby,365,0,0,0
2026-02-16,19,249311,15,30,188,Open,High,Clean,False,0.0,Track 5,Maintenance,233,0,1,0
2026-02-16,20,200503,87,113,264,Closed,Low,Clean,False,12.5,Track 10,Inducted,464,0,0,0
2026-02-16,21,118826,43,171,41,Closed,Medium,Clean,False,1.0,Track 1,Standby,255,0,0,0
2026-02-16,22,173879,29,130,309,Closed,High,Clean,False,11.3,Track 4,Inducted,468,0,0,0
2026-02-16,23,206747,76,175,119,Closed,High,Clean,False,0.9,Track 14,Standby,370,0,0,0
2026-02-16,24,175628,70,54,3,Closed,Medium,Clean,False,1.4,Track 8,Standby,127,1,0,0
2026-02-16,25,120692,13,67,188,Closed,Low,Clean,False,11.2,Track 8,Inducted,268,0,0,0
2026-02-17,1,183298,30,62,237,Closed,Low,Clean,True,8.1,Track 7,Inducted,329,0,0,1
2026-02-17,2,156942,53,77,244,Open,Low,Clean,False,0.0,Track 6,Maintenance,374,0,1,1
2026-02-17,3,150739,85,174,308,Closed,Low,Clean,False,13.9,Track 12,Inducted,567,0,0,1
2026-02-17,4,160990,44,69,162,Closed,High,Clean,False,0.8,Track 12,Standby,275,0,0,1
2026-02-17,5,208975,4,60,333,Closed,Medium,Clean,False,1.2,Track 15,Standby,397,1,0,1
2026-02-17,6,249207,41,179,167,Closed,Medium,Clean,False,13.1,Track 10,Inducted,387,0,0,1
2026-02-17,7,176729,3,88,153,Closed,High,Clean,False,13.1,Track 7,Inducted,244,1,0,1
2026-02-17,8,246407,80,143,325,Closed,High,Clean,False,10.0,Track 7,Inducted,548,0,0,1
2026-02-17,9,232252,61,13,181,Closed,Medium,Clean,False,10.1,Track 10,Inducted,255,0,0,1
2026-02-17,10,241005,73,48,265,Open,High,Clean,False,0.0,Track 4,Maintenance,386,0,1,1
2026-02-17,11,209643,5,170,199,Open,Low,Clean,False,0.0,Track 11,Maintenance,374,1,1,1
2026-02-17,12,138523,74,163,247,Open,Medium,Clean,False,0.0,Track 15,Maintenance,484,0,1,1
2026-02-17,13,187382,45,131,215,Closed,Low,Clean,False,0.6,Track 6,Standby,391,0,0,1
2026-02-17,14,238844,50,29,269,Closed,Low,Clean,False,8.8,Track 1,Inducted,348,0,0,1
2026-02-17,15,105789,7,177,128,Closed,High,Clean,False,0.8,Track 5,Standby,312,1,0,1
2026-02-17,16,136115,75,77,43,Closed,Medium,Clean,False,0.9,Track 8,Standby,195,0,0,1
2026-02-17,17,228429,6,77,341,Open,Medium,Clean,False,0.0,Track 2,Maintenance,424,1,1,1
2026-02-17,18,104215,63,49,250,Closed,Medium,Clean,False,12.4,Track 2,Inducted,362,0,0,1
2026-02-17,19,249311,14,29,187,Open,High,Clean,False,0.0,Track 6,Maintenance,230,0,1,1
2026-02-17,20,200538,86,112,263,Closed,Low,Clean,False,0.5,Track 6,Standby,461,0,0,1
2026-02-17,21,118837,42,170,40,Closed,Medium,Clean,False,0.9,Track 13,Standby,252,0,0,1
2026-02-17,22,173900,28,129,308,Closed,High,Clean,False,0.8,Track 12,Standby,465,0,0,1
2026-02-17,23,206785,75,174,118,Closed,High,Clean,False,0.8,Track 14,Standby,367,0,0,1
2026-02-17,24,175665,69,53,2,Closed,Medium,Clean,False,1.2,Track 2,Standby,124,1,0,1
2026-02-17,25,120692,12,66,187,Open,Low,Clean,False,0.0,Track 4,Maintenance,265,0,1,1
2026-02-18,1,183298,29,61,236,Open,Low,Clean,True,0.0,Track 12,Maintenance,326,0,1,2
2026-02-18,2,157469,52,76,243,Closed,Low,Clean,False,10.1,Track 2,Inducted,371,0,0,2
2026-02-18,3,150743,84,173,307,Closed,Low,Scheduled,True,1.1,Track 9,Standby,564,0,0,2
2026-02-18,4,161020,43,68,161,Closed,High,Clean,False,0.9,Track 15,Standby,272,0,0,2
2026-02-18,5,209415,3,59,332,Closed,Medium,Clean,False,9.3,Track 13,Inducted,394,1,0,2
2026-02-18,6,249212,40,178,166,Closed,Medium,Clean,False,0.8,Track 1,Standby,384,0,0,2
2026-02-18,7,177306,2,87,152,Closed,High,Clean,False,12.9,Track 14,Inducted,241,1,0,2
2026-02-18,8,246881,79,142,324,Closed,High,Clean,False,9.7,Track 10,Inducted,545,0,0,2
2026-02-18,9,232252,60,12,180,Open,Medium,Clean,False,0.0,Track 8,Maintenance,252,0,1,2
2026-02-18,10,241451,72,47,264,Closed,High,Clean,False,11.0,Track 7,Inducted,383,0,0,2
2026-02-18,11,209652,4,169,198,Closed,Low,Clean,False,1.0,Track 9,Standby,371,1,0,2
2026-02-18,12,138546,73,162,246,Closed,Medium,Clean,False,1.4,Track 10,Standby,481,0,0,2
2026-02-18,13,187794,44,130,214,Closed,Low,Clean,False,11.5,Track 5,Inducted,388,0,0,2
2026-02-18,14,239170,49,28,268,Closed,Low,Clean,False,10.8,Track 15,Inducted,345,0,0,2
2026-02-18,15,105799,6,176,127,Closed,High,Clean,False,1.3,Track 9,Standby,309,1,0,2
2026-02-18,16,136115,74,76,42,Open,Medium,Clean,False,0.0,Track 2,Maintenance,192,0,1,2
2026-02-18,17,228429,5,76,340,Open,Medium,Clean,False,0.0,Track 1,Maintenance,421,1,1,2
2026-02-18,18,104797,62,48,249,Closed,Medium,Clean,False,13.2,Track 2,Inducted,359,0,0,2
2026-02-18,19,249768,13,28,186,Closed,High,Clean,False,10.1,Track 1,Inducted,227,0,0,2
2026-02-18,20,201107,85,111,262,Closed,Low,Clean,False,8.5,Track 9,Inducted,458,0,0,2
2026-02-18,21,118842,41,169,39,Closed,Medium,Clean,True,0.5,Track 7,Standby,249,0,0,2
2026-02-18,22,173914,27,128,307,Closed,High,Clean,False,1.5,Track 15,Standby,462,0,0,2
2026-02-18,23,206789,74,173,117,Closed,High,Clean,False,0.7,Track 8,Standby,364,0,0,2
2026-02-18,24,175680,68,52,1,Closed,Medium,Clean,False,0.7,Track 8,Standby,121,1,0,2
2026-02-18,25,120692,11,65,186,Open,Low,Scheduled,True,0.0,Track 6,Maintenance,262,0,1,2
2026-02-19,1,183348,28,60,235,Closed,Low,Scheduled,True,1.1,Track 3,Standby,323,0,0,3
2026-02-19,2,157470,51,75,242,Closed,Low,Clean,False,1.4,Track 5,Standby,368,0,0,3
2026-02-19,3,150743,83,172,306,Open,Low,Clean,False,0.0,Track 15,Maintenance,561,0,1,3
2026-02-19,4,161020,42,67,160,Open,High,Clean,False,0.0,Track 7,Maintenance,269,0,1,3
2026-02-19,5,209449,2,58,331,Closed,Medium,Clean,False,0.6,Track 12,Standby,391,1,0,3
2026-02-19,6,249681,39,177,165,Closed,Medium,Clean,False,12.3,Track 6,Inducted,381,0,0,3
2026-02-19,7,177306,1,86,151,Open,High,Clean,False,0.0,Track 8,Maintenance,238,1,1,3
2026-02-19,8,247258,78,141,323,Closed,High,Clean,False,11.6,Track 1,Inducted,542,0,0,3
2026-02-19,9,232264,59,11,179,Closed,Medium,Clean,False,0.7,Track 2,Standby,249,0,0,3
2026-02-19,10,241979,71,46,263,Closed,High,Clean,False,11.6,Track 10,Inducted,380,0,0,3
2026-02-19,11,209696,3,168,197,Closed,Low,Clean,False,1.5,Track 4,Standby,368,1,0,3
2026-02-19,12,139105,72,161,245,Closed,Medium,Clean,False,9.9,Track 9,Inducted,478,0,0,3
2026-02-19,13,188387,43,129,213,Closed,Low,Clean,False,9.2,Track 5,Inducted,385,0,0,3
2026-02-19,14,239220,48,27,267,Closed,Low,Clean,False,0.9,Track 8,Standby,342,0,0,3
2026-02-19,15,105810,5,175,126,Closed,High,Clean,False,1.0,Track 10,Standby,306,1,0,3
2026-02-19,16,136115,73,75,41,Open,Medium,Clean,False,0.0,Track 12,Maintenance,189,0,1,3
2026-02-19,17,228797,4,75,339,Closed,Medium,Clean,False,13.9,Track 3,Inducted,418,1,0,3
2026-02-19,18,105144,61,47,248,Closed,Medium,Clean,False,12.0,Track 5,Inducted,356,0,0,3
2026-02-19,19,250279,12,27,185,Closed,High,Clean,False,12.8,Track 9,Inducted,224,0,0,3
2026-02-19,20,201460,84,110,261,Closed,Low,Clean,False,11.8,Track 6,Inducted,455,0,0,3
2026-02-19,21,119401,40,168,38,Closed,Medium,Clean,True,9.3,Track 4,Inducted,246,0,0,3
2026-02-19,22,174458,26,127,306,Closed,High,Clean,False,13.5,Track 14,Inducted,459,0,0,3
2026-02-19,23,206789,73,172,116,Open,High,Clean,False,0.0,Track 5,Maintenance,361,0,1,3
2026-02-19,24,176097,67,51,365,Closed,Medium,Clean,False,13.8,Track 11,Inducted,483,0,0,3
2026-02-19,25,120692,10,64,185,Open,Low,Clean,True,0.0,Track 11,Maintenance,259,0,1,3
2026-02-20,1,183348,27,59,234,Open,Low,Clean,False,0.0,Track 2,Maintenance,320,0,1,4
2026-02-20,2,157973,50,74,241,Closed,Low,Clean,False,11.6,Track 10,Inducted,365,0,0,4
2026-02-20,3,150743,82,171,305,Open,Low,Clean,False,0.0,Track 3,Maintenance,558,0,1,4
2026-02-20,4,161020,41,66,159,Open,High,Clean,False,0.0,Track 15,Maintenance,266,0,1,4
2026-02-20,5,209493,1,57,330,Closed,Medium,Clean,False,1.0,Track 14,Standby,388,1,0,4
2026-02-20,6,250157,38,176,164,Closed,Medium,Clean,False,12.1,Track 13,Inducted,378,0,0,4
2026-02-20,7,177861,90,85,150,Closed,High,Clean,False,10.8,Track 15,Inducted,325,0,0,4
2026-02-20,8,247258,77,140,322,Open,High,Clean,False,0.0,Track 10,Maintenance,539,0,1,4
2026-02-20,9,232264,58,10,178,Open,Medium,Clean,False,0.0,Track 7,Maintenance,246,0,1,4
2026-02-20,10,241997,70,45,262,Closed,High,Clean,False,0.9,Track 9,Standby,377,0,0,4
2026-02-20,11,210144,2,167,196,Closed,Low,Clean,False,12.4,Track 4,Inducted,365,1,0,4
2026-02-20,12,139141,71,160,244,Closed,Medium,Clean,False,0.7,Track 9,Standby,475,0,0,4
2026-02-20,13,188387,42,128,212,Open,Low,Clean,False,0.0,Track 12,Maintenance,382,0,1,4
2026-02-20,14,239235,47,26,266,Closed,Low,Clean,False,0.8,Track 3,Standby,339,0,0,4
2026-02-20,15,106331,4,174,125,Closed,High,Clean,False,8.6,Track 13,Inducted,303,1,0,4
2026-02-20,16,136154,72,74,40,Closed,Medium,Clean,False,0.7,Track 3,Standby,186,0,0,4
2026-02-20,17,228799,3,74,338,Closed,Medium,Clean,False,1.5,Track 5,Standby,415,1,0,4
2026-02-20,18,105163,60,46,247,Closed,Medium,Clean,False,1.0,Track 5,Standby,353,0,0,4
2026-02-20,19,250323,11,26,184,Closed,High,Clean,False,0.6,Track 1,Standby,221,0,0,4
2026-02-20,20,201460,83,109,260,Open,Low,Clean,False,0.0,Track 3,Maintenance,452,0,1,4
2026-02-20,21,119401,39,167,37,Open,Medium,Scheduled,True,0.0,Track 12,Maintenance,243,0,1,4
2026-02-20,22,174458,25,126,305,Open,High,Clean,False,0.0,Track 4,Maintenance,456,0,1,4
2026-02-20,23,206791,72,171,115,Closed,High,Clean,False,0.9,Track 11,Standby,358,0,0,4
2026-02-20,24,176132,66,50,364,Closed,Medium,Clean,False,0.6,Track 8,Standby,480,0,0,4
2026-02-20,25,120704,9,63,184,Closed,Low,Scheduled,True,1.5,Track 9,Standby,256,0,0,4
2026-02-21,1,183913,26,58,233,Closed,Low,Clean,False,8.1,Track 13,Inducted,317,0,0,5
2026-02-21,2,157973,49,73,240,Open,Low,Clean,False,0.0,Track 6,Maintenance,362,0,1,5
2026-02-21,3,150743,81,170,304,Open,Low,Clean,False,0.0,Track 12,Maintenance,555,0,1,5
2026-02-21,4,161033,40,65,158,Closed,High,Clean,False,0.9,Track 11,Standby,263,0,0,5
2026-02-21,5,209515,90,56,329,Closed,Medium,Clean,False,0.7,Track 7,Standby,475,0,0,5
2026-02-21,6,250158,37,175,163,Closed,Medium,Clean,False,0.8,Track 9,Standby,375,0,0,5
2026-02-21,7,178461,89,84,149,Closed,High,Clean,False,12.5,Track 9,Inducted,322,0,0,5
2026-02-21,8,247611,76,139,321,Closed,High,Clean,False,12.0,Track 9,Inducted,536,0,0,5
2026-02-21,9,232264,57,9,177,Open,Medium,Clean,False,0.0,Track 8,Maintenance,243,0,1,5
2026-02-21,10,242549,69,44,261,Closed,High,Clean,False,8.9,Track 12,Inducted,374,0,0,5
2026-02-21,11,210144,1,166,195,Open,Low,Clean,False,0.0,Track 3,Maintenance,362,1,1,5
2026-02-21,12,139637,70,159,243,Closed,Medium,Clean,False,12.6,Track 7,Inducted,472,0,0,5
2026-02-21,13,188410,41,127,211,Closed,Low,Clean,False,0.8,Track 9,Standby,379,0,0,5
2026-02-21,14,239235,46,25,265,Open,Low,Clean,False,0.0,Track 2,Maintenance,336,0,1,5
2026-02-21,15,106920,3,173,124,Closed,High,Clean,False,9.7,Track 5,Inducted,300,1,0,5
2026-02-21,16,136508,71,73,39,Closed,Medium,Clean,False,9.8,Track 11,Inducted,183,0,0,5
2026-02-21,17,228799,2,73,337,Open,Medium,Clean,False,0.0,Track 2,Maintenance,412,1,1,5
2026-02-21,18,105618,59,45,246,Closed,Medium,Clean,False,11.0,Track 10,Inducted,350,0,0,5
2026-02-21,19,250749,10,25,183,Closed,High,Clean,False,9.5,Track 15,Inducted,218,0,0,5
2026-02-21,20,201931,82,108,259,Closed,Low,Clean,False,13.8,Track 12,Inducted,449,0,0,5
2026-02-21,21,119443,38,166,36,Closed,Medium,Scheduled,True,0.7,Track 15,Standby,240,0,0,5
2026-02-21,22,174505,24,125,304,Closed,High,Clean,False,1.2,Track 4,Standby,453,0,0,5
2026-02-21,23,207370,71,170,114,Closed,High,Clean,False,9.5,Track 10,Inducted,355,0,0,5
2026-02-21,24,176713,65,49,363,Closed,Medium,Clean,False,11.7,Track 4,Inducted,477,0,0,5
2026-02-21,25,121022,8,62,183,Closed,Low,Clean,False,11.8,Track 11,Inducted,253,0,0,5
2026-02-22,1,184349,25,57,232,Closed,Low,Clean,False,10.5,Track 8,Inducted,314,0,0,6
2026-02-22,2,157973,48,72,239,Open,Low,Clean,False,0.0,Track 14,Maintenance,359,0,1,6
2026-02-22,3,150743,80,169,303,Open,Low,Clean,False,0.0,Track 8,Maintenance,552,0,1,6
2026-02-22,4,161083,39,64,157,Closed,High,Clean,False,1.0,Track 11,Standby,260,0,0,6
2026-02-22,5,209543,89,55,328,Closed,Medium,Clean,False,1.0,Track 11,Standby,472,0,0,6
2026-02-22,6,250736,36,174,162,Closed,Medium,Clean,False,9.4,Track 11,Inducted,372,0,0,6
2026-02-22,7,178461,88,83,148,Open,High,Clean,False,0.0,Track 12,Maintenance,319,0,1,6
2026-02-22,8,247918,75,138,320,Closed,High,Clean,False,12.1,Track 7,Inducted,533,0,0,6
2026-02-22,9,232264,56,8,176,Open,Medium,Clean,False,0.0,Track 2,Maintenance,240,0,1,6
2026-02-22,10,243036,68,43,260,Closed,High,Clean,False,8.9,Track 3,Inducted,371,0,0,6
2026-02-22,11,210171,90,165,194,Closed,Low,Clean,False,0.9,Track 5,Standby,449,0,0,6
2026-02-22,12,140027,69,158,242,Closed,Medium,Clean,False,11.3,Track 10,Inducted,469,0,0,6
2026-02-22,13,188965,40,126,210,Closed,Low,Clean,False,11.6,Track 8,Inducted,376,0,0,6
2026-02-22,14,239647,45,24,264,Closed,Low,Clean,False,11.1,Track 1,Inducted,333,0,0,6
2026-02-22,15,107463,2,172,123,Closed,High,Clean,False,11.9,Track 14,Inducted,297,1,0,6
2026-02-22,16,137028,70,72,38,Closed,Medium,Clean,False,9.0,Track 14,Inducted,180,0,0,6
2026-02-22,17,229302,1,72,336,Closed,Medium,Clean,False,13.1,Track 3,Inducted,409,1,0,6
2026-02-22,18,106140,58,44,245,Closed,Medium,Clean,False,12.3,Track 8,Inducted,347,0,0,6
2026-02-22,19,250749,9,24,182,Open,High,Clean,False,0.0,Track 1,Maintenance,215,0,1,6
2026-02-22,20,202492,81,107,258,Closed,Low,Clean,False,11.1,Track 10,Inducted,446,0,0,6
2026-02-22,21,119492,37,165,35,Closed,Medium,Clean,False,0.6,Track 5,Standby,237,0,0,6
2026-02-22,22,174541,23,124,303,Closed,High,Clean,False,0.6,Track 6,Standby,450,0,0,6
2026-02-22,23,207414,70,169,113,Closed,High,Clean,False,1.3,Track 6,Standby,352,0,0,6
2026-02-22,24,176713,64,48,362,Closed,Medium,Clean,False,1.4,Track 12,Standby,474,0,0,6
2026-02-22,25,121037,7,61,182,Closed,Low,Clean,False,0.8,Track 2,Standby,250,1,0,6
2026-02-23,1,184819,24,56,231,Closed,Low,Clean,False,8.2,Track 12,Inducted,311,0,0,0
2026-02-23,2,157973,47,71,238,Open,Low,Clean,False,0.0,Track 7,Maintenance,356,0,1,0
2026-02-23,3,151087,79,168,302,Closed,Low,Clean,False,13.6,Track 1,Inducted,549,0,0,0
2026-02-23,4,161622,38,63,156,Closed,High,Clean,False,12.2,Track 10,Inducted,257,0,0,0
2026-02-23,5,210129,88,54,327,Closed,Medium,Clean,False,11.8,Track 1,Inducted,469,0,0,0
2026-02-23,6,250754,35,173,161,Closed,Medium,Clean,False,0.8,Track 10,Standby,369,0,0,0
2026-02-23,7,178461,87,82,147,Open,High,Clean,False,0.0,Track 5,Maintenance,316,0,1,0
2026-02-23,8,248332,74,137,319,Closed,High,Clean,False,9.4,Track 4,Inducted,530,0,0,0
2026-02-23,9,232264,55,7,175,Open,Medium,Clean,False,0.0,Track 8,Maintenance,237,1,1,0
2026-02-23,10,243042,67,42,259,Closed,High,Clean,False,1.2,Track 7,Standby,368,0,0,0
2026-02-23,11,210502,89,164,193,Closed,Low,Clean,False,10.7,Track 1,Inducted,446,0,0,0
2026-02-23,12,140072,68,157,241,Closed,Medium,Clean,False,1.2,Track 7,Standby,466,0,0,0
2026-02-23,13,188992,39,125,209,Closed,Low,Clean,False,1.0,Track 14,Standby,373,0,0,0
2026-02-23,14,240113,44,23,263,Closed,Low,Clean,False,13.6,Track 2,Inducted,330,0,0,0
2026-02-23,15,107463,1,171,122,Open,High,Clean,False,0.0,Track 13,Maintenance,294,1,1,0
2026-02-23,16,137039,69,71,37,Closed,Medium,Clean,False,1.1,Track 15,Standby,177,0,0,0
2026-02-23,17,229321,90,71,335,Closed,Medium,Clean,False,1.1,Track 10,Standby,496,0,0,0
2026-02-23,18,106190,57,43,244,Closed,Medium,Clean,False,0.5,Track 1,Standby,344,0,0,0
2026-02-23,19,250749,8,23,181,Open,High,Clean,False,0.0,Track 3,Maintenance,212,0,1,0
2026-02-23,20,202529,80,106,257,Closed,Low,Clean,False,1.0,Track 2,Standby,443,0,0,0
2026-02-23,21,119530,36,164,34,Closed,Medium,Clean,False,0.6,Track 12,Standby,234,0,0,0
2026-02-23,22,174559,22,123,302,Closed,High,Clean,False,1.4,Track 10,Standby,447,0,0,0
2026-02-23,23,207428,69,168,112,Closed,High,Scheduled,True,1.2,Track 4,Standby,349,0,0,0
2026-02-23,24,176762,63,47,361,Closed,Medium,Clean,False,0.8,Track 3,Standby,471,0,0,0
2026-02-23,25,121481,6,60,181,Closed,Low,Clean,False,9.2,Track 11,Inducted,247,1,0,0
2026-02-24,1,184819,23,55,230,Open,Low,Clean,False,0.0,Track 12,Maintenance,308,0,1,1
2026-02-24,2,158456,46,70,237,Closed,Low,Clean,False,10.3,Track 9,Inducted,353,0,0,1
2026-02-24,3,151465,78,167,301,Closed,Low,Clean,False,12.6,Track 5,Inducted,546,0,0,1
2026-02-24,4,161622,37,62,155,Open,High,Clean,False,0.0,Track 14,Maintenance,254,0,1,1
2026-02-24,5,210129,87,53,326,Open,Medium,Clean,False,0.0,Track 8,Maintenance,466,0,1,1
2026-02-24,6,250754,34,172,160,Open,Medium,Clean,False,0.0,Track 8,Maintenance,366,0,1,1
2026-02-24,7,178461,86,81,146,Open,High,Clean,False,0.0,Track 2,Maintenance,313,0,1,1
2026-02-24,8,248332,73,136,318,Open,High,Clean,False,0.0,Track 14,Maintenance,527,0,1,1
2026-02-24,9,232695,54,6,174,Closed,Medium,Clean,False,8.5,Track 10,Inducted,234,1,0,1
2026-02-24,10,243542,66,41,258,Closed,High,Clean,False,10.3,Track 1,Inducted,365,0,0,1
2026-02-24,11,210502,88,163,192,Open,Low,Clean,False,0.0,Track 2,Maintenance,443,0,1,1
2026-02-24,12,140098,67,156,240,Closed,Medium,Clean,False,0.6,Track 1,Standby,463,0,0,1
2026-02-24,13,189027,38,124,208,Closed,Low,Clean,False,0.8,Track 2,Standby,370,0,0,1
2026-02-24,14,240529,43,22,262,Closed,Low,Clean,False,11.8,Track 6,Inducted,327,0,0,1
2026-02-24,15,107463,90,170,121,Open,High,Clean,False,0.0,Track 11,Maintenance,381,0,1,1
2026-02-24,16,137039,68,70,36,Open,Medium,Scheduled,True,0.0,Track 2,Maintenance,174,0,1,1
2026-02-24,17,229330,89,70,334,Closed,Medium,Clean,False,1.0,Track 6,Standby,493,0,0,1
2026-02-24,18,106190,56,42,243,Open,Medium,Clean,False,0.0,Track 4,Maintenance,341,0,1,1
2026-02-24,19,251304,7,22,180,Closed,High,Clean,False,9.1,Track 13,Inducted,209,1,0,1
2026-02-24,20,202907,79,105,256,Closed,Low,Clean,False,8.2,Track 8,Inducted,440,0,0,1
2026-02-24,21,119898,35,163,33,Closed,Medium,Clean,False,9.3,Track 6,Inducted,231,0,0,1
2026-02-24,22,174605,21,122,301,Closed,High,Clean,False,1.4,Track 10,Standby,444,0,0,1
2026-02-24,23,207944,68,167,111,Closed,High,Clean,False,11.8,Track 14,Inducted,346,0,0,1
2026-02-24,24,176804,62,46,360,Closed,Medium,Clean,False,1.2,Track 1,Standby,468,0,0,1
2026-02-24,25,121495,5,59,180,Closed,Low,Clean,False,0.9,Track 6,Standby,244,1,0,1
2026-02-25,1,185417,22,54,229,Closed,Low,Clean,False,12.9,Track 4,Inducted,305,0,0,2
2026-02-25,2,158815,45,69,236,Closed,Low,Clean,False,9.6,Track 10,Inducted,350,0,0,2
2026-02-25,3,151465,77,166,300,Open,Low,Clean,False,0.0,Track 13,Maintenance,543,0,1,2
2026-02-25,4,162110,36,61,154,Closed,High,Clean,False,8.9,Track 10,Inducted,251,0,0,2
2026-02-25,5,210622,86,52,325,Closed,Medium,Clean,False,10.1,Track 15,Inducted,463,0,0,2
2026-02-25,6,251085,33,171,159,Closed,Medium,Clean,False,12.5,Track 3,Inducted,363,0,0,2
2026-02-25,7,178461,85,80,145,Open,High,Scheduled,True,0.0,Track 8,Maintenance,310,0,1,2
2026-02-25,8,248368,72,135,317,Closed,High,Clean,False,1.2,Track 15,Standby,524,0,0,2
2026-02-25,9,233064,53,5,173,Closed,Medium,Clean,False,8.8,Track 8,Inducted,231,1,0,2
2026-02-25,10,243569,65,40,257,Closed,High,Clean,False,0.5,Track 2,Standby,362,0,0,2
2026-02-25,11,210982,87,162,191,Closed,Low,Clean,False,13.9,Track 12,Inducted,440,0,0,2
2026-02-25,12,140136,66,155,239,Closed,Medium,Clean,False,0.9,Track 13,Standby,460,0,0,2
2026-02-25,13,189379,37,123,207,Closed,Low,Clean,False,11.5,Track 13,Inducted,367,0,0,2
2026-02-25,14,240529,42,21,261,Open,Low,Clean,False,0.0,Track 10,Maintenance,324,0,1,2
2026-02-25,15,107508,89,169,120,Closed,High,Clean,False,1.4,Track 3,Standby,378,0,0,2
2026-02-25,16,137039,67,69,35,Open,Medium,Scheduled,True,0.0,Track 7,Maintenance,171,0,1,2
2026-02-25,17,229675,88,69,333,Closed,Medium,Clean,False,11.5,Track 2,Inducted,490,0,0,2
2026-02-25,18,106210,55,41,242,Closed,Medium,Clean,False,0.5,Track 11,Standby,338,0,0,2
2026-02-25,19,251304,6,21,179,Open,High,Clean,False,0.0,Track 11,Maintenance,206,1,1,2
2026-02-25,20,202929,78,104,255,Closed,Low,Clean,False,1.1,Track 11,Standby,437,0,0,2
2026-02-25,21,119939,34,162,32,Closed,Medium,Clean,False,0.5,Track 10,Standby,228,0,0,2
2026-02-25,22,174645,20,121,300,Closed,High,Clean,False,0.9,Track 4,Standby,441,0,0,2
2026-02-25,23,207990,67,166,110,Closed,High,Clean,False,1.0,Track 1,Standby,343,0,0,2
2026-02-25,24,176804,61,45,359,Open,Medium,Clean,False,0.0,Track 9,Maintenance,465,0,1,2
2026-02-25,25,121895,4,58,179,Closed,Low,Clean,False,10.7,Track 11,Inducted,241,1,0,2
2026-02-26,1,185747,21,53,228,Closed,Low,Clean,False,8.4,Track 9,Inducted,302,0,0,3
2026-02-26,2,159156,44,68,235,Closed,Low,Clean,False,8.6,Track 13,Inducted,347,0,0,3
2026-02-26,3,151510,76,165,299,Closed,Low,Clean,False,0.7,Track 8,Standby,540,0,0,3
2026-02-26,4,162129,35,60,153,Closed,High,Clean,False,0.7,Track 13,Standby,248,0,0,3
2026-02-26,5,210631,85,51,324,Closed,Medium,Clean,False,1.4,Track 9,Standby,460,0,0,3
2026-02-26,6,251583,32,170,158,Closed,Medium,Clean,False,10.6,Track 6,Inducted,360,0,0,3
2026-02-26,7,178461,84,79,144,Open,High,Scheduled,True,0.0,Track 14,Maintenance,307,0,1,3
2026-02-26,8,248417,71,134,316,Closed,High,Clean,False,1.2,Track 10,Standby,521,0,0,3
2026-02-26,9,233064,52,4,172,Open,Medium,Clean,False,0.0,Track 11,Maintenance,228,1,1,3
2026-02-26,10,244092,64,39,256,Closed,High,Clean,True,8.5,Track 12,Inducted,359,0,0,3
2026-02-26,11,211336,86,161,190,Closed,Low,Clean,False,11.5,Track 8,Inducted,437,0,0,3
2026-02-26,12,140139,65,154,238,Closed,Medium,Clean,False,1.5,Track 11,Standby,457,0,0,3
2026-02-26,13,189689,36,122,206,Closed,Low,Clean,False,13.2,Track 8,Inducted,364,0,0,3
2026-02-26,14,240924,41,20,260,Closed,Low,Clean,False,8.5,Track 14,Inducted,321,0,0,3
2026-02-26,15,107546,88,168,119,Closed,High,Clean,False,0.6,Track 3,Standby,375,0,0,3
2026-02-26,16,137044,66,68,34,Closed,Medium,Scheduled,True,1.2,Track 11,Standby,168,0,0,3
2026-02-26,17,229692,87,68,332,Closed,Medium,Clean,False,0.6,Track 9,Standby,487,0,0,3
2026-02-26,18,106601,54,40,241,Closed,Medium,Clean,False,13.3,Track 5,Inducted,335,0,0,3
2026-02-26,19,251787,5,20,178,Closed,High,Clean,False,14.0,Track 1,Inducted,203,1,0,3
2026-02-26,20,203460,77,103,254,Closed,Low,Clean,False,10.3,Track 15,Inducted,434,0,0,3
2026-02-26,21,119978,33,161,31,Closed,Medium,Clean,False,0.7,Track 2,Standby,225,0,0,3
2026-02-26,22,174672,19,120,299,Closed,High,Scheduled,True,0.7,Track 5,Standby,438,0,0,3
2026-02-26,23,208037,66,165,109,Closed,High,Clean,False,1.0,Track 13,Standby,340,0,0,3
2026-02-26,24,176811,60,44,358,Closed,Medium,Clean,False,1.3,Track 6,Standby,462,0,0,3
2026-02-26,25,121906,3,57,178,Closed,Low,Clean,False,1.5,Track 2,Standby,238,1,0,3
2026-02-27,1,185751,20,52,227,Closed,Low,Clean,False,1.1,Track 10,Standby,299,0,0,4
2026-02-27,2,159156,43,67,234,Open,Low,Clean,False,0.0,Track 14,Maintenance,344,0,1,4
2026-02-27,3,151510,75,164,298,Open,Low,Clean,False,0.0,Track 15,Maintenance,537,0,1,4
2026-02-27,4,162680,34,59,152,Closed,High,Clean,False,13.8,Track 10,Inducted,245,0,0,4
2026-02-27,5,210631,84,50,323,Open,Medium,Clean,False,0.0,Track 15,Maintenance,457,0,1,4
2026-02-27,6,252176,31,169,157,Closed,Medium,Clean,False,11.9,Track 6,Inducted,357,0,0,4
2026-02-27,7,178482,83,78,143,Closed,High,Scheduled,True,1.2,Track 11,Standby,304,0,0,4
2026-02-27,8,248437,70,133,315,Closed,High,Clean,False,1.4,Track 11,Standby,518,0,0,4
2026-02-27,9,233064,51,3,171,Open,Medium,Clean,False,0.0,Track 2,Maintenance,225,1,1,4
2026-02-27,10,244499,63,38,255,Closed,High,Clean,True,12.3,Track 15,Inducted,356,0,0,4
2026-02-27,11,211352,85,160,189,Closed,Low,Clean,False,0.7,Track 8,Standby,434,0,0,4
2026-02-27,12,140185,64,153,237,Closed,Medium,Clean,False,0.6,Track 6,Standby,454,0,0,4
2026-02-27,13,189689,35,121,205,Open,Low,Clean,False,0.0,Track 11,Maintenance,361,0,1,4
2026-02-27,14,240973,40,19,259,Closed,Low,Scheduled,True,0.9,Track 1,Standby,318,0,0,4
2026-02-27,15,107586,87,167,118,Closed,High,Clean,False,0.8,Track 12,Standby,372,0,0,4
2026-02-27,16,137062,65,67,33,Closed,Medium,Clean,False,1.0,Track 3,Standby,165,0,0,4
2026-02-27,17,229707,86,67,331,Closed,Medium,Clean,False,1.4,Track 15,Standby,484,0,0,4
2026-02-27,18,106610,53,39,240,Closed,Medium,Clean,False,1.4,Track 3,Standby,332,0,0,4
2026-02-27,19,251830,4,19,177,Closed,High,Clean,False,1.0,Track 2,Standby,200,1,0,4
2026-02-27,20,203460,76,102,253,Open,Low,Clean,False,0.0,Track 7,Maintenance,431,0,1,4
2026-02-27,21,120460,32,160,30,Closed,Medium,Clean,False,11.4,Track 1,Inducted,222,0,0,4
2026-02-27,22,174672,18,119,298,Open,High,Clean,False,0.0,Track 14,Maintenance,435,0,1,4
2026-02-27,23,208372,65,164,108,Closed,High,Clean,False,13.3,Track 5,Inducted,337,0,0,4
2026-02-27,24,176837,59,43,357,Closed,Medium,Scheduled,True,0.6,Track 1,Standby,459,0,0,4
2026-02-27,25,121942,2,56,177,Closed,Low,Clean,False,1.2,Track 6,Standby,235,1,0,4
2026-02-28,1,185797,19,51,226,Closed,Low,Clean,False,0.9,Track 5,Standby,296,0,0,5
2026-02-28,2,159554,42,66,233,Closed,Low,Clean,False,9.9,Track 12,Inducted,341,0,0,5
2026-02-28,3,152100,74,163,297,Closed,Low,Clean,False,12.2,Track 13,Inducted,534,0,0,5
2026-02-28,4,163259,33,58,151,Closed,High,Clean,False,13.7,Track 15,Inducted,242,0,0,5
2026-02-28,5,210658,83,49,322,Closed,Medium,Clean,False,1.0,Track 1,Standby,454,0,0,5
2026-02-28,6,252652,30,168,156,Closed,Medium,Clean,False,12.7,Track 9,Inducted,354,0,0,5
2026-02-28,7,178518,82,77,142,Closed,High,Clean,False,1.4,Track 13,Standby,301,0,0,5
2026-02-28,8,248437,69,132,314,Open,High,Clean,False,0.0,Track 11,Maintenance,515,0,1,5
2026-02-28,9,233559,50,2,170,Closed,Medium,Clean,False,9.5,Track 14,Inducted,222,1,0,5
2026-02-28,10,244528,62,37,254,Closed,High,Scheduled,True,0.6,Track 11,Standby,353,0,0,5
2026-02-28,11,211394,84,159,188,Closed,Low,Clean,False,1.5,Track 6,Standby,431,0,0,5
2026-02-28,12,140194,63,152,236,Closed,Medium,Clean,False,0.8,Track 6,Standby,451,0,0,5
2026-02-28,13,189689,34,120,204,Open,Low,Clean,False,0.0,Track 3,Maintenance,358,0,1,5
2026-02-28,14,240973,39,18,258,Open,Low,Clean,False,0.0,Track 6,Maintenance,315,0,1,5
2026-02-28,15,107607,86,166,117,Closed,High,Clean,False,1.0,Track 15,Standby,369,0,0,5
2026-02-28,16,137530,64,66,32,Closed,Medium,Clean,False,10.6,Track 12,Inducted,162,0,0,5
2026-02-28,17,229707,85,66,330,Open,Medium,Clean,False,0.0,Track 5,Maintenance,481,0,1,5
2026-02-28,18,106655,52,38,239,Closed,Medium,Clean,False,0.6,Track 9,Standby,329,0,0,5
2026-02-28,19,252366,3,18,176,Closed,High,Clean,False,11.1,Track 6,Inducted,197,1,0,5
2026-02-28,20,203460,75,101,252,Open,Low,Clean,False,0.0,Track 3,Maintenance,428,0,1,5
2026-02-28,21,121048,31,159,29,Closed,Medium,Clean,False,8.1,Track 2,Inducted,219,0,0,5
2026-02-28,22,174675,17,118,297,Closed,High,Clean,False,1.2,Track 14,Standby,432,0,0,5
2026-02-28,23,208403,64,163,107,Closed,High,Clean,False,0.7,Track 13,Standby,334,0,0,5
2026-02-28,24,177291,58,42,356,Closed,Medium,Clean,False,12.8,Track 2,Inducted,456,0,0,5
2026-02-28,25,121943,1,55,176,Closed,Low,Clean,False,1.3,Track 2,Standby,232,1,0,5
2026-03-01,1,185797,18,50,225,Open,Low,Clean,False,0.0,Track 1,Maintenance,293,0,1,6
2026-03-01,2,159590,41,65,232,Closed,Low,Clean,False,1.3,Track 8,Standby,338,0,0,6
2026-03-01,3,152134,73,162,296,Closed,Low,Clean,False,1.5,Track 2,Standby,531,0,0,6
2026-03-01,4,163282,32,57,150,Closed,High,Clean,False,1.3,Track 8,Standby,239,0,0,6
2026-03-01,5,210694,82,48,321,Closed,Medium,Clean,False,1.1,Track 9,Standby,451,0,0,6
2026-03-01,6,252652,29,167,155,Open,Medium,Clean,False,0.0,Track 6,Maintenance,351,0,1,6
2026-03-01,7,178518,81,76,141,Open,High,Clean,False,0.0,Track 7,Maintenance,298,0,1,6
2026-03-01,8,248807,68,131,313,Closed,High,Clean,False,11.9,Track 10,Inducted,512,0,0,6
2026-03-01,9,233559,49,1,169,Open,Medium,Clean,False,0.0,Track 11,Maintenance,219,1,1,6
2026-03-01,10,244857,61,36,253,Closed,High,Clean,False,13.9,Track 6,Inducted,350,0,0,6
2026-03-01,11,211418,83,158,187,Closed,Low,Clean,False,1.4,Track 9,Standby,428,0,0,6
2026-03-01,12,140194,62,151,235,Open,Medium,Clean,False,0.0,Track 13,Maintenance,448,0,1,6
2026-03-01,13,190003,33,119,203,Closed,Low,Clean,False,12.3,Track 8,Inducted,355,0,0,6
2026-03-01,14,240973,38,17,257,Open,Low,Clean,False,0.0,Track 5,Maintenance,312,0,1,6
2026-03-01,15,107607,85,165,116,Open,High,Clean,False,0.0,Track 4,Maintenance,366,0,1,6
2026-03-01,16,137530,63,65,31,Open,Medium,Clean,False,0.0,Track 10,Maintenance,159,0,1,6
2026-03-01,17,230054,84,65,329,Closed,Medium,Clean,False,11.0,Track 1,Inducted,478,0,0,6
2026-03-01,18,107026,51,37,238,Closed,Medium,Clean,False,10.0,Track 1,Inducted,326,0,0,6
2026-03-01,19,252366,2,17,175,Open,High,Clean,False,0.0,Track 13,Maintenance,194,1,1,6
2026-03-01,20,203460,74,100,251,Open,Low,Clean,False,0.0,Track 1,Maintenance,425,0,1,6
2026-03-01,21,121407,30,158,28,Closed,Medium,Clean,False,9.0,Track 10,Inducted,216,0,0,6
2026-03-01,22,175081,16,117,296,Closed,High,Clean,False,10.9,Track 7,Inducted,429,0,0,6
2026-03-01,23,208403,63,162,106,Open,High,Clean,False,0.0,Track 14,Maintenance,331,0,1,6
2026-03-01,24,177310,57,41,355,Closed,Medium,Clean,False,0.8,Track 10,Standby,453,0,0,6
2026-03-01,25,121943,90,54,175,Open,Low,Clean,False,0.0,Track 13,Maintenance,319,0,1,6
2026-03-02,1,185797,17,49,224,Open,Low,Clean,False,0.0,Track 2,Maintenance,290,0,1,0
2026-03-02,2,159590,40,64,231,Open,Low,Clean,False,0.0,Track 6,Maintenance,335,0,1,0
2026-03-02,3,152134,72,161,295,Open,Low,Clean,False,0.0,Track 6,Maintenance,528,0,1,0
2026-03-02,4,163282,31,56,149,Open,High,Clean,False,0.0,Track 14,Maintenance,236,0,1,0
2026-03-02,5,211255,81,47,320,Closed,Medium,Clean,False,9.1,Track 8,Inducted,448,0,0,0
2026-03-02,6,252692,28,166,154,Closed,Medium,Clean,False,1.3,Track 11,Standby,348,0,0,0
2026-03-02,7,178561,80,75,140,Closed,High,Clean,False,0.8,Track 9,Standby,295,0,0,0
2026-03-02,8,248807,67,130,312,Open,High,Clean,False,0.0,Track 11,Maintenance,509,0,1,0
2026-03-02,9,234062,48,180,168,Closed,Medium,Clean,False,13.1,Track 7,Inducted,396,0,0,0
2026-03-02,10,244857,60,35,252,Open,High,Clean,False,0.0,Track 15,Maintenance,347,0,1,0
2026-03-02,11,211443,82,157,186,Closed,Low,Clean,False,1.2,Track 11,Standby,425,0,0,0
2026-03-02,12,140194,61,150,234,Open,Medium,Clean,False,0.0,Track 10,Maintenance,445,0,1,0
2026-03-02,13,190003,32,118,202,Open,Low,Clean,False,0.0,Track 9,Maintenance,352,0,1,0
2026-03-02,14,241406,37,16,256,Closed,Low,Clean,False,12.1,Track 13,Inducted,309,0,0,0
2026-03-02,15,107650,84,164,115,Closed,High,Clean,False,0.6,Track 14,Standby,363,0,0,0
2026-03-02,16,137530,62,64,30,Open,Medium,Clean,False,0.0,Track 15,Maintenance,156,0,1,0
2026-03-02,17,230459,83,64,328,Closed,Medium,Clean,False,13.9,Track 2,Inducted,475,0,0,0
2026-03-02,18,107454,50,36,237,Closed,Medium,Clean,False,12.8,Track 9,Inducted,323,0,0,0
2026-03-02,19,252399,1,16,174,Closed,High,Clean,False,1.0,Track 5,Standby,191,1,0,0
2026-03-02,20,203491,73,99,250,Closed,Low,Clean,False,1.2,Track 12,Standby,422,0,0,0
2026-03-02,21,121834,29,157,27,Closed,Medium,Clean,False,10.4,Track 8,Inducted,213,0,0,0
2026-03-02,22,175121,15,116,295,Closed,High,Clean,False,1.0,Track 11,Standby,426,0,0,0
2026-03-02,23,208403,62,161,105,Open,High,Clean,False,0.0,Track 14,Maintenance,328,0,1,0
2026-03-02,24,177884,56,40,354,Closed,Medium,Clean,False,9.0,Track 10,Inducted,450,0,0,0
2026-03-02,25,122319,89,53,174,Closed,Low,Clean,False,11.8,Track 12,Inducted,316,0,0,0
2026-03-03,1,185829,16,48,223,Closed,Low,Clean,False,1.2,Track 9,Standby,287,0,0,1
2026-03-03,2,159600,39,63,230,Closed,Low,Clean,False,1.3,Track 9,Standby,332,0,0,1
2026-03-03,3,152568,71,160,294,Closed,Low,Clean,False,8.0,Track 10,Inducted,525,0,0,1
2026-03-03,4,163639,30,55,148,Closed,High,Clean,False,9.7,Track 1,Inducted,233,0,0,1
2026-03-03,5,211287,80,46,319,Closed,Medium,Clean,False,0.7,Track 14,Standby,445,0,0,1
2026-03-03,6,252692,27,165,153,Open,Medium,Clean,False,0.0,Track 1,Maintenance,345,0,1,1
2026-03-03,7,179156,79,74,139,Closed,High,Clean,False,13.1,Track 7,Inducted,292,0,0,1
2026-03-03,8,248815,66,129,311,Closed,High,Clean,False,0.7,Track 5,Standby,506,0,0,1
2026-03-03,9,234091,47,179,167,Closed,Medium,Clean,False,1.4,Track 12,Standby,393,0,0,1
2026-03-03,10,245331,59,34,251,Closed,High,Clean,False,12.8,Track 8,Inducted,344,0,0,1
2026-03-03,11,211880,81,156,185,Closed,Low,Clean,False,10.1,Track 1,Inducted,422,0,0,1
2026-03-03,12,140194,60,149,233,Open,Medium,Clean,False,0.0,Track 10,Maintenance,442,0,1,1
2026-03-03,13,190346,31,117,201,Closed,Low,Clean,False,9.1,Track 5,Inducted,349,0,0,1
2026-03-03,14,241416,36,15,255,Closed,Low,Clean,False,0.7,Track 11,Standby,306,0,0,1
2026-03-03,15,107678,83,163,114,Closed,High,Clean,False,1.0,Track 8,Standby,360,0,0,1
2026-03-03,16,137530,61,63,29,Open,Medium,Clean,False,0.0,Track 6,Maintenance,153,0,1,1
2026-03-03,17,230489,82,63,327,Closed,Medium,Clean,False,0.8,Track 2,Standby,472,0,0,1
2026-03-03,18,107478,49,35,236,Closed,Medium,Clean,False,1.1,Track 5,Standby,320,0,0,1
2026-03-03,19,252709,90,15,173,Closed,High,Clean,False,8.6,Track 4,Inducted,278,0,0,1
2026-03-03,20,203505,72,98,249,Closed,Low,Clean,False,1.5,Track 3,Standby,419,0,0,1
2026-03-03,21,121870,28,156,26,Closed,Medium,Clean,False,0.8,Track 5,Standby,210,0,0,1
2026-03-03,22,175697,14,115,294,Closed,High,Clean,False,13.4,Track 6,Inducted,423,0,0,1
2026-03-03,23,208847,61,160,104,Closed,High,Clean,False,13.3,Track 2,Inducted,325,0,0,1
2026-03-03,24,177903,55,39,353,Closed,Medium,Clean,False,1.1,Track 6,Standby,447,0,0,1
2026-03-03,25,122894,88,52,173,Closed,Low,Clean,False,8.0,Track 12,Inducted,313,0,0,1
2026-03-04,1,185858,15,47,222,Closed,Low,Clean,False,0.5,Track 15,Standby,284,0,0,2
2026-03-04,2,159604,38,62,229,Closed,Low,Clean,False,0.6,Track 5,Standby,329,0,0,2
2026-03-04,3,153088,70,159,293,Closed,Low,Clean,False,11.4,Track 14,Inducted,522,0,0,2
2026-03-04,4,163639,29,54,147,Open,High,Clean,False,0.0,Track 8,Maintenance,230,0,1,2
2026-03-04,5,211289,79,45,318,Closed,Medium,Clean,False,1.4,Track 12,Standby,442,0,0,2
2026-03-04,6,253091,26,164,152,Closed,Medium,Clean,False,10.2,Track 5,Inducted,342,0,0,2
2026-03-04,7,179156,78,73,138,Open,High,Clean,False,0.0,Track 9,Maintenance,289,0,1,2
2026-03-04,8,248838,65,128,310,Closed,High,Clean,True,1.2,Track 12,Standby,503,0,0,2
2026-03-04,9,234127,46,178,166,Closed,Medium,Clean,False,0.6,Track 9,Standby,390,0,0,2
2026-03-04,10,245664,58,33,250,Closed,High,Clean,False,13.5,Track 10,Inducted,341,0,0,2
2026-03-04,11,211880,80,155,184,Open,Low,Clean,False,0.0,Track 11,Maintenance,419,0,1,2
2026-03-04,12,140216,59,148,232,Closed,Medium,Scheduled,True,1.2,Track 7,Standby,439,0,0,2
2026-03-04,13,190366,30,116,200,Closed,Low,Scheduled,True,1.2,Track 8,Standby,346,0,0,2
2026-03-04,14,241416,35,14,254,Open,Low,Clean,False,0.0,Track 5,Maintenance,303,0,1,2
2026-03-04,15,107717,82,162,113,Closed,High,Clean,False,0.6,Track 15,Standby,357,0,0,2
2026-03-04,16,137988,60,62,28,Closed,Medium,Clean,False,12.9,Track 2,Inducted,150,0,0,2
2026-03-04,17,230899,81,62,326,Closed,Medium,Clean,False,8.1,Track 15,Inducted,469,0,0,2
2026-03-04,18,107485,48,34,235,Closed,Medium,Clean,False,0.5,Track 13,Standby,317,0,0,2
2026-03-04,19,252719,89,14,172,Closed,High,Clean,False,0.7,Track 2,Standby,275,0,0,2
2026-03-04,20,203538,71,97,248,Closed,Low,Clean,False,0.7,Track 12,Standby,416,0,0,2
2026-03-04,21,121912,27,155,25,Closed,Medium,Clean,False,0.6,Track 14,Standby,207,0,0,2
2026-03-04,22,175732,13,114,293,Closed,High,Clean,False,1.2,Track 4,Standby,420,0,0,2
2026-03-04,23,208858,60,159,103,Closed,High,Clean,False,1.4,Track 3,Standby,322,0,0,2
2026-03-04,24,177903,54,38,352,Open,Medium,Clean,False,0.0,Track 1,Maintenance,444,0,1,2
2026-03-04,25,122900,87,51,172,Closed,Low,Clean,False,1.4,Track 2,Standby,310,0,0,2
2026-03-05,1,185886,14,46,221,Closed,Low,Clean,False,0.9,Track 9,Standby,281,0,0,3
2026-03-05,2,160001,37,61,228,Closed,Low,Clean,False,9.0,Track 12,Inducted,326,0,0,3
2026-03-05,3,153118,69,158,292,Closed,Low,Clean,False,1.4,Track 14,Standby,519,0,0,3
2026-03-05,4,163976,28,53,146,Closed,High,Clean,False,8.4,Track 5,Inducted,227,0,0,3
2026-03-05,5,211298,78,44,317,Closed,Medium,Clean,False,0.7,Track 6,Standby,439,0,0,3
2026-03-05,6,253138,25,163,151,Closed,Medium,Clean,False,1.4,Track 5,Standby,339,0,0,3
2026-03-05,7,179572,77,72,137,Closed,High,Clean,False,9.6,Track 9,Inducted,286,0,0,3
2026-03-05,8,248879,64,127,309,Closed,High,Scheduled,True,1.2,Track 2,Standby,500,0,0,3
2026-03-05,9,234135,45,177,165,Closed,Medium,Clean,False,0.8,Track 14,Standby,387,0,0,3
2026-03-05,10,245708,57,32,249,Closed,High,Clean,False,1.0,Track 10,Standby,338,0,0,3
2026-03-05,11,211888,79,154,183,Closed,Low,Clean,False,0.6,Track 12,Standby,416,0,0,3
2026-03-05,12,140216,58,147,231,Open,Medium,Clean,False,0.0,Track 3,Maintenance,436,0,1,3
2026-03-05,13,190381,29,115,199,Closed,Low,Clean,False,1.1,Track 12,Standby,343,0,0,3
2026-03-05,14,241449,34,13,253,Closed,Low,Clean,False,0.7,Track 8,Standby,300,0,0,3
2026-03-05,15,107739,81,161,112,Closed,High,Clean,False,0.9,Track 5,Standby,354,0,0,3
2026-03-05,16,138005,59,61,27,Closed,Medium,Clean,False,1.3,Track 2,Standby,147,0,0,3
2026-03-05,17,231260,80,61,325,Closed,Medium,Clean,False,8.4,Track 9,Inducted,466,0,0,3
2026-03-05,18,107485,47,33,234,Open,Medium,Clean,False,0.0,Track 7,Maintenance,314,0,1,3
2026-03-05,19,252763,88,13,171,Closed,High,Clean,False,1.4,Track 8,Standby,272,0,0,3
2026-03-05,20,203552,70,96,247,Closed,Low,Clean,False,1.3,Track 15,Standby,413,0,0,3
2026-03-05,21,121939,26,154,24,Closed,Medium,Clean,False,1.4,Track 6,Standby,204,0,0,3
2026-03-05,22,175732,12,113,292,Open,High,Clean,False,0.0,Track 14,Maintenance,417,0,1,3
2026-03-05,23,208894,59,158,102,Closed,High,Clean,False,1.5,Track 9,Standby,319,0,0,3
2026-03-05,24,177903,53,37,351,Open,Medium,Clean,False,0.0,Track 14,Maintenance,441,0,1,3
2026-03-05,25,123423,86,50,171,Closed,Low,Clean,False,11.6,Track 11,Inducted,307,0,0,3
2026-03-06,1,186412,13,45,220,Closed,Low,Clean,False,11.0,Track 10,Inducted,278,0,0,4
2026-03-06,2,160001,36,60,227,Open,Low,Clean,False,0.0,Track 2,Maintenance,323,0,1,4
2026-03-06,3,153118,68,157,291,Open,Low,Clean,False,0.0,Track 13,Maintenance,516,0,1,4
2026-03-06,4,164340,27,52,145,Closed,High,Clean,False,12.5,Track 12,Inducted,224,0,0,4
2026-03-06,5,211298,77,43,316,Open,Medium,Clean,False,0.0,Track 11,Maintenance,436,0,1,4
2026-03-06,6,253138,24,162,150,Open,Medium,Clean,False,0.0,Track 14,Maintenance,336,0,1,4
2026-03-06,7,179584,76,71,136,Closed,High,Clean,False,0.7,Track 2,Standby,283,0,0,4
2026-03-06,8,248911,63,126,308,Closed,High,Clean,False,1.3,Track 15,Standby,497,0,0,4
2026-03-06,9,234135,44,176,164,Open,Medium,Clean,False,0.0,Track 7,Maintenance,384,0,1,4
2026-03-06,10,246131,56,31,248,Closed,High,Clean,False,11.4,Track 12,Inducted,335,0,0,4
2026-03-06,11,211904,78,153,182,Closed,Low,Clean,False,0.8,Track 13,Standby,413,0,0,4
2026-03-06,12,140266,57,146,230,Closed,Medium,Clean,False,1.2,Track 2,Standby,433,0,0,4
2026-03-06,13,190725,28,114,198,Closed,Low,Clean,False,9.9,Track 10,Inducted,340,0,0,4
2026-03-06,14,241488,33,12,252,Closed,Low,Clean,False,1.5,Track 11,Standby,297,0,0,4
2026-03-06,15,108331,80,160,111,Closed,High,Clean,False,12.9,Track 3,Inducted,351,0,0,4
2026-03-06,16,138027,58,60,26,Closed,Medium,Clean,False,1.5,Track 15,Standby,144,0,0,4
2026-03-06,17,231751,79,60,324,Closed,Medium,Clean,False,11.5,Track 1,Inducted,463,0,0,4
2026-03-06,18,107915,46,32,233,Closed,Medium,Clean,False,8.5,Track 12,Inducted,311,0,0,4
2026-03-06,19,252763,87,12,170,Open,High,Clean,False,0.0,Track 11,Maintenance,269,0,1,4
2026-03-06,20,203595,69,95,246,Closed,Low,Clean,False,0.9,Track 4,Standby,410,0,0,4
2026-03-06,21,121964,25,153,23,Closed,Medium,Clean,False,1.0,Track 15,Standby,201,0,0,4
2026-03-06,22,175782,11,112,291,Closed,High,Clean,False,0.9,Track 6,Standby,414,0,0,4
2026-03-06,23,208925,58,157,101,Closed,High,Clean,False,0.6,Track 14,Standby,316,0,0,4
2026-03-06,24,177903,52,36,350,Open,Medium,Clean,False,0.0,Track 7,Maintenance,438,0,1,4
2026-03-06,25,123423,85,49,170,Open,Low,Clean,False,0.0,Track 11,Maintenance,304,0,1,4
2026-03-07,1,186736,12,44,219,Closed,Low,Clean,False,13.8,Track 4,Inducted,275,0,0,5
2026-03-07,2,160412,35,59,226,Closed,Low,Clean,False,11.5,Track 11,Inducted,320,0,0,5
2026-03-07,3,153639,67,156,290,Closed,Low,Clean,False,11.9,Track 10,Inducted,513,0,0,5
2026-03-07,4,164340,26,51,144,Closed,High,Clean,False,1.1,Track 12,Standby,221,0,0,5
2026-03-07,5,211320,76,42,315,Closed,Medium,Clean,True,1.0,Track 11,Standby,433,0,0,5
2026-03-07,6,253138,23,161,149,Open,Medium,Clean,False,0.0,Track 6,Maintenance,333,0,1,5
2026-03-07,7,179603,75,70,135,Closed,High,Clean,False,0.9,Track 14,Standby,280,0,0,5
2026-03-07,8,249404,62,125,307,Closed,High,Clean,False,13.1,Track 5,Inducted,494,0,0,5
2026-03-07,9,234176,43,175,163,Closed,Medium,Clean,True,1.2,Track 10,Standby,381,0,0,5
2026-03-07,10,246665,55,30,247,Closed,High,Clean,False,12.9,Track 5,Inducted,332,0,0,5
2026-03-07,11,211954,77,152,181,Closed,Low,Clean,False,1.5,Track 12,Standby,410,0,0,5
2026-03-07,12,140314,56,145,229,Closed,Medium,Clean,False,1.3,Track 11,Standby,430,0,0,5
2026-03-07,13,190745,27,113,197,Closed,Low,Clean,False,1.3,Track 11,Standby,337,0,0,5
2026-03-07,14,241488,32,11,251,Open,Low,Clean,False,0.0,Track 5,Maintenance,294,0,1,5
2026-03-07,15,108345,79,159,110,Closed,High,Clean,False,0.9,Track 15,Standby,348,0,0,5
2026-03-07,16,138603,57,59,25,Closed,Medium,Clean,False,10.7,Track 15,Inducted,141,0,0,5
2026-03-07,17,231772,78,59,323,Closed,Medium,Clean,False,0.5,Track 14,Standby,460,0,0,5
2026-03-07,18,107915,45,31,232,Open,Medium,Clean,False,0.0,Track 3,Maintenance,308,0,1,5
2026-03-07,19,252808,86,11,169,Closed,High,Clean,False,0.6,Track 13,Standby,266,0,0,5
2026-03-07,20,203915,68,94,245,Closed,Low,Clean,False,9.2,Track 15,Inducted,407,0,0,5
2026-03-07,21,121964,24,152,22,Open,Medium,Clean,False,0.0,Track 3,Maintenance,198,0,1,5
2026-03-07,22,176363,10,111,290,Closed,High,Clean,False,9.7,Track 7,Inducted,411,0,0,5
2026-03-07,23,209248,57,156,100,Closed,High,Clean,False,8.8,Track 3,Inducted,313,0,0,5
2026-03-07,24,177907,51,35,349,Closed,Medium,Clean,False,0.8,Track 7,Standby,435,0,0,5
2026-03-07,25,123878,84,48,169,Closed,Low,Clean,False,11.7,Track 9,Inducted,301,0,0,5
2026-03-08,1,186737,11,43,218,Closed,Low,Clean,False,0.6,Track 13,Standby,272,0,0,6
2026-03-08,2,160418,34,58,225,Closed,Low,Scheduled,True,1.0,Track 5,Standby,317,0,0,6
2026-03-08,3,153652,66,155,289,Closed,Low,Clean,False,0.7,Track 12,Standby,510,0,0,6
2026-03-08,4,164706,25,50,143,Closed,High,Clean,False,11.1,Track 4,Inducted,218,0,0,6
2026-03-08,5,211370,75,41,314,Closed,Medium,Scheduled,True,1.4,Track 11,Standby,430,0,0,6
2026-03-08,6,253172,22,160,148,Closed,Medium,Clean,False,0.6,Track 13,Standby,330,0,0,6
2026-03-08,7,179978,74,69,134,Closed,High,Clean,False,9.8,Track 7,Inducted,277,0,0,6
2026-03-08,8,249404,61,124,306,Open,High,Clean,False,0.0,Track 8,Maintenance,491,0,1,6
2026-03-08,9,234203,42,174,162,Closed,Medium,Scheduled,True,0.6,Track 7,Standby,378,0,0,6
2026-03-08,10,246714,54,29,246,Closed,High,Clean,False,0.6,Track 5,Standby,329,0,0,6
2026-03-08,11,211954,76,151,180,Open,Low,Clean,False,0.0,Track 4,Maintenance,407,0,1,6
2026-03-08,12,140727,55,144,228,Closed,Medium,Clean,False,11.5,Track 15,Inducted,427,0,0,6
2026-03-08,13,190770,26,112,196,Closed,Low,Clean,False,1.2,Track 5,Standby,334,0,0,6
2026-03-08,14,241488,31,10,250,Open,Low,Clean,False,0.0,Track 5,Maintenance,291,0,1,6
2026-03-08,15,108359,78,158,109,Closed,High,Clean,False,1.0,Track 2,Standby,345,0,0,6
2026-03-08,16,138641,56,58,24,Closed,Medium,Clean,False,0.8,Track 9,Standby,138,0,0,6
2026-03-08,17,231772,77,58,322,Open,Medium,Clean,False,0.0,Track 15,Maintenance,457,0,1,6
2026-03-08,18,107915,44,30,231,Open,Medium,Clean,False,0.0,Track 1,Maintenance,305,0,1,6
2026-03-08,19,253226,85,10,168,Closed,High,Clean,False,10.4,Track 10,Inducted,263,0,0,6
2026-03-08,20,204373,67,93,244,Closed,Low,Clean,False,11.6,Track 7,Inducted,404,0,0,6
2026-03-08,21,121965,23,151,21,Closed,Medium,Clean,False,1.3,Track 14,Standby,195,0,0,6
2026-03-08,22,176368,9,110,289,Closed,High,Clean,False,1.3,Track 5,Standby,408,0,0,6
2026-03-08,23,209252,56,155,99,Closed,High,Clean,False,1.4,Track 2,Standby,310,0,0,6
2026-03-08,24,177924,50,34,348,Closed,Medium,Clean,False,0.9,Track 5,Standby,432,0,0,6
2026-03-08,25,123878,83,47,168,Open,Low,Clean,False,0.0,Track 12,Maintenance,298,0,1,6
2026-03-09,1,186768,10,42,217,Closed,Low,Clean,False,1.3,Track 1,Standby,269,0,0,0
2026-03-09,2,160418,33,57,224,Open,Low,Clean,False,0.0,Track 10,Maintenance,314,0,1,0
2026-03-09,3,153661,65,154,288,Closed,Low,Clean,False,1.2,Track 3,Standby,507,0,0,0
2026-03-09,4,164708,24,49,142,Closed,High,Clean,False,1.3,Track 5,Standby,215,0,0,0
2026-03-09,5,211370,74,40,313,Open,Medium,Clean,False,0.0,Track 13,Maintenance,427,0,1,0
2026-03-09,6,253209,21,159,147,Closed,Medium,Scheduled,True,1.2,Track 13,Standby,327,0,0,0
2026-03-09,7,180496,73,68,133,Closed,High,Clean,False,13.9,Track 2,Inducted,274,0,0,0
2026-03-09,8,249404,60,123,305,Open,High,Clean,False,0.0,Track 12,Maintenance,488,0,1,0
2026-03-09,9,234752,41,173,161,Closed,Medium,Clean,False,10.8,Track 7,Inducted,375,0,0,0
2026-03-09,10,247023,53,28,245,Closed,High,Clean,False,11.7,Track 15,Inducted,326,0,0,0
2026-03-09,11,211960,75,150,179,Closed,Low,Clean,False,1.2,Track 1,Standby,404,0,0,0
2026-03-09,12,140756,54,143,227,Closed,Medium,Clean,False,1.0,Track 14,Standby,424,0,0,0
2026-03-09,13,191268,25,111,195,Closed,Low,Clean,False,12.1,Track 4,Inducted,331,0,0,0
2026-03-09,14,241495,30,9,249,Closed,Low,Clean,False,1.5,Track 9,Standby,288,0,0,0
2026-03-09,15,108696,77,157,108,Closed,High,Clean,False,13.9,Track 3,Inducted,342,0,0,0
2026-03-09,16,139141,55,57,23,Closed,Medium,Clean,False,12.7,Track 2,Inducted,135,0,0,0
2026-03-09,17,231772,76,57,321,Closed,Medium,Clean,False,1.3,Track 7,Standby,454,0,0,0
2026-03-09,18,108267,43,29,230,Closed,Medium,Clean,False,13.6,Track 3,Inducted,302,0,0,0
2026-03-09,19,253718,84,9,167,Closed,High,Clean,False,10.9,Track 6,Inducted,260,0,0,0
2026-03-09,20,204373,66,92,243,Open,Low,Clean,False,0.0,Track 11,Maintenance,401,0,1,0
2026-03-09,21,121965,22,150,20,Open,Medium,Clean,False,0.0,Track 10,Maintenance,192,0,1,0
2026-03-09,22,176388,8,109,288,Closed,High,Clean,False,0.7,Track 7,Standby,405,0,0,0
2026-03-09,23,209300,55,154,98,Closed,High,Clean,False,0.9,Track 6,Standby,307,0,0,0
2026-03-09,24,177924,49,33,347,Open,Medium,Clean,False,0.0,Track 1,Maintenance,429,0,1,0
2026-03-09,25,124289,82,46,167,Closed,Low,Clean,False,9.1,Track 13,Inducted,295,0,0,0
2026-03-10,1,187208,9,41,216,Closed,Low,Clean,False,12.2,Track 5,Inducted,266,0,0,1
2026-03-10,2,160460,32,56,223,Closed,Low,Clean,False,1.5,Track 9,Standby,311,0,0,1
2026-03-10,3,153661,64,153,287,Open,Low,Clean,False,0.0,Track 4,Maintenance,504,0,1,1
2026-03-10,4,164711,23,48,141,Closed,High,Clean,False,1.5,Track 14,Standby,212,0,0,1
2026-03-10,5,211382,73,39,312,Closed,Medium,Clean,False,0.5,Track 11,Standby,424,0,0,1
2026-03-10,6,253536,20,158,146,Closed,Medium,Clean,False,12.5,Track 4,Inducted,324,0,0,1
2026-03-10,7,181044,72,67,132,Closed,High,Clean,False,13.7,Track 8,Inducted,271,0,0,1
2026-03-10,8,249412,59,122,304,Closed,High,Clean,False,1.2,Track 11,Standby,485,0,0,1
2026-03-10,9,234778,40,172,160,Closed,Medium,Clean,False,1.2,Track 4,Standby,372,0,0,1
2026-03-10,10,247489,52,27,244,Closed,High,Clean,False,12.4,Track 11,Inducted,323,0,0,1
2026-03-10,11,211983,74,149,178,Closed,Low,Clean,False,1.1,Track 13,Standby,401,0,0,1
2026-03-10,12,141198,53,142,226,Closed,Medium,Clean,False,9.6,Track 3,Inducted,421,0,0,1
2026-03-10,13,191675,24,110,194,Closed,Low,Clean,False,13.9,Track 11,Inducted,328,0,0,1
2026-03-10,14,241495,29,8,248,Open,Low,Clean,False,0.0,Track 3,Maintenance,285,0,1,1
2026-03-10,15,108743,76,156,107,Closed,High,Clean,False,1.4,Track 3,Standby,339,0,0,1
2026-03-10,16,139536,54,56,22,Closed,Medium,Clean,False,11.5,Track 3,Inducted,132,0,0,1
2026-03-10,17,231807,75,56,320,Closed,Medium,Scheduled,True,1.2,Track 15,Standby,451,0,0,1
2026-03-10,18,108690,42,28,229,Closed,Medium,Clean,False,8.7,Track 11,Inducted,299,0,0,1
2026-03-10,19,254290,83,8,166,Closed,High,Clean,False,11.4,Track 15,Inducted,257,0,0,1
2026-03-10,20,204373,65,91,242,Open,Low,Scheduled,True,0.0,Track 7,Maintenance,398,0,1,1
2026-03-10,21,122450,21,149,19,Closed,Medium,Clean,False,12.7,Track 2,Inducted,189,0,0,1
2026-03-10,22,176414,7,108,287,Closed,High,Clean,False,0.7,Track 1,Standby,402,1,0,1
2026-03-10,23,209300,54,153,97,Open,High,Clean,False,0.0,Track 6,Maintenance,304,0,1,1
2026-03-10,24,178332,48,32,346,Closed,Medium,Clean,False,12.4,Track 3,Inducted,426,0,0,1
2026-03-10,25,124324,81,45,166,Closed,Low,Clean,False,1.5,Track 10,Standby,292,0,0,1
2026-03-11,1,187208,8,40,215,Open,Low,Clean,False,0.0,Track 13,Maintenance,263,0,1,2
2026-03-11,2,160829,31,55,222,Closed,Low,Clean,False,11.0,Track 12,Inducted,308,0,0,2
2026-03-11,3,153672,63,152,286,Closed,Low,Clean,False,1.2,Track 2,Standby,501,0,0,2
2026-03-11,4,164741,22,47,140,Closed,High,Clean,False,0.7,Track 11,Standby,209,0,0,2
2026-03-11,5,211382,72,38,311,Open,Medium,Clean,False,0.0,Track 8,Maintenance,421,0,1,2
2026-03-11,6,253565,19,157,145,Closed,Medium,Clean,False,1.1,Track 2,Standby,321,0,0,2
2026-03-11,7,181591,71,66,131,Closed,High,Clean,False,13.5,Track 2,Inducted,268,0,0,2
2026-03-11,8,249855,58,121,303,Closed,High,Clean,False,11.2,Track 4,Inducted,482,0,0,2
2026-03-11,9,234798,39,171,159,Closed,Medium,Clean,False,0.9,Track 10,Standby,369,0,0,2
2026-03-11,10,247489,51,26,243,Open,High,Clean,False,0.0,Track 6,Maintenance,320,0,1,2
2026-03-11,11,212541,73,148,177,Closed,Low,Clean,False,9.4,Track 14,Inducted,398,0,0,2
2026-03-11,12,141754,52,141,225,Closed,Medium,Clean,False,10.0,Track 7,Inducted,418,0,0,2
2026-03-11,13,191702,23,109,193,Closed,Low,Clean,False,1.3,Track 15,Standby,325,0,0,2
2026-03-11,14,241515,28,7,247,Closed,Low,Clean,False,0.8,Track 8,Standby,282,1,0,2
2026-03-11,15,108743,75,155,106,Open,High,Clean,False,0.0,Track 14,Maintenance,336,0,1,2
2026-03-11,16,139555,53,55,21,Closed,Medium,Clean,False,0.9,Track 11,Standby,129,0,0,2
2026-03-11,17,231857,74,55,319,Closed,Medium,Clean,False,0.7,Track 6,Standby,448,0,0,2
2026-03-11,18,109135,41,27,228,Closed,Medium,Clean,False,9.3,Track 14,Inducted,296,0,0,2
2026-03-11,19,254312,82,7,165,Closed,High,Clean,False,1.4,Track 7,Standby,254,1,0,2
2026-03-11,20,204391,64,90,241,Closed,Low,Scheduled,True,1.4,Track 6,Standby,395,0,0,2
2026-03-11,21,122450,20,148,18,Open,Medium,Clean,False,0.0,Track 1,Maintenance,186,0,1,2
2026-03-11,22,176414,6,107,286,Open,High,Clean,False,0.0,Track 15,Maintenance,399,1,1,2
2026-03-11,23,209673,53,152,96,Closed,High,Clean,False,11.4,Track 1,Inducted,301,0,0,2
2026-03-11,24,178332,47,31,345,Open,Medium,Clean,False,0.0,Track 14,Maintenance,423,0,1,2
2026-03-11,25,124324,80,44,165,Open,Low,Clean,False,0.0,Track 2,Maintenance,289,0,1,2
2026-03-12,1,187239,7,39,214,Closed,Low,Clean,False,0.7,Track 13,Standby,260,1,0,3
2026-03-12,2,160843,30,54,221,Closed,Low,Clean,False,0.6,Track 9,Standby,305,0,0,3
2026-03-12,3,153672,62,151,285,Open,Low,Clean,False,0.0,Track 10,Maintenance,498,0,1,3
2026-03-12,4,165043,21,46,139,Closed,High,Clean,False,11.6,Track 10,Inducted,206,0,0,3
2026-03-12,5,211870,71,37,310,Closed,Medium,Clean,False,8.4,Track 6,Inducted,418,0,0,3
2026-03-12,6,253581,18,156,144,Closed,Medium,Clean,False,1.1,Track 4,Standby,318,0,0,3
2026-03-12,7,182015,70,65,130,Closed,High,Clean,False,13.8,Track 10,Inducted,265,0,0,3
2026-03-12,8,250417,57,120,302,Closed,High,Clean,False,12.5,Track 14,Inducted,479,0,0,3
2026-03-12,9,234846,38,170,158,Closed,Medium,Clean,False,1.4,Track 3,Standby,366,0,0,3
2026-03-12,10,247489,50,25,242,Open,High,Clean,False,0.0,Track 2,Maintenance,317,0,1,3
2026-03-12,11,212541,72,147,176,Open,Low,Clean,False,0.0,Track 10,Maintenance,395,0,1,3
2026-03-12,12,141754,51,140,224,Closed,Medium,Clean,False,1.1,Track 12,Standby,415,0,0,3
2026-03-12,13,192289,22,108,192,Closed,Low,Clean,False,12.2,Track 6,Inducted,322,0,0,3
2026-03-12,14,241542,27,6,246,Closed,Low,Clean,False,1.1,Track 11,Standby,279,1,0,3
2026-03-12,15,109076,74,154,105,Closed,High,Clean,False,10.5,Track 7,Inducted,333,0,0,3
2026-03-12,16,140078,52,54,20,Closed,Medium,Clean,False,11.2,Track 15,Inducted,126,0,0,3
2026-03-12,17,231857,73,54,318,Open,Medium,Clean,False,0.0,Track 4,Maintenance,445,0,1,3
2026-03-12,18,109712,40,26,227,Closed,Medium,Clean,False,8.7,Track 13,Inducted,293,0,0,3
2026-03-12,19,254312,81,6,164,Open,High,Clean,False,0.0,Track 4,Maintenance,251,1,1,3
2026-03-12,20,204421,63,89,240,Closed,Low,Clean,False,0.8,Track 5,Standby,392,0,0,3
2026-03-12,21,122492,19,147,17,Closed,Medium,Clean,False,1.1,Track 4,Standby,183,0,0,3
2026-03-12,22,176952,5,106,285,Closed,High,Clean,False,8.8,Track 14,Inducted,396,1,0,3
2026-03-12,23,210167,52,151,95,Closed,High,Clean,False,9.2,Track 3,Inducted,298,0,0,3
2026-03-12,24,178724,46,30,344,Closed,Medium,Clean,False,12.4,Track 9,Inducted,420,0,0,3
2026-03-12,25,124658,79,43,164,Closed,Low,Clean,False,11.9,Track 3,Inducted,286,0,0,3
2026-03-13,1,187239,6,38,213,Open,Low,Clean,False,0.0,Track 9,Maintenance,257,1,1,4
2026-03-13,2,160877,29,53,220,Closed,Low,Clean,False,0.6,Track 12,Standby,302,0,0,4
2026-03-13,3,153672,61,150,284,Open,Low,Clean,False,0.0,Track 15,Maintenance,495,0,1,4
2026-03-13,4,165043,20,45,138,Open,High,Clean,False,0.0,Track 6,Maintenance,203,0,1,4
2026-03-13,5,212239,70,36,309,Closed,Medium,Clean,False,9.9,Track 2,Inducted,415,0,0,4
2026-03-13,6,253591,17,155,143,Closed,Medium,Clean,False,1.1,Track 8,Standby,315,0,0,4
2026-03-13,7,182015,69,64,129,Open,High,Clean,False,0.0,Track 6,Maintenance,262,0,1,4
2026-03-13,8,250789,56,119,301,Closed,High,Clean,False,12.5,Track 4,Inducted,476,0,0,4
2026-03-13,9,234846,37,169,157,Open,Medium,Clean,False,0.0,Track 15,Maintenance,363,0,1,4
2026-03-13,10,247897,49,24,241,Closed,High,Clean,False,12.6,Track 9,Inducted,314,0,0,4
2026-03-13,11,212541,71,146,175,Open,Low,Clean,False,0.0,Track 3,Maintenance,392,0,1,4
2026-03-13,12,141803,50,139,223,Closed,Medium,Clean,False,0.7,Track 2,Standby,412,0,0,4
2026-03-13,13,192308,21,107,191,Closed,Low,Clean,False,0.6,Track 12,Standby,319,0,0,4
2026-03-13,14,241573,26,5,245,Closed,Low,Clean,False,1.5,Track 12,Standby,276,1,0,4
2026-03-13,15,109108,73,153,104,Closed,High,Clean,False,0.9,Track 5,Standby,330,0,0,4
2026-03-13,16,140620,51,53,19,Closed,Medium,Clean,False,12.2,Track 6,Inducted,123,0,0,4
2026-03-13,17,231857,72,53,317,Open,Medium,Clean,False,0.0,Track 6,Maintenance,442,0,1,4
2026-03-13,18,109744,39,25,226,Closed,Medium,Clean,False,0.6,Track 1,Standby,290,0,0,4
2026-03-13,19,254334,80,5,163,Closed,High,Clean,False,1.2,Track 10,Standby,248,1,0,4
2026-03-13,20,204763,62,88,239,Closed,Low,Clean,False,12.4,Track 11,Inducted,389,0,0,4
2026-03-13,21,122522,18,146,16,Closed,Medium,Clean,False,0.6,Track 1,Standby,180,0,0,4
2026-03-13,22,177534,4,105,284,Closed,High,Clean,False,9.2,Track 6,Inducted,393,1,0,4
2026-03-13,23,210765,51,150,94,Closed,High,Clean,False,11.6,Track 3,Inducted,295,0,0,4
2026-03-13,24,178752,45,29,343,Closed,Medium,Clean,False,1.4,Track 7,Standby,417,0,0,4
2026-03-13,25,125150,78,42,163,Closed,Low,Clean,False,8.3,Track 8,Inducted,283,0,0,4
2026-03-14,1,187260,5,37,212,Closed,Low,Clean,False,0.6,Track 9,Standby,254,1,0,5
2026-03-14,2,160880,28,52,219,Closed,Low,Clean,False,0.6,Track 1,Standby,299,0,0,5
2026-03-14,3,154056,60,149,283,Closed,Low,Clean,False,11.8,Track 13,Inducted,492,0,0,5
2026-03-14,4,165458,19,44,137,Closed,High,Clean,False,10.6,Track 12,Inducted,200,0,0,5
2026-03-14,5,212572,69,35,308,Closed,Medium,Clean,False,9.7,Track 14,Inducted,412,0,0,5
2026-03-14,6,253591,16,154,142,Open,Medium,Clean,False,0.0,Track 8,Maintenance,312,0,1,5
2026-03-14,7,182528,68,63,128,Closed,High,Clean,False,11.1,Track 14,Inducted,259,0,0,5
2026-03-14,8,251104,55,118,300,Closed,High,Clean,False,9.3,Track 8,Inducted,473,0,0,5
2026-03-14,9,234846,36,168,156,Open,Medium,Clean,False,0.0,Track 5,Maintenance,360,0,1,5
2026-03-14,10,248356,48,23,240,Closed,High,Clean,False,9.3,Track 15,Inducted,311,0,0,5
2026-03-14,11,212541,70,145,174,Open,Low,Scheduled,True,0.0,Track 3,Maintenance,389,0,1,5
2026-03-14,12,141803,49,138,222,Open,Medium,Clean,False,0.0,Track 13,Maintenance,409,0,1,5
2026-03-14,13,192335,20,106,190,Closed,Low,Clean,False,0.7,Track 5,Standby,316,0,0,5
2026-03-14,14,242045,25,4,244,Closed,Low,Clean,False,13.1,Track 5,Inducted,273,1,0,5
2026-03-14,15,109134,72,152,103,Closed,High,Scheduled,True,1.0,Track 11,Standby,327,0,0,5
2026-03-14,16,141145,50,52,18,Closed,Medium,Clean,False,10.9,Track 14,Inducted,120,0,0,5
2026-03-14,17,232418,71,52,316,Closed,Medium,Clean,False,10.4,Track 8,Inducted,439,0,0,5
2026-03-14,18,109744,38,24,225,Open,Medium,Clean,False,0.0,Track 4,Maintenance,287,0,1,5
2026-03-14,19,254804,79,4,162,Closed,High,Clean,False,8.9,Track 5,Inducted,245,1,0,5
2026-03-14,20,204812,61,87,238,Closed,Low,Clean,False,1.2,Track 10,Standby,386,0,0,5
2026-03-14,21,122532,17,145,15,Closed,Medium,Clean,False,0.7,Track 12,Standby,177,0,0,5
2026-03-14,22,177540,3,104,283,Closed,High,Clean,False,1.2,Track 15,Standby,390,1,0,5
2026-03-14,23,211252,50,149,93,Closed,High,Clean,False,13.5,Track 7,Inducted,292,0,0,5
2026-03-14,24,178752,44,28,342,Open,Medium,Clean,False,0.0,Track 1,Maintenance,414,0,1,5
2026-03-14,25,125151,77,41,162,Closed,Low,Clean,False,0.5,Track 13,Standby,280,0,0,5
2026-03-15,1,187723,4,36,211,Closed,Low,Clean,False,8.5,Track 14,Inducted,251,1,0,6
2026-03-15,2,161469,27,51,218,Closed,Low,Clean,False,12.7,Track 1,Inducted,296,0,0,6
2026-03-15,3,154056,59,148,282,Open,Low,Clean,False,0.0,Track 14,Maintenance,489,0,1,6
2026-03-15,4,165923,18,43,136,Closed,High,Clean,False,10.5,Track 2,Inducted,197,0,0,6
2026-03-15,5,212613,68,34,307,Closed,Medium,Clean,False,0.6,Track 14,Standby,409,0,0,6
2026-03-15,6,253895,15,153,141,Closed,Medium,Clean,False,8.7,Track 15,Inducted,309,0,0,6
2026-03-15,7,182929,67,62,127,Closed,High,Clean,False,8.9,Track 15,Inducted,256,0,0,6
2026-03-15,8,251134,54,117,299,Closed,High,Clean,False,1.3,Track 3,Standby,470,0,0,6
2026-03-15,9,234848,35,167,155,Closed,Medium,Clean,False,0.9,Track 15,Standby,357,0,0,6
2026-03-15,10,248719,47,22,239,Closed,High,Clean,False,11.6,Track 12,Inducted,308,0,0,6
2026-03-15,11,212588,69,144,173,Closed,Low,Scheduled,True,1.4,Track 2,Standby,386,0,0,6
2026-03-15,12,141811,48,137,221,Closed,Medium,Clean,False,1.2,Track 7,Standby,406,0,0,6
2026-03-15,13,192335,19,105,189,Open,Low,Clean,False,0.0,Track 7,Maintenance,313,0,1,6
2026-03-15,14,242093,24,3,243,Closed,Low,Clean,False,0.7,Track 14,Standby,270,1,0,6
2026-03-15,15,109134,71,151,102,Open,High,Clean,False,0.0,Track 1,Maintenance,324,0,1,6
2026-03-15,16,141660,49,51,17,Closed,Medium,Clean,False,8.9,Track 3,Inducted,117,0,0,6
2026-03-15,17,232443,70,51,315,Closed,Medium,Clean,False,1.3,Track 8,Standby,436,0,0,6
2026-03-15,18,110272,37,23,224,Closed,Medium,Clean,False,9.5,Track 10,Inducted,284,0,0,6
2026-03-15,19,254804,78,3,161,Open,High,Clean,False,0.0,Track 4,Maintenance,242,1,1,6
2026-03-15,20,204812,60,86,237,Open,Low,Clean,False,0.0,Track 12,Maintenance,383,0,1,6
2026-03-15,21,122544,16,144,14,Closed,Medium,Clean,False,0.6,Track 12,Standby,174,0,0,6
2026-03-15,22,177562,2,103,282,Closed,High,Clean,False,1.0,Track 10,Standby,387,1,0,6
2026-03-15,23,211252,49,148,92,Open,High,Clean,False,0.0,Track 12,Maintenance,289,0,1,6
2026-03-15,24,178797,43,27,341,Closed,Medium,Clean,False,0.7,Track 12,Standby,411,0,0,6
2026-03-15,25,125151,76,40,161,Open,Low,Clean,False,0.0,Track 10,Maintenance,277,0,1,6
2026-03-16,1,187723,3,35,210,Open,Low,Clean,False,0.0,Track 15,Maintenance,248,1,1,0
2026-03-16,2,161873,26,50,217,Closed,Low,Clean,False,11.5,Track 13,Inducted,293,0,0,0
2026-03-16,3,154460,58,147,281,Closed,Low,Clean,False,13.5,Track 12,Inducted,486,0,0,0
2026-03-16,4,166319,17,42,135,Closed,High,Clean,False,10.4,Track 10,Inducted,194,0,0,0
2026-03-16,5,212613,67,33,306,Open,Medium,Clean,False,0.0,Track 13,Maintenance,406,0,1,0
2026-03-16,6,253928,14,152,140,Closed,Medium,Clean,False,1.5,Track 3,Standby,306,0,0,0
2026-03-16,7,183232,66,61,126,Closed,High,Clean,False,9.3,Track 12,Inducted,253,0,0,0
2026-03-16,8,251565,53,116,298,Closed,High,Clean,False,12.4,Track 11,Inducted,467,0,0,0
2026-03-16,9,235352,34,166,154,Closed,Medium,Clean,False,9.1,Track 8,Inducted,354,0,0,0
2026-03-16,10,248765,46,21,238,Closed,High,Clean,False,0.9,Track 13,Standby,305,0,0,0
2026-03-16,11,213123,68,143,172,Closed,Low,Clean,False,11.7,Track 9,Inducted,383,0,0,0
2026-03-16,12,141845,47,136,220,Closed,Medium,Clean,False,0.5,Track 11,Standby,403,0,0,0
2026-03-16,13,192364,18,104,188,Closed,Low,Clean,False,1.1,Track 14,Standby,310,0,0,0
2026-03-16,14,242140,23,2,242,Closed,Low,Clean,False,1.2,Track 15,Standby,267,1,0,0
2026-03-16,15,109134,70,150,101,Open,High,Clean,False,0.0,Track 3,Maintenance,321,0,1,0
2026-03-16,16,141660,48,50,16,Open,Medium,Clean,False,0.0,Track 1,Maintenance,114,0,1,0
2026-03-16,17,232895,69,50,314,Closed,Medium,Clean,False,10.0,Track 12,Inducted,433,0,0,0
2026-03-16,18,110320,36,22,223,Closed,Medium,Clean,False,0.8,Track 7,Standby,281,0,0,0
2026-03-16,19,254845,77,2,160,Closed,High,Clean,False,1.0,Track 3,Standby,239,1,0,0
2026-03-16,20,204845,59,85,236,Closed,Low,Clean,False,0.8,Track 2,Standby,380,0,0,0
2026-03-16,21,122544,15,143,13,Open,Medium,Clean,False,0.0,Track 3,Maintenance,171,0,1,0
2026-03-16,22,177920,1,102,281,Closed,High,Clean,False,12.3,Track 1,Inducted,384,1,0,0
2026-03-16,23,211809,48,147,91,Closed,High,Clean,False,10.7,Track 4,Inducted,286,0,0,0
2026-03-16,24,179133,42,26,340,Closed,Medium,Clean,False,8.1,Track 15,Inducted,408,0,0,0
2026-03-16,25,125170,75,39,160,Closed,Low,Clean,False,0.8,Track 15,Standby,274,0,0,0
